Order_ID,Order_Date,Processed_Date,Shipped_Date,Delivery_Date
1000,8/7/2025,8/8/2025,8/10/2025,8/13/2025
1001,8/16/2025,8/18/2025,8/22/2025,8/26/2025
1002,3/16/2025,3/18/2025,3/21/2025,3/23/2025
1003,8/24/2025,8/26/2025,8/29/2025,9/3/2025
1004,1/12/2025,1/14/2025,1/18/2025,1/20/2025
1005,7/6/2025,7/7/2025,7/10/2025,7/12/2025
1006,5/25/2025,5/27/2025,5/29/2025,6/1/2025
1007,2/27/2025,3/3/2025,3/7/2025,3/10/2025
1008,8/28/2025,9/1/2025,9/6/2025,9/11/2025
1009,6/24/2025,6/26/2025,6/28/2025,7/3/2025
1010,8/25/2025,8/26/2025,8/31/2025,9/4/2025
1011,7/21/2025,7/22/2025,7/26/2025,7/28/2025
1012,3/21/2025,3/23/2025,3/25/2025,3/28/2025
1013,9/22/2025,9/26/2025,9/29/2025,10/3/2025
1014,7/3/2025,7/4/2025,7/7/2025,7/12/2025
1015,9/28/2025,9/29/2025,10/2/2025,10/7/2025
1016,9/22/2025,9/26/2025,9/30/2025,10/6/2025
1017,6/28/2025,6/30/2025,7/2/2025,7/6/2025
1018,5/10/2025,5/13/2025,5/16/2025,5/19/2025
1019,1/24/2025,1/27/2025,1/31/2025,2/4/2025
1020,8/21/2025,8/24/2025,8/29/2025,9/1/2025
1021,5/12/2025,5/13/2025,5/17/2025,5/20/2025
1022,4/27/2025,4/29/2025,5/1/2025,5/4/2025
1023,2/15/2025,2/16/2025,2/18/2025,2/22/2025
1024,1/13/2025,1/14/2025,1/18/2025,1/22/2025
1025,7/11/2025,7/13/2025,7/16/2025,7/18/2025
1026,5/9/2025,5/11/2025,5/15/2025,5/17/2025
1027,9/7/2025,9/9/2025,9/12/2025,9/18/2025
1028,1/25/2025,1/26/2025,1/28/2025,2/1/2025
1029,2/1/2025,2/2/2025,2/5/2025,2/8/2025
1030,9/21/2025,9/24/2025,9/26/2025,9/30/2025
1031,3/18/2025,3/19/2025,3/22/2025,3/28/2025
1032,2/21/2025,2/23/2025,2/25/2025,3/1/2025
1033,5/2/2025,5/3/2025,5/6/2025,5/11/2025
1034,1/23/2025,1/25/2025,1/28/2025,1/30/2025
1035,3/14/2025,3/15/2025,3/18/2025,3/20/2025
1036,7/6/2025,7/8/2025,7/13/2025,7/19/2025
1037,9/12/2025,9/14/2025,9/16/2025,9/18/2025
1038,1/20/2025,1/22/2025,1/24/2025,1/30/2025
1039,6/16/2025,6/17/2025,6/20/2025,6/24/2025
1040,7/10/2025,7/11/2025,7/13/2025,7/15/2025
1041,1/13/2025,1/15/2025,1/17/2025,1/22/2025
1042,7/13/2025,7/16/2025,7/18/2025,7/23/2025
1043,4/28/2025,4/30/2025,5/2/2025,5/6/2025
1044,4/26/2025,4/27/2025,4/30/2025,5/4/2025
1045,4/17/2025,4/18/2025,4/22/2025,4/27/2025
1046,8/17/2025,8/20/2025,8/25/2025,8/28/2025
1047,8/19/2025,8/21/2025,8/24/2025,8/26/2025
1048,7/27/2025,7/28/2025,7/30/2025,8/3/2025
1049,2/18/2025,2/19/2025,2/21/2025,2/25/2025
1050,4/27/2025,4/28/2025,4/30/2025,5/2/2025
1051,9/25/2025,9/28/2025,10/1/2025,10/3/2025
1052,3/21/2025,3/23/2025,3/27/2025,3/31/2025
1053,2/17/2025,2/18/2025,2/22/2025,2/27/2025
1054,4/25/2025,4/28/2025,5/2/2025,5/6/2025
1055,7/21/2025,7/23/2025,7/28/2025,7/31/2025
1056,9/19/2025,9/21/2025,9/24/2025,9/26/2025
1057,4/3/2025,4/4/2025,4/7/2025,4/11/2025
1058,5/4/2025,5/6/2025,5/8/2025,5/10/2025
1059,3/25/2025,3/28/2025,3/31/2025,4/3/2025
1060,5/6/2025,5/9/2025,5/12/2025,5/14/2025
1061,7/19/2025,7/22/2025,7/25/2025,7/28/2025
1062,8/21/2025,8/22/2025,8/25/2025,8/29/2025
1063,6/3/2025,6/4/2025,6/8/2025,6/10/2025
1064,1/10/2025,1/12/2025,1/16/2025,1/18/2025
1065,4/6/2025,4/7/2025,4/10/2025,4/12/2025
1066,5/4/2025,5/5/2025,5/8/2025,5/11/2025
1067,2/8/2025,2/10/2025,2/13/2025,2/16/2025
1068,2/15/2025,2/17/2025,2/20/2025,2/25/2025
1069,8/9/2025,8/12/2025,8/16/2025,8/18/2025
1070,2/5/2025,2/7/2025,2/10/2025,2/12/2025
1071,7/8/2025,7/10/2025,7/15/2025,7/19/2025
1072,9/12/2025,9/15/2025,9/19/2025,9/21/2025
1073,8/1/2025,8/2/2025,8/4/2025,8/9/2025
1074,5/18/2025,5/21/2025,5/23/2025,5/26/2025
1075,4/2/2025,4/5/2025,4/10/2025,4/15/2025
1076,6/19/2025,6/20/2025,6/24/2025,6/26/2025
1077,6/8/2025,6/9/2025,6/13/2025,6/18/2025
1078,4/13/2025,4/14/2025,4/16/2025,4/18/2025
1079,8/13/2025,8/14/2025,8/17/2025,8/21/2025
1080,3/25/2025,3/27/2025,3/30/2025,4/3/2025
1081,2/25/2025,2/26/2025,3/2/2025,3/8/2025
1082,3/23/2025,3/27/2025,3/30/2025,4/2/2025
1083,5/2/2025,5/3/2025,5/5/2025,5/8/2025
1084,3/1/2025,3/2/2025,3/4/2025,3/10/2025
1085,9/6/2025,9/7/2025,9/10/2025,9/14/2025
1086,9/9/2025,9/12/2025,9/14/2025,9/17/2025
1087,3/13/2025,3/16/2025,3/18/2025,3/20/2025
1088,9/14/2025,9/15/2025,9/17/2025,9/21/2025
1089,3/9/2025,3/11/2025,3/14/2025,3/19/2025
1090,5/19/2025,5/21/2025,5/25/2025,5/27/2025
1091,2/15/2025,2/18/2025,2/20/2025,2/24/2025
1092,7/16/2025,7/17/2025,7/19/2025,7/25/2025
1093,3/24/2025,3/25/2025,3/28/2025,3/31/2025
1094,8/3/2025,8/6/2025,8/10/2025,8/12/2025
1095,9/24/2025,9/28/2025,10/2/2025,10/6/2025
1096,3/3/2025,3/5/2025,3/7/2025,3/11/2025
1097,4/20/2025,4/22/2025,4/26/2025,4/29/2025
1098,4/2/2025,4/4/2025,4/8/2025,4/14/2025
1099,5/18/2025,5/22/2025,5/25/2025,5/28/2025
1100,6/23/2025,6/24/2025,6/28/2025,7/4/2025
1101,7/18/2025,7/20/2025,7/24/2025,7/26/2025
1102,8/11/2025,8/15/2025,8/17/2025,8/22/2025
1103,7/7/2025,7/8/2025,7/13/2025,7/18/2025
1104,6/15/2025,6/16/2025,6/18/2025,6/20/2025
1105,4/12/2025,4/14/2025,4/17/2025,4/22/2025
1106,5/4/2025,5/8/2025,5/11/2025,5/14/2025
1107,9/24/2025,9/26/2025,9/28/2025,10/1/2025
1108,1/19/2025,1/22/2025,1/24/2025,1/26/2025
1109,8/15/2025,8/18/2025,8/22/2025,8/24/2025
1110,1/16/2025,1/20/2025,1/23/2025,1/27/2025
1111,8/21/2025,8/23/2025,8/26/2025,8/31/2025
1112,4/15/2025,4/18/2025,4/21/2025,4/23/2025
1113,9/14/2025,9/18/2025,9/22/2025,9/27/2025
1114,3/21/2025,3/25/2025,3/28/2025,3/31/2025
1115,9/6/2025,9/7/2025,9/10/2025,9/13/2025
1116,6/4/2025,6/8/2025,6/13/2025,6/17/2025
1117,1/4/2025,1/5/2025,1/9/2025,1/12/2025
1118,4/18/2025,4/22/2025,4/26/2025,5/2/2025
1119,6/9/2025,6/10/2025,6/14/2025,6/17/2025
1120,7/1/2025,7/4/2025,7/7/2025,7/10/2025
1121,2/6/2025,2/7/2025,2/10/2025,2/12/2025
1122,6/17/2025,6/18/2025,6/20/2025,6/25/2025
1123,6/1/2025,6/2/2025,6/5/2025,6/10/2025
1124,9/13/2025,9/16/2025,9/18/2025,9/21/2025
1125,6/16/2025,6/17/2025,6/20/2025,6/24/2025
1126,7/6/2025,7/8/2025,7/10/2025,7/13/2025
1127,4/24/2025,4/25/2025,4/28/2025,4/30/2025
1128,8/28/2025,8/29/2025,9/1/2025,9/3/2025
1129,7/24/2025,7/26/2025,7/28/2025,7/30/2025
1130,7/13/2025,7/15/2025,7/18/2025,7/20/2025
1131,3/5/2025,3/6/2025,3/10/2025,3/15/2025
1132,3/12/2025,3/16/2025,3/18/2025,3/23/2025
1133,1/28/2025,1/31/2025,2/4/2025,2/8/2025
1134,2/8/2025,2/10/2025,2/15/2025,2/20/2025
1135,8/28/2025,8/29/2025,9/1/2025,9/3/2025
1136,2/26/2025,2/28/2025,3/4/2025,3/9/2025
1137,4/17/2025,4/18/2025,4/20/2025,4/25/2025
1138,8/20/2025,8/22/2025,8/26/2025,8/29/2025
1139,1/15/2025,1/16/2025,1/18/2025,1/20/2025
1140,8/18/2025,8/19/2025,8/21/2025,8/24/2025
1141,4/2/2025,4/3/2025,4/5/2025,4/8/2025
1142,4/4/2025,4/6/2025,4/9/2025,4/13/2025
1143,6/7/2025,6/10/2025,6/14/2025,6/18/2025
1144,3/19/2025,3/21/2025,3/23/2025,3/25/2025
1145,3/27/2025,3/31/2025,4/5/2025,4/9/2025
1146,5/22/2025,5/25/2025,5/27/2025,5/29/2025
1147,6/2/2025,6/4/2025,6/6/2025,6/8/2025
1148,3/8/2025,3/10/2025,3/13/2025,3/16/2025
1149,1/8/2025,1/10/2025,1/12/2025,1/15/2025
1150,4/13/2025,4/15/2025,4/19/2025,4/22/2025
1151,6/12/2025,6/14/2025,6/18/2025,6/20/2025
1152,3/13/2025,3/15/2025,3/18/2025,3/22/2025
1153,6/28/2025,6/29/2025,7/2/2025,7/6/2025
1154,9/8/2025,9/9/2025,9/12/2025,9/15/2025
1155,7/17/2025,7/20/2025,7/23/2025,7/27/2025
1156,9/20/2025,9/24/2025,9/26/2025,10/1/2025
1157,3/16/2025,3/19/2025,3/24/2025,3/30/2025
1158,4/16/2025,4/18/2025,4/21/2025,4/25/2025
1159,6/6/2025,6/7/2025,6/10/2025,6/14/2025
1160,6/11/2025,6/14/2025,6/16/2025,6/18/2025
1161,2/11/2025,2/12/2025,2/15/2025,2/20/2025
1162,4/4/2025,4/5/2025,4/9/2025,4/14/2025
1163,4/8/2025,4/9/2025,4/12/2025,4/15/2025
1164,3/5/2025,3/6/2025,3/10/2025,3/13/2025
1165,9/7/2025,9/9/2025,9/12/2025,9/18/2025
1166,8/14/2025,8/16/2025,8/18/2025,8/23/2025
1167,3/27/2025,3/30/2025,4/2/2025,4/5/2025
1168,8/3/2025,8/7/2025,8/9/2025,8/14/2025
1169,5/16/2025,5/18/2025,5/21/2025,5/23/2025
1170,4/12/2025,4/14/2025,4/17/2025,4/20/2025
1171,6/23/2025,6/26/2025,6/29/2025,7/3/2025
1172,6/25/2025,6/27/2025,6/30/2025,7/4/2025
1173,7/11/2025,7/12/2025,7/15/2025,7/19/2025
1174,5/13/2025,5/15/2025,5/18/2025,5/21/2025
1175,3/5/2025,3/7/2025,3/11/2025,3/14/2025
1176,6/3/2025,6/6/2025,6/10/2025,6/13/2025
1177,4/8/2025,4/10/2025,4/13/2025,4/18/2025
1178,9/13/2025,9/16/2025,9/19/2025,9/22/2025
1179,7/21/2025,7/22/2025,7/25/2025,7/30/2025
1180,9/2/2025,9/3/2025,9/5/2025,9/8/2025
1181,1/19/2025,1/21/2025,1/24/2025,1/27/2025
1182,5/11/2025,5/13/2025,5/17/2025,5/20/2025
1183,9/15/2025,9/16/2025,9/18/2025,9/21/2025
1184,2/27/2025,3/2/2025,3/5/2025,3/8/2025
1185,4/7/2025,4/10/2025,4/13/2025,4/16/2025
1186,5/14/2025,5/16/2025,5/18/2025,5/23/2025
1187,6/18/2025,6/20/2025,6/24/2025,6/28/2025
1188,8/6/2025,8/7/2025,8/11/2025,8/16/2025
1189,9/20/2025,9/22/2025,9/25/2025,9/28/2025
1190,4/21/2025,4/22/2025,4/25/2025,4/27/2025
1191,8/14/2025,8/16/2025,8/18/2025,8/23/2025
1192,1/18/2025,1/19/2025,1/22/2025,1/27/2025
1193,4/27/2025,4/29/2025,5/2/2025,5/4/2025
1194,3/15/2025,3/16/2025,3/18/2025,3/23/2025
1195,4/9/2025,4/12/2025,4/15/2025,4/20/2025
1196,3/16/2025,3/17/2025,3/19/2025,3/24/2025
1197,3/1/2025,3/3/2025,3/7/2025,3/10/2025
1198,8/14/2025,8/15/2025,8/18/2025,8/20/2025
1199,1/25/2025,1/26/2025,1/28/2025,2/2/2025
1200,1/24/2025,1/26/2025,1/30/2025,2/4/2025
1201,1/7/2025,1/10/2025,1/13/2025,1/18/2025
1202,5/4/2025,5/5/2025,5/8/2025,5/10/2025
1203,9/6/2025,9/7/2025,9/10/2025,9/15/2025
1204,5/17/2025,5/20/2025,5/23/2025,5/28/2025
1205,5/27/2025,5/29/2025,6/2/2025,6/5/2025
1206,7/9/2025,7/13/2025,7/18/2025,7/20/2025
1207,5/3/2025,5/4/2025,5/7/2025,5/9/2025
1208,3/5/2025,3/9/2025,3/12/2025,3/15/2025
1209,3/3/2025,3/4/2025,3/7/2025,3/10/2025
1210,5/22/2025,5/24/2025,5/27/2025,5/29/2025
1211,8/22/2025,8/23/2025,8/25/2025,8/29/2025
1212,1/13/2025,1/15/2025,1/17/2025,1/20/2025
1213,2/9/2025,2/11/2025,2/14/2025,2/19/2025
1214,3/19/2025,3/20/2025,3/23/2025,3/28/2025
1215,5/20/2025,5/21/2025,5/24/2025,5/28/2025
1216,9/20/2025,9/21/2025,9/23/2025,9/28/2025
1217,7/26/2025,7/28/2025,8/1/2025,8/3/2025
1218,4/17/2025,4/19/2025,4/24/2025,4/26/2025
1219,6/4/2025,6/7/2025,6/11/2025,6/15/2025
1220,7/7/2025,7/9/2025,7/12/2025,7/14/2025
1221,5/16/2025,5/20/2025,5/24/2025,5/27/2025
1222,3/19/2025,3/20/2025,3/22/2025,3/25/2025
1223,8/4/2025,8/6/2025,8/9/2025,8/15/2025
1224,8/5/2025,8/8/2025,8/11/2025,8/14/2025
1225,3/21/2025,3/23/2025,3/26/2025,3/30/2025
1226,2/16/2025,2/18/2025,2/20/2025,2/25/2025
1227,1/27/2025,1/31/2025,2/2/2025,2/6/2025
1228,7/6/2025,7/7/2025,7/11/2025,7/15/2025
1229,2/12/2025,2/15/2025,2/17/2025,2/22/2025
1230,3/10/2025,3/12/2025,3/15/2025,3/17/2025
1231,3/25/2025,3/28/2025,3/31/2025,4/4/2025
1232,3/16/2025,3/19/2025,3/21/2025,3/25/2025
1233,5/4/2025,5/5/2025,5/8/2025,5/12/2025
1234,9/20/2025,9/22/2025,9/25/2025,9/30/2025
1235,4/6/2025,4/9/2025,4/11/2025,4/14/2025
1236,5/24/2025,5/25/2025,5/28/2025,5/30/2025
1237,3/8/2025,3/10/2025,3/14/2025,3/17/2025
1238,3/14/2025,3/16/2025,3/19/2025,3/21/2025
1239,6/24/2025,6/26/2025,6/29/2025,7/3/2025
1240,7/10/2025,7/11/2025,7/13/2025,7/17/2025
1241,6/21/2025,6/23/2025,6/27/2025,7/1/2025
1242,2/10/2025,2/11/2025,2/16/2025,2/20/2025
1243,9/6/2025,9/8/2025,9/10/2025,9/15/2025
1244,1/26/2025,1/27/2025,1/29/2025,2/2/2025
1245,2/25/2025,2/27/2025,3/2/2025,3/4/2025
1246,8/22/2025,8/23/2025,8/26/2025,8/28/2025
1247,4/1/2025,4/2/2025,4/6/2025,4/8/2025
1248,8/16/2025,8/17/2025,8/22/2025,8/26/2025
1249,1/19/2025,1/21/2025,1/24/2025,1/30/2025
1250,7/19/2025,7/20/2025,7/22/2025,7/27/2025
1251,4/25/2025,4/29/2025,5/2/2025,5/5/2025
