Employee ID,Date of Joining,Grade,Basic,HRA,Base Pay,Car Expenses,Bonus,Variable Pay,Total Pay,Zone,Lifetime Revenue
1,12/18/2022,M2,1000000,400000,1400000,20000,101882,121882,1521882,North,54787753
2,10/23/2024,M1,500000,200000,700000,0,49814,49814,749814,East,26993304
3,2/15/2012,M2,1000000,400000,1400000,20000,159745,179745,1579745,South,23696176
4,9/23/2021,M1,500000,200000,700000,0,40525,40525,740525,East,14810500
5,4/14/2012,M2,1000000,400000,1400000,20000,192500,212500,1612500,East,51600001
6,3/15/2020,M1,500000,200000,700000,0,93196,93196,793196,East,23795880
7,4/2/2012,M1,500000,200000,700000,0,44717,44717,744717,West,3723585
8,2/18/2023,M3,1500000,600000,2100000,40000,298616,338616,2438616,South,24386160
9,11/9/2020,M2,1000000,400000,1400000,20000,125197,145197,1545197,East,49446304
10,3/1/2015,M1,500000,200000,700000,0,72052,72052,772052,South,3860260
11,8/10/2020,M1,500000,200000,700000,0,78207,78207,778207,North,35019315
12,7/1/2017,M3,1500000,600000,2100000,40000,263521,303521,2403521,West,57684505
13,12/25/2020,M3,1500000,600000,2100000,40000,254996,294996,2394996,East,23949961
14,1/17/2016,M1,500000,200000,700000,0,79924,79924,779924,North,7799241
15,11/18/2019,M3,1500000,600000,2100000,40000,257226,297226,2397226,West,71916781
16,2/20/2014,M1,500000,200000,700000,0,112734,112734,812734,South,36573031
17,1/3/2024,M1,500000,200000,700000,0,44365,44365,744365,North,2977460
18,9/10/2025,M1,500000,200000,700000,0,83920,83920,783920,East,28221121
19,12/15/2011,M3,1500000,600000,2100000,40000,220220,260220,2360220,South,18881760
20,4/23/2024,M3,1500000,600000,2100000,40000,273300,313300,2413300,West,60332501
21,2/11/2018,M1,500000,200000,700000,0,65964,65964,765964,West,27574704
22,1/22/2025,M3,1500000,600000,2100000,40000,308823,348823,2448823,West,24488230
23,5/3/2022,M1,500000,200000,700000,0,60829,60829,760829,East,30433161
24,7/7/2012,M1,500000,200000,700000,0,72318,72318,772318,West,19307951
25,7/5/2016,M1,500000,200000,700000,0,91920,91920,791920,East,3167680
26,4/13/2025,M3,1500000,600000,2100000,40000,310484,350484,2450484,South,12252420
27,5/7/2011,M1,500000,200000,700000,0,55926,55926,755926,East,30237041
28,12/3/2011,M3,1500000,600000,2100000,40000,134241,174241,2274241,East,34113616
29,3/20/2014,M2,1000000,400000,1400000,20000,87932,107932,1507932,North,45237961
30,4/8/2017,M1,500000,200000,700000,0,111242,111242,811242,South,4056210
31,3/11/2011,M3,1500000,600000,2100000,40000,416466,456466,2556466,South,40903457
32,2/5/2021,M2,1000000,400000,1400000,20000,202537,222537,1622537,North,56788796
33,9/15/2013,M1,500000,200000,700000,0,116991,116991,816991,South,36764595
34,4/20/2020,M2,1000000,400000,1400000,20000,91148,111148,1511148,West,68001661
35,12/24/2013,M1,500000,200000,700000,0,89840,89840,789840,South,6318721
36,5/17/2010,M5,4000000,1600000,5600000,100000,692893,792893,6392893,North,63928931
37,10/19/2024,M1,500000,200000,700000,0,118887,118887,818887,South,29479932
38,6/9/2014,M2,1000000,400000,1400000,20000,159440,179440,1579440,South,31588801
39,3/7/2025,M1,500000,200000,700000,0,42595,42595,742595,West,29703800
40,11/10/2012,M2,1000000,400000,1400000,20000,177319,197319,1597319,West,15973191
41,3/15/2024,M1,500000,200000,700000,0,74740,74740,774740,East,18593761
42,9/6/2024,M3,1500000,600000,2100000,40000,189481,229481,2329481,East,46589621
43,8/13/2019,M1,500000,200000,700000,0,75998,75998,775998,North,3103993
44,9/25/2012,M1,500000,200000,700000,0,83033,83033,783033,West,11745496
45,10/24/2012,M1,500000,200000,700000,0,122026,122026,822026,South,24660781
46,2/19/2019,M2,1000000,400000,1400000,20000,109471,129471,1529471,East,38236775
47,1/7/2025,M1,500000,200000,700000,0,55339,55339,755339,West,26436865
48,3/19/2021,M5,4000000,1600000,5600000,100000,819063,919063,6519063,East,65190631
49,1/16/2011,M1,500000,200000,700000,0,96619,96619,796619,West,15932380
50,4/9/2018,M1,500000,200000,700000,0,42816,42816,742816,North,26741376
51,9/18/2015,M1,500000,200000,700000,0,99282,99282,799282,South,12788512
52,7/10/2012,M3,1500000,600000,2100000,40000,377146,417146,2517146,South,80548673
53,10/5/2012,M3,1500000,600000,2100000,40000,125497,165497,2265497,North,54371929
54,4/19/2025,M1,500000,200000,700000,0,46338,46338,746338,West,17912112
55,5/21/2023,M2,1000000,400000,1400000,20000,103911,123911,1523911,West,30478220
56,7/18/2012,M1,500000,200000,700000,0,87142,87142,787142,South,28337112
57,8/19/2019,M3,1500000,600000,2100000,40000,373431,413431,2513431,South,10053724
58,11/2/2018,M2,1000000,400000,1400000,20000,175677,195677,1595677,South,19148125
59,9/21/2025,M1,500000,200000,700000,0,118474,118474,818474,South,9821688
60,1/19/2021,M1,500000,200000,700000,0,76829,76829,776829,West,31073161
62,11/20/2020,M1,500000,200000,700000,0,76071,76071,776071,East,12417136
63,1/20/2016,M1,500000,200000,700000,0,84585,84585,784585,South,35306326
64,10/22/2017,M1,500000,200000,700000,0,50767,50767,750767,North,30030681
65,2/18/2016,M2,1000000,400000,1400000,20000,123013,143013,1543013,East,55548469
66,5/10/2021,M2,1000000,400000,1400000,20000,142367,162367,1562367,South,31247340
67,6/1/2013,M1,500000,200000,700000,0,96493,96493,796493,West,3982466
68,12/20/2021,M1,500000,200000,700000,0,135162,135162,835162,South,16703240
69,5/19/2013,M1,500000,200000,700000,0,128102,128102,828102,South,4140510
70,9/20/2013,M3,1500000,600000,2100000,40000,174856,214856,2314856,North,74075393
71,6/9/2010,M3,1500000,600000,2100000,40000,179585,219585,2319585,West,34793776
72,4/5/2022,M2,1000000,400000,1400000,20000,209938,229938,1629938,South,57047831
73,2/10/2012,M1,500000,200000,700000,0,44636,44636,744636,North,29785441
74,10/4/2013,M2,1000000,400000,1400000,20000,149235,169235,1569235,East,54923226
75,5/4/2013,M1,500000,200000,700000,0,43161,43161,743161,North,26753797
76,1/3/2015,M1,500000,200000,700000,0,68597,68597,768597,West,3842985
77,4/10/2024,M1,500000,200000,700000,0,38191,38191,738191,North,14763820
78,12/22/2020,M3,1500000,600000,2100000,40000,251754,291754,2391754,East,23917541
79,4/15/2015,M2,1000000,400000,1400000,20000,93502,113502,1513502,West,68107590
80,12/17/2010,M1,500000,200000,700000,0,50345,50345,750345,North,3751726
81,9/12/2013,M2,1000000,400000,1400000,20000,113404,133404,1533404,West,36801697
82,1/5/2016,M1,500000,200000,700000,0,51493,51493,751493,East,21041805
83,5/16/2012,M2,1000000,400000,1400000,20000,79240,99240,1499240,West,67465801
84,2/5/2019,M1,500000,200000,700000,0,81403,81403,781403,East,18753673
85,3/10/2014,M1,500000,200000,700000,0,101338,101338,801338,East,16026760
86,6/12/2022,M1,500000,200000,700000,0,66961,66961,766961,West,30678441
87,8/4/2012,M1,500000,200000,700000,0,60270,60270,760270,East,9123240
88,5/23/2014,M1,500000,200000,700000,0,64665,64665,764665,North,12234640
89,8/16/2011,M1,500000,200000,700000,0,44407,44407,744407,North,5955257
90,5/4/2021,M1,500000,200000,700000,0,69501,69501,769501,East,15390020
91,1/23/2017,M1,500000,200000,700000,0,72317,72317,772317,South,11584755
92,10/3/2016,M1,500000,200000,700000,0,62078,62078,762078,North,34293511
93,12/15/2014,M1,500000,200000,700000,0,64477,64477,764477,North,15289540
94,11/6/2010,M1,500000,200000,700000,0,76869,76869,776869,East,27190415
95,1/23/2018,M2,1000000,400000,1400000,20000,157935,177935,1577935,South,55227725
96,3/19/2011,M1,500000,200000,700000,0,95975,95975,795975,East,22287300
97,2/6/2015,M3,1500000,600000,2100000,40000,136052,176052,2276052,North,91042080
98,7/9/2018,M1,500000,200000,700000,0,38071,38071,738071,North,26570556
99,3/12/2024,M3,1500000,600000,2100000,40000,280476,320476,2420476,East,19363808
100,5/10/2013,M1,500000,200000,700000,0,66379,66379,766379,North,27589644
101,8/19/2016,M2,1000000,400000,1400000,20000,113707,133707,1533707,North,24539312
102,12/14/2011,M3,1500000,600000,2100000,40000,366521,406521,2506521,South,25065210
103,2/25/2022,M1,500000,200000,700000,0,129180,129180,829180,South,9950161
104,8/1/2024,M2,1000000,400000,1400000,20000,147964,167964,1567964,West,12543712
105,3/16/2019,M1,500000,200000,700000,0,77007,77007,777007,South,12432112
106,11/1/2018,M2,1000000,400000,1400000,20000,86018,106018,1506018,West,48192577
107,1/10/2017,M1,500000,200000,700000,0,133353,133353,833353,South,20833826
108,2/10/2020,M1,500000,200000,700000,0,110419,110419,810419,South,4052096
109,7/10/2011,M1,500000,200000,700000,0,86518,86518,786518,North,19662950
110,9/13/2011,M3,1500000,600000,2100000,40000,374561,414561,2514561,South,60349464
111,8/23/2022,M2,1000000,400000,1400000,20000,98792,118792,1518792,East,37969800
112,12/17/2010,M1,500000,200000,700000,0,79933,79933,779933,West,6239464
113,7/19/2024,M3,1500000,600000,2100000,40000,321379,361379,2461379,South,12306896
114,8/19/2020,M1,500000,200000,700000,0,72363,72363,772363,West,6178905
115,8/22/2013,M2,1000000,400000,1400000,20000,233372,253372,1653372,South,59521392
116,2/7/2018,M1,500000,200000,700000,0,70017,70017,770017,West,12320272
117,5/18/2024,M1,500000,200000,700000,0,71440,71440,771440,East,3857201
118,2/9/2021,M1,500000,200000,700000,0,75322,75322,775322,South,34889491
119,5/16/2021,M3,1500000,600000,2100000,40000,304499,344499,2444499,South,110002456
120,6/4/2010,M3,1500000,600000,2100000,40000,259928,299928,2399928,South,71997840
121,10/22/2011,M1,500000,200000,700000,0,62589,62589,762589,West,24402849
122,8/21/2023,M2,1000000,400000,1400000,20000,183816,203816,1603816,North,72171721
123,12/15/2023,M2,1000000,400000,1400000,20000,127948,147948,1547948,East,46438441
124,3/12/2024,M2,1000000,400000,1400000,20000,177338,197338,1597338,South,7986690
125,7/18/2013,M1,500000,200000,700000,0,65673,65673,765673,North,3828366
126,7/18/2021,M1,500000,200000,700000,0,86984,86984,786984,West,19674600
127,7/6/2019,M1,500000,200000,700000,0,53726,53726,753726,West,26380411
128,1/9/2013,M1,500000,200000,700000,0,39241,39241,739241,East,2956965
129,1/6/2025,M2,1000000,400000,1400000,20000,237325,257325,1657325,South,49719751
130,4/2/2017,M5,4000000,1600000,5600000,100000,763917,863917,6463917,East,96958755
131,6/13/2022,M3,1500000,600000,2100000,40000,259346,299346,2399346,North,67181688
132,6/23/2016,M3,1500000,600000,2100000,40000,156597,196597,2296597,North,103346865
133,1/8/2022,M2,1000000,400000,1400000,20000,275507,295507,1695507,South,33910141
134,5/20/2012,M3,1500000,600000,2100000,40000,201195,241195,2341195,North,58529876
135,9/10/2017,M1,500000,200000,700000,0,65031,65031,765031,East,15300620
136,5/9/2013,M1,500000,200000,700000,0,42850,42850,742850,West,22285500
137,11/18/2015,M2,1000000,400000,1400000,20000,139303,159303,1559303,West,70168636
138,2/11/2018,M3,1500000,600000,2100000,40000,236635,276635,2376635,West,47532701
139,10/11/2015,M1,500000,200000,700000,0,59708,59708,759708,North,22791241
140,7/6/2024,M1,500000,200000,700000,0,71428,71428,771428,East,23142841
141,12/2/2022,M3,1500000,600000,2100000,40000,289437,329437,2429437,South,36441556
142,5/22/2012,M1,500000,200000,700000,0,97097,97097,797097,West,3985485
143,4/10/2016,M1,500000,200000,700000,0,100408,100408,800408,West,22411425
144,6/18/2020,M3,1500000,600000,2100000,40000,206891,246891,2346891,North,56325384
145,9/16/2014,M1,500000,200000,700000,0,125908,125908,825908,South,9910897
146,6/2/2019,M1,500000,200000,700000,0,111704,111704,811704,South,19480897
147,7/13/2014,M1,500000,200000,700000,0,76850,76850,776850,East,3107400
148,7/5/2019,M2,1000000,400000,1400000,20000,113491,133491,1533491,North,61339640
149,12/25/2020,M2,1000000,400000,1400000,20000,183983,203983,1603983,East,40099575
150,8/25/2015,M3,1500000,600000,2100000,40000,361359,401359,2501359,South,50027181
151,10/7/2023,M3,1500000,600000,2100000,40000,227277,267277,2367277,West,71018310
152,5/2/2019,M3,1500000,600000,2100000,40000,198439,238439,2338439,East,70153170
153,10/3/2010,M1,500000,200000,700000,0,94714,94714,794714,West,7947141
154,11/11/2014,M3,1500000,600000,2100000,40000,165495,205495,2305495,West,34582426
155,9/14/2022,M3,1500000,600000,2100000,40000,196796,236796,2336796,North,84124657
156,6/6/2021,M1,500000,200000,700000,0,57113,57113,757113,West,34070086
157,11/6/2015,M2,1000000,400000,1400000,20000,118656,138656,1538656,East,24618496
158,3/16/2018,M1,500000,200000,700000,0,107935,107935,807935,South,12119025
159,11/24/2021,M1,500000,200000,700000,0,109129,109129,809129,South,22655613
160,5/10/2022,M1,500000,200000,700000,0,96484,96484,796484,North,23894520
161,11/12/2019,M1,500000,200000,700000,0,41097,41097,741097,West,17786329
162,4/6/2015,M1,500000,200000,700000,0,65024,65024,765024,West,26775841
163,5/1/2010,M1,500000,200000,700000,0,124683,124683,824683,South,20617076
164,9/13/2010,M1,500000,200000,700000,0,130888,130888,830888,South,4154441
165,9/8/2023,M3,1500000,600000,2100000,40000,232308,272308,2372308,North,23723080
166,7/8/2016,M1,500000,200000,700000,0,67527,67527,767527,North,30701080
167,6/16/2018,M1,500000,200000,700000,0,103881,103881,803881,East,25724193
168,1/23/2020,M1,500000,200000,700000,0,94130,94130,794130,South,12706081
169,11/9/2018,M1,500000,200000,700000,0,44347,44347,744347,East,18608675
170,8/21/2012,M2,1000000,400000,1400000,20000,162077,182077,1582077,North,56954773
171,7/20/2019,M1,500000,200000,700000,0,125092,125092,825092,South,19802208
172,1/5/2017,M2,1000000,400000,1400000,20000,164518,184518,1584518,South,12676145
173,3/16/2011,M1,500000,200000,700000,0,62332,62332,762332,West,6098657
174,8/24/2019,M1,500000,200000,700000,0,63367,63367,763367,East,18320808
175,2/17/2017,M1,500000,200000,700000,0,125073,125073,825073,South,24752190
176,1/16/2024,M1,500000,200000,700000,0,76855,76855,776855,South,3884276
177,10/9/2016,M4,2500000,1000000,3500000,60000,424311,484311,3984311,South,15937244
178,11/22/2015,M1,500000,200000,700000,0,79549,79549,779549,West,27284216
179,6/2/2022,M1,500000,200000,700000,0,112343,112343,812343,South,12997488
180,6/13/2022,M3,1500000,600000,2100000,40000,278745,318745,2418745,West,84656075
181,1/14/2020,M1,500000,200000,700000,0,86264,86264,786264,East,28305504
182,3/1/2016,M1,500000,200000,700000,0,78584,78584,778584,West,11678760
183,9/12/2019,M2,1000000,400000,1400000,20000,158261,178261,1578261,South,6313045
184,4/19/2014,M1,500000,200000,700000,0,79476,79476,779476,East,6235809
185,1/15/2013,M3,1500000,600000,2100000,40000,176219,216219,2316219,North,92648761
186,5/20/2012,M1,500000,200000,700000,0,97512,97512,797512,West,23925360
188,7/8/2021,M1,500000,200000,700000,0,91910,91910,791910,South,15838200
189,8/17/2011,M1,500000,200000,700000,0,54619,54619,754619,North,15092381
190,6/25/2018,M3,1500000,600000,2100000,40000,250208,290208,2390208,East,35853120
191,9/2/2015,M1,500000,200000,700000,0,70923,70923,770923,South,19273075
192,8/10/2015,M2,1000000,400000,1400000,20000,211821,231821,1631821,South,48954630
193,10/14/2022,M2,1000000,400000,1400000,20000,102495,122495,1522495,West,30449901
194,10/14/2017,M1,500000,200000,700000,0,54134,54134,754134,North,3770671
195,10/19/2018,M2,1000000,400000,1400000,20000,114495,134495,1534495,North,53707325
196,9/14/2018,M2,1000000,400000,1400000,20000,247886,267886,1667886,South,58376010
197,5/18/2015,M1,500000,200000,700000,0,55553,55553,755553,West,9066636
198,7/24/2012,M3,1500000,600000,2100000,40000,235868,275868,2375868,North,95034721
199,5/23/2025,M2,1000000,400000,1400000,20000,191297,211297,1611297,North,38671129
200,12/3/2020,M3,1500000,600000,2100000,40000,289964,329964,2429964,West,77758848
201,6/14/2023,M1,500000,200000,700000,0,69604,69604,769604,East,15392081
202,2/8/2013,M1,500000,200000,700000,0,38213,38213,738213,North,14764260
203,4/21/2025,M3,1500000,600000,2100000,40000,249371,289371,2389371,West,71681130
204,2/12/2015,M3,1500000,600000,2100000,40000,139303,179303,2279303,North,11396515
205,3/7/2024,M1,500000,200000,700000,0,64995,64995,764995,West,30599800
206,7/15/2012,M3,1500000,600000,2100000,40000,228901,268901,2368901,South,85280437
207,11/19/2017,M1,500000,200000,700000,0,89467,89467,789467,North,9473604
208,10/14/2015,M1,500000,200000,700000,0,75594,75594,775594,West,19389850
209,8/3/2010,M2,1000000,400000,1400000,20000,95870,115870,1515870,West,45476101
210,6/25/2018,M2,1000000,400000,1400000,20000,92407,112407,1512407,West,30248140
211,11/16/2020,M1,500000,200000,700000,0,101470,101470,801470,South,19235280
212,5/2/2024,M4,2500000,1000000,3500000,60000,238196,298196,3798196,West,132936861
213,1/5/2019,M3,1500000,600000,2100000,40000,201066,241066,2341066,North,28092793
214,12/17/2010,M3,1500000,600000,2100000,40000,112860,152860,2252860,North,67585801
215,5/3/2023,M3,1500000,600000,2100000,40000,174047,214047,2314047,West,27768565
216,7/2/2022,M2,1000000,400000,1400000,20000,143951,163951,1563951,North,31279020
217,4/5/2024,M1,500000,200000,700000,0,85078,85078,785078,West,6280625
218,7/6/2025,M2,1000000,400000,1400000,20000,232177,252177,1652177,South,39652248
219,10/14/2024,M2,1000000,400000,1400000,20000,105422,125422,1525422,East,54915192
220,1/4/2017,M1,500000,200000,700000,0,57342,57342,757342,East,18176208
221,3/11/2010,M1,500000,200000,700000,0,110726,110726,810726,South,4053630
222,12/24/2012,M3,1500000,600000,2100000,40000,180330,220330,2320330,North,83531881
223,8/25/2019,M3,1500000,600000,2100000,40000,201420,241420,2341420,North,70242600
224,1/1/2012,M3,1500000,600000,2100000,40000,313148,353148,2453148,South,39250368
225,8/19/2019,M1,500000,200000,700000,0,86073,86073,786073,South,23582190
226,8/19/2024,M1,500000,200000,700000,0,71761,71761,771761,North,3858805
227,3/21/2010,M1,500000,200000,700000,0,81656,81656,781656,West,11724840
228,5/12/2012,M1,500000,200000,700000,0,102721,102721,802721,South,28095235
229,2/10/2025,M1,500000,200000,700000,0,44410,44410,744410,West,29776400
230,8/17/2010,M1,500000,200000,700000,0,130825,130825,830825,South,9969900
231,4/13/2015,M3,1500000,600000,2100000,40000,311883,351883,2451883,North,49037660
232,3/5/2012,M1,500000,200000,700000,0,93518,93518,793518,South,7935180
233,4/16/2025,M1,500000,200000,700000,0,54284,54284,754284,East,18857100
234,7/9/2024,M1,500000,200000,700000,0,104310,104310,804310,South,28955160
235,1/15/2022,M2,1000000,400000,1400000,20000,71610,91610,1491610,West,5966440
236,1/5/2016,M3,1500000,600000,2100000,40000,248059,288059,2388059,South,107462655
237,3/9/2024,M2,1000000,400000,1400000,20000,100526,120526,1520526,East,60821041
238,2/15/2012,M2,1000000,400000,1400000,20000,99141,119141,1519141,West,36459385
239,2/7/2023,M1,500000,200000,700000,0,58481,58481,758481,North,11377215
240,10/6/2011,M1,500000,200000,700000,0,86955,86955,786955,South,35412975
241,3/14/2013,M3,1500000,600000,2100000,40000,391572,431572,2531572,South,75947161
242,1/2/2010,M1,500000,200000,700000,0,64258,64258,764258,West,30570320
243,6/24/2018,M1,500000,200000,700000,0,64701,64701,764701,West,11470515
244,11/13/2017,M2,1000000,400000,1400000,20000,228796,248796,1648796,South,19785553
245,1/11/2023,M1,500000,200000,700000,0,35587,35587,735587,East,23538784
246,1/19/2015,M1,500000,200000,700000,0,129997,129997,829997,South,20749925
247,12/15/2015,M5,4000000,1600000,5600000,100000,746750,846750,6446750,South,77361000
248,11/23/2013,M1,500000,200000,700000,0,111627,111627,811627,South,24348810
249,9/11/2013,M1,500000,200000,700000,0,80504,80504,780504,West,31220160
250,3/14/2018,M1,500000,200000,700000,0,100542,100542,800542,East,12008130
251,1/25/2014,M1,500000,200000,700000,0,63267,63267,763267,West,9159204
252,7/3/2015,M3,1500000,600000,2100000,40000,129512,169512,2269512,West,79432921
253,11/14/2014,M1,500000,200000,700000,0,35999,35999,735999,West,5887993
254,10/7/2014,M1,500000,200000,700000,0,96842,96842,796842,West,31873680
255,12/6/2021,M3,1500000,600000,2100000,40000,295881,335881,2435881,East,24358811
256,3/6/2019,M1,500000,200000,700000,0,103308,103308,803308,East,12852928
257,1/12/2022,M2,1000000,400000,1400000,20000,95527,115527,1515527,North,45465811
258,7/12/2020,M1,500000,200000,700000,0,56417,56417,756417,East,11346256
259,10/22/2012,M1,500000,200000,700000,0,44459,44459,744459,East,7444591
260,9/23/2014,M1,500000,200000,700000,0,41794,41794,741794,West,11868705
261,8/17/2011,M1,500000,200000,700000,0,70081,70081,770081,North,12321297
262,9/18/2015,M1,500000,200000,700000,0,127144,127144,827144,South,26468609
263,4/3/2021,M1,500000,200000,700000,0,73513,73513,773513,East,19337826
264,9/24/2012,M3,1500000,600000,2100000,40000,215196,255196,2355196,South,75366272
265,5/6/2017,M2,1000000,400000,1400000,20000,211677,231677,1631677,South,57108695
266,7/23/2019,M2,1000000,400000,1400000,20000,185449,205449,1605449,East,38530777
267,2/24/2023,M1,500000,200000,700000,0,79984,79984,779984,South,11699760
268,9/1/2011,M2,1000000,400000,1400000,20000,192397,212397,1612397,South,16123971
269,1/11/2015,M1,500000,200000,700000,0,81561,81561,781561,South,25009953
270,2/20/2011,M1,500000,200000,700000,0,131785,131785,831785,South,6654280
271,7/24/2019,M3,1500000,600000,2100000,40000,164430,204430,2304430,West,64524041
272,2/17/2018,M3,1500000,600000,2100000,40000,325773,365773,2465773,South,69041645
273,5/1/2015,M1,500000,200000,700000,0,80230,80230,780230,East,3901151
274,4/20/2024,M1,500000,200000,700000,0,55769,55769,755769,East,18894226
275,8/4/2019,M1,500000,200000,700000,0,62251,62251,762251,East,7622510
276,9/21/2019,M1,500000,200000,700000,0,87477,87477,787477,South,15749540
277,5/2/2016,M3,1500000,600000,2100000,40000,220019,260019,2360019,East,106200856
278,2/20/2015,M2,1000000,400000,1400000,20000,222434,242434,1642434,South,65697361
279,7/4/2023,M1,500000,200000,700000,0,121793,121793,821793,South,32871720
280,10/10/2018,M1,500000,200000,700000,0,100703,100703,800703,South,22419685
281,11/10/2017,M2,1000000,400000,1400000,20000,209577,229577,1629577,North,6518309
282,7/10/2019,M1,500000,200000,700000,0,60926,60926,760926,North,30437041
283,11/18/2022,M3,1500000,600000,2100000,40000,125493,165493,2265493,West,67964791
284,9/25/2018,M1,500000,200000,700000,0,61708,61708,761708,East,12187329
285,12/23/2012,M2,1000000,400000,1400000,20000,89845,109845,1509845,East,30196900
286,2/4/2018,M1,500000,200000,700000,0,68243,68243,768243,West,27656749
287,4/23/2021,M2,1000000,400000,1400000,20000,156275,176275,1576275,South,25220400
288,1/12/2024,M3,1500000,600000,2100000,40000,214258,254258,2354258,East,47085160
289,1/25/2025,M2,1000000,400000,1400000,20000,148110,168110,1568110,South,56451961
290,11/15/2011,M2,1000000,400000,1400000,20000,159709,179709,1579709,South,39492726
291,10/2/2021,M1,500000,200000,700000,0,90297,90297,790297,West,12644752
292,8/8/2015,M1,500000,200000,700000,0,68663,68663,768663,North,21522564
293,12/5/2024,M2,1000000,400000,1400000,20000,228580,248580,1648580,South,19782961
294,3/5/2021,M1,500000,200000,700000,0,107315,107315,807315,South,28256026
295,7/6/2021,M1,500000,200000,700000,0,72491,72491,772491,South,27809676
296,2/12/2012,M1,500000,200000,700000,0,57614,57614,757614,East,3788071
297,2/11/2022,M1,500000,200000,700000,0,61581,61581,761581,North,11423715
298,6/15/2020,M3,1500000,600000,2100000,40000,274275,314275,2414275,East,96571001
299,10/14/2011,M2,1000000,400000,1400000,20000,135405,155405,1555405,West,49772961
300,2/21/2021,M1,500000,200000,700000,0,117544,117544,817544,South,4087720
301,3/6/2024,M2,1000000,400000,1400000,20000,149697,169697,1569697,South,62787881
302,6/2/2016,M1,500000,200000,700000,0,100446,100446,800446,North,28015610
303,8/25/2019,M1,500000,200000,700000,0,39937,39937,739937,East,17758489
304,4/8/2011,M1,500000,200000,700000,0,100047,100047,800047,East,8000470
305,2/24/2015,M1,500000,200000,700000,0,78656,78656,778656,South,6229249
306,7/6/2017,M5,4000000,1600000,5600000,100000,466035,566035,6166035,East,215811225
307,11/11/2014,M4,2500000,1000000,3500000,60000,400089,460089,3960089,West,39600891
308,2/16/2012,M1,500000,200000,700000,0,96710,96710,796710,West,12747360
309,9/12/2021,M2,1000000,400000,1400000,20000,103764,123764,1523764,North,7618820
310,5/14/2023,M1,500000,200000,700000,0,94739,94739,794739,West,15894780
311,9/6/2011,M1,500000,200000,700000,0,78276,78276,778276,North,9339313
312,11/4/2014,M1,500000,200000,700000,0,70267,70267,770267,West,12324273
313,9/11/2023,M1,500000,200000,700000,0,92875,92875,792875,South,27750626
314,2/9/2011,M2,1000000,400000,1400000,20000,162084,182084,1582084,South,50626688
315,8/15/2025,M1,500000,200000,700000,0,92055,92055,792055,North,9504661
316,10/10/2023,M1,500000,200000,700000,0,83668,83668,783668,West,35265061
317,3/3/2016,M2,1000000,400000,1400000,20000,191432,211432,1611432,North,25782913
318,11/6/2022,M3,1500000,600000,2100000,40000,202038,242038,2342038,East,37472608
319,10/16/2019,M1,500000,200000,700000,0,69062,69062,769062,East,15381240
320,12/2/2021,M1,500000,200000,700000,0,71297,71297,771297,West,23138910
321,12/25/2014,M2,1000000,400000,1400000,20000,175596,195596,1595596,North,39889901
322,1/20/2015,M1,500000,200000,700000,0,52957,52957,752957,West,24094624
323,10/23/2015,M3,1500000,600000,2100000,40000,183456,223456,2323456,West,69703681
324,10/13/2013,M2,1000000,400000,1400000,20000,153037,173037,1573037,South,47191111
325,3/20/2022,M1,500000,200000,700000,0,71812,71812,771812,South,30872481
326,1/9/2018,M2,1000000,400000,1400000,20000,140785,160785,1560785,North,49945121
327,4/19/2025,M2,1000000,400000,1400000,20000,145193,165193,1565193,South,31303860
328,6/21/2012,M1,500000,200000,700000,0,129168,129168,829168,South,8291681
329,11/21/2017,M3,1500000,600000,2100000,40000,242888,282888,2382888,East,59572200
330,6/15/2020,M3,1500000,600000,2100000,40000,283051,323051,2423051,East,38768816
331,10/8/2019,M1,500000,200000,700000,0,115556,115556,815556,South,16311121
332,3/20/2025,M1,500000,200000,700000,0,105671,105671,805671,South,3222685
333,9/23/2023,M2,1000000,400000,1400000,20000,173510,193510,1593510,North,44618281
334,8/16/2010,M1,500000,200000,700000,0,36952,36952,736952,East,29478081
335,1/16/2015,M1,500000,200000,700000,0,63912,63912,763912,East,15278240
336,1/17/2021,M3,1500000,600000,2100000,40000,112591,152591,2252591,West,63072549
337,12/13/2010,M3,1500000,600000,2100000,40000,192956,232956,2332956,North,9331824
338,10/21/2012,M1,500000,200000,700000,0,93170,93170,793170,East,28554121
339,6/22/2023,M1,500000,200000,700000,0,92606,92606,792606,West,3170424
340,10/12/2022,M1,500000,200000,700000,0,104873,104873,804873,West,6438985
341,1/14/2021,M2,1000000,400000,1400000,20000,140379,160379,1560379,South,23405685
342,2/3/2023,M3,1500000,600000,2100000,40000,117825,157825,2257825,East,9031300
343,5/19/2024,M3,1500000,600000,2100000,40000,146373,186373,2286373,North,27436477
344,9/23/2022,M1,500000,200000,700000,0,97751,97751,797751,West,23932531
345,5/14/2025,M2,1000000,400000,1400000,20000,190449,210449,1610449,West,19325388
346,2/18/2013,M3,1500000,600000,2100000,40000,197243,237243,2337243,North,58431075
347,5/10/2017,M1,500000,200000,700000,0,46791,46791,746791,West,11948657
348,12/15/2013,M1,500000,200000,700000,0,94182,94182,794182,North,7941821
349,6/21/2011,M2,1000000,400000,1400000,20000,167159,187159,1587159,South,6348636
350,5/10/2021,M1,500000,200000,700000,0,60659,60659,760659,North,15213180
351,6/2/2011,M1,500000,200000,700000,0,128351,128351,828351,South,29820636
352,10/22/2010,M1,500000,200000,700000,0,46979,46979,746979,West,2987916
353,12/16/2016,M1,500000,200000,700000,0,41975,41975,741975,West,3709876
354,8/24/2013,M1,500000,200000,700000,0,127796,127796,827796,South,16555921
355,4/4/2022,M1,500000,200000,700000,0,60454,60454,760454,West,24334529
356,5/9/2015,M2,1000000,400000,1400000,20000,90249,110249,1510249,North,18122989
357,4/23/2015,M1,500000,200000,700000,0,109050,109050,809050,South,16181000
359,7/1/2016,M1,500000,200000,700000,0,95140,95140,795140,West,19878500
360,1/21/2025,M1,500000,200000,700000,0,120147,120147,820147,South,13122353
361,1/2/2012,M1,500000,200000,700000,0,42180,42180,742180,East,23749761
362,10/16/2011,M1,500000,200000,700000,0,103248,103248,803248,West,28916929
363,2/7/2012,M2,1000000,400000,1400000,20000,89214,109214,1509214,East,52822490
364,10/15/2018,M3,1500000,600000,2100000,40000,190481,230481,2330481,West,55931545
365,8/13/2013,M2,1000000,400000,1400000,20000,203561,223561,1623561,North,38965465
366,7/13/2020,M3,1500000,600000,2100000,40000,264889,304889,2404889,West,36073336
367,4/20/2017,M2,1000000,400000,1400000,20000,97719,117719,1517719,North,6070876
368,5/2/2021,M2,1000000,400000,1400000,20000,170009,190009,1590009,North,25440144
369,4/13/2014,M2,1000000,400000,1400000,20000,106168,126168,1526168,West,12209344
370,9/16/2012,M1,500000,200000,700000,0,44282,44282,744282,East,29771280
371,2/1/2025,M1,500000,200000,700000,0,97634,97634,797634,North,27917190
372,6/17/2018,M1,500000,200000,700000,0,46147,46147,746147,East,8953765
373,10/14/2017,M1,500000,200000,700000,0,35116,35116,735116,North,25729061
374,6/11/2011,M2,1000000,400000,1400000,20000,246004,266004,1666004,South,53312129
375,7/6/2022,M3,1500000,600000,2100000,40000,356975,396975,2496975,South,29963701
376,3/7/2024,M3,1500000,600000,2100000,40000,151302,191302,2291302,North,57282550
377,3/8/2014,M1,500000,200000,700000,0,72477,72477,772477,North,30899080
378,3/7/2018,M3,1500000,600000,2100000,40000,222214,262214,2362214,West,66141992
379,1/6/2012,M2,1000000,400000,1400000,20000,194272,214272,1614272,West,64570880
380,12/2/2021,M1,500000,200000,700000,0,92482,92482,792482,West,35661691
381,11/7/2019,M3,1500000,600000,2100000,40000,297209,337209,2437209,South,12186046
382,2/17/2020,M1,500000,200000,700000,0,91246,91246,791246,West,19781151
383,9/15/2017,M3,1500000,600000,2100000,40000,417051,457051,2557051,South,20456408
384,4/20/2011,M1,500000,200000,700000,0,85799,85799,785799,South,18859177
385,11/23/2022,M1,500000,200000,700000,0,110436,110436,810436,South,12156540
386,9/21/2022,M1,500000,200000,700000,0,73756,73756,773756,South,18570145
387,8/11/2021,M1,500000,200000,700000,0,90839,90839,790839,South,9490069
388,3/8/2024,M1,500000,200000,700000,0,77876,77876,777876,West,3111505
389,8/21/2018,M3,1500000,600000,2100000,40000,404834,444834,2544834,South,50896681
390,3/16/2022,M1,500000,200000,700000,0,85557,85557,785557,West,11783355
391,12/15/2020,M1,500000,200000,700000,0,84059,84059,784059,South,15681181
392,7/1/2012,M3,1500000,600000,2100000,40000,182754,222754,2322754,North,65037112
393,10/20/2013,M2,1000000,400000,1400000,20000,72483,92483,1492483,North,59699320
394,12/23/2017,M1,500000,200000,700000,0,57207,57207,757207,West,15144141
395,10/25/2014,M1,500000,200000,700000,0,47786,47786,747786,North,2991144
396,11/1/2023,M3,1500000,600000,2100000,40000,388533,428533,2528533,South,10114133
397,3/5/2011,M3,1500000,600000,2100000,40000,307164,347164,2447164,North,110122381
398,11/6/2013,M1,500000,200000,700000,0,63649,63649,763649,East,11454735
399,11/12/2013,M3,1500000,600000,2100000,40000,118521,158521,2258521,North,67755630
400,5/5/2018,M3,1500000,600000,2100000,40000,265072,305072,2405072,North,24050721
401,6/9/2014,M1,500000,200000,700000,0,96360,96360,796360,South,3185440
402,11/6/2019,M3,1500000,600000,2100000,40000,323933,363933,2463933,South,59134393
403,12/8/2018,M1,500000,200000,700000,0,63894,63894,763894,East,3055577
404,12/17/2018,M1,500000,200000,700000,0,80797,80797,780797,East,7807971
405,1/20/2016,M3,1500000,600000,2100000,40000,219571,259571,2359571,East,47191421
406,8/6/2012,M3,1500000,600000,2100000,40000,296192,336192,2436192,West,36542881
407,8/5/2022,M1,500000,200000,700000,0,38591,38591,738591,North,11078866
408,7/5/2020,M1,500000,200000,700000,0,58551,58551,758551,West,7585511
409,7/4/2019,M1,500000,200000,700000,0,35821,35821,735821,East,2943285
410,12/2/2020,M1,500000,200000,700000,0,89246,89246,789246,North,22098889
411,4/9/2021,M1,500000,200000,700000,0,99217,99217,799217,West,27972596
412,5/3/2025,M1,500000,200000,700000,0,65169,65169,765169,East,22955071
413,4/19/2023,M2,1000000,400000,1400000,20000,103107,123107,1523107,North,12184856
414,1/2/2018,M1,500000,200000,700000,0,75201,75201,775201,North,15504021
415,12/13/2015,M1,500000,200000,700000,0,85335,85335,785335,East,35340076
416,10/10/2011,M2,1000000,400000,1400000,20000,185736,205736,1605736,East,40143401
417,11/1/2020,M1,500000,200000,700000,0,128177,128177,828177,South,16563540
418,6/22/2025,M3,1500000,600000,2100000,40000,262860,302860,2402860,West,67280081
419,9/23/2017,M1,500000,200000,700000,0,44531,44531,744531,North,17868745
420,5/19/2018,M1,500000,200000,700000,0,90913,90913,790913,South,9490956
421,11/6/2014,M3,1500000,600000,2100000,40000,231425,271425,2371425,West,59285626
422,3/23/2018,M3,1500000,600000,2100000,40000,256388,296388,2396388,West,95855520
423,12/6/2024,M1,500000,200000,700000,0,94673,94673,794673,East,3178693
424,11/13/2011,M2,1000000,400000,1400000,20000,201976,221976,1621976,West,38927424
425,5/21/2019,M2,1000000,400000,1400000,20000,221420,241420,1641420,South,52525441
426,7/22/2020,M3,1500000,600000,2100000,40000,296441,336441,2436441,South,9745764
427,2/9/2025,M3,1500000,600000,2100000,40000,284114,324114,2424114,West,29089368
428,5/17/2020,M2,1000000,400000,1400000,20000,141691,161691,1561691,East,39042276
429,2/10/2020,M3,1500000,600000,2100000,40000,177266,217266,2317266,North,64883449
430,4/13/2017,M1,500000,200000,700000,0,90762,90762,790762,North,31630481
431,6/2/2024,M1,500000,200000,700000,0,90706,90706,790706,East,15814120
432,7/12/2015,M1,500000,200000,700000,0,136761,136761,836761,South,37654245
433,4/11/2012,M1,500000,200000,700000,0,83087,83087,783087,North,19577175
434,11/11/2022,M1,500000,200000,700000,0,91271,91271,791271,South,6330168
435,7/7/2011,M1,500000,200000,700000,0,136496,136496,836496,South,37642320
436,11/8/2016,M1,500000,200000,700000,0,77809,77809,777809,South,28001125
437,3/12/2020,M3,1500000,600000,2100000,40000,174887,214887,2314887,West,55557289
438,10/6/2017,M1,500000,200000,700000,0,78074,78074,778074,South,12449184
439,10/7/2022,M2,1000000,400000,1400000,20000,258197,278197,1678197,South,8390986
440,5/13/2011,M1,500000,200000,700000,0,86785,86785,786785,North,3147140
441,6/7/2015,M1,500000,200000,700000,0,66733,66733,766733,West,12267728
442,7/3/2021,M2,1000000,400000,1400000,20000,90241,110241,1510241,East,67960845
443,10/13/2020,M1,500000,200000,700000,0,95406,95406,795406,South,31816241
444,6/9/2025,M1,500000,200000,700000,0,83149,83149,783149,North,35241705
445,4/25/2017,M1,500000,200000,700000,0,130088,130088,830088,South,33203521
446,3/15/2021,M2,1000000,400000,1400000,20000,107430,127430,1527430,West,12219441
447,11/1/2012,M1,500000,200000,700000,0,60651,60651,760651,West,6085209
448,2/25/2024,M1,500000,200000,700000,0,106677,106677,806677,South,16133541
449,8/6/2013,M1,500000,200000,700000,0,86391,86391,786391,South,9436692
450,6/20/2017,M1,500000,200000,700000,0,45620,45620,745620,East,11184300
451,1/19/2022,M1,500000,200000,700000,0,57711,57711,757711,North,18185065
452,3/22/2018,M2,1000000,400000,1400000,20000,193217,213217,1613217,South,40330426
453,6/24/2019,M1,500000,200000,700000,0,92667,92667,792667,South,15853341
454,2/24/2017,M1,500000,200000,700000,0,101075,101075,801075,North,12016126
455,9/21/2011,M1,500000,200000,700000,0,101726,101726,801726,West,20043150
456,11/8/2019,M2,1000000,400000,1400000,20000,154318,174318,1574318,East,50378176
457,12/13/2017,M2,1000000,400000,1400000,20000,71116,91116,1491116,West,7455581
458,1/9/2012,M1,500000,200000,700000,0,75097,75097,775097,West,27903492
459,4/18/2021,M1,500000,200000,700000,0,56365,56365,756365,North,15127300
460,3/13/2024,M2,1000000,400000,1400000,20000,236163,256163,1656163,South,33123260
461,11/10/2024,M3,1500000,600000,2100000,40000,108787,148787,2248787,West,89951481
462,1/22/2024,M1,500000,200000,700000,0,91962,91962,791962,East,25342784
463,2/7/2015,M1,500000,200000,700000,0,123616,123616,823616,South,3294465
464,9/13/2016,M1,500000,200000,700000,0,96898,96898,796898,West,19922450
465,3/25/2017,M1,500000,200000,700000,0,60711,60711,760711,North,22821331
467,6/18/2015,M3,1500000,600000,2100000,40000,111876,151876,2251876,North,81067537
468,5/10/2016,M1,500000,200000,700000,0,74273,74273,774273,East,3097092
469,3/5/2014,M3,1500000,600000,2100000,40000,235901,275901,2375901,North,85532437
470,8/25/2021,M4,2500000,1000000,3500000,60000,440920,500920,4000920,West,100023000
471,4/8/2014,M1,500000,200000,700000,0,101531,101531,801531,North,20038276
472,11/19/2010,M2,1000000,400000,1400000,20000,145466,165466,1565466,West,31309320
473,2/22/2013,M1,500000,200000,700000,0,37644,37644,737644,East,26555184
474,1/4/2016,M1,500000,200000,700000,0,103286,103286,803286,South,16065721
475,4/8/2021,M2,1000000,400000,1400000,20000,184701,204701,1604701,East,57769237
476,4/23/2010,M1,500000,200000,700000,0,90313,90313,790313,South,28451269
477,10/10/2012,M2,1000000,400000,1400000,20000,191455,211455,1611455,South,6445821
478,11/16/2018,M1,500000,200000,700000,0,80369,80369,780369,North,18728856
479,8/6/2019,M1,500000,200000,700000,0,85887,85887,785887,East,9430644
480,11/3/2020,M3,1500000,600000,2100000,40000,238979,278979,2378979,West,85643245
481,7/22/2012,M1,500000,200000,700000,0,97561,97561,797561,West,11963415
482,1/17/2020,M2,1000000,400000,1400000,20000,124090,144090,1544090,East,61763601
483,2/3/2015,M1,500000,200000,700000,0,70334,70334,770334,South,3851670
484,2/2/2014,M3,1500000,600000,2100000,40000,255247,295247,2395247,North,107786115
485,2/12/2018,M2,1000000,400000,1400000,20000,79895,99895,1499895,West,7499475