Date,Stock Price,Index Price,Daily Return (Stock),Daily Return (Index)
12/31/2024,22.77,5881.63,0.007076515,-0.00428479
12/30/2024,22.61,5906.94,-0.010936133,-0.010702012
12/27/2024,22.86,5970.84,-0.004355401,-0.011055736
12/26/2024,22.96,6037.59,0.00043573,-0.000405626
12/24/2024,22.95,6040.04,0.004816112,0.011042723
12/23/2024,22.84,5974.07,0.003956044,0.00728732
12/20/2024,22.75,5930.85,0.007975188,0.010869121
12/19/2024,22.57,5867.08,0.004003559,-0.000865099
12/18/2024,22.48,5872.16,-0.015330705,-0.029492894
12/17/2024,22.83,6050.61,-0.000437828,-0.00386396
12/16/2024,22.84,6074.08,-0.033432078,0.003799315
12/13/2024,23.63,6051.09,0.011558219,-2.64408E-05
12/12/2024,23.36,6051.25,-0.005110733,-0.005414032
12/11/2024,23.48,6084.19,-0.001276053,0.008165822
12/10/2024,23.51,6034.91,0.005990586,-0.002963893
12/9/2024,23.37,6052.85,-0.021356784,-0.006144227
12/6/2024,23.88,6090.27,0.002098196,0.002495428
12/5/2024,23.83,6075.11,0.012749681,-0.001869715
12/4/2024,23.53,6086.49,-0.00884583,0.00605136
12/3/2024,23.74,6049.88,0.045814978,0.000451452
12/2/2024,22.7,6047.15,-0.019861831,0.002448453
11/29/2024,23.16,6032.38,-0.004727116,0.005607844
11/27/2024,23.27,5998.74,0.007795583,-0.003801296
11/26/2024,23.09,6021.63,-0.0004329,0.005722045
11/25/2024,23.1,5987.37,-0.003451251,0.003020434
11/22/2024,23.18,5969.34,0.00870322,0.003467979
11/21/2024,22.98,5948.71,0.006570302,0.005340445
11/20/2024,22.83,5917.11,0.004399472,2.19707E-05
11/19/2024,22.73,5916.98,-0.011309265,0.003963608
11/18/2024,22.99,5893.62,0.01366843,0.003917814
11/15/2024,22.68,5870.62,0.019325843,-0.013203523
11/14/2024,22.25,5949.17,-0.002242152,-0.006049741
11/13/2024,22.3,5985.38,0.006772009,0.000232286
11/12/2024,22.15,5983.99,-0.007171672,-0.002892682
11/11/2024,22.31,6001.35,-0.001342883,0.000969054
11/8/2024,22.34,5995.54,0.013611615,0.003756843
11/7/2024,22.04,5973.1,-0.012544803,0.00743122
11/6/2024,22.32,5929.04,0.012244898,0.025295879
11/5/2024,22.05,5782.76,0.005930657,0.012265675
11/4/2024,21.92,5712.69,-0.009041591,-0.002812107
11/1/2024,22.12,5728.8,-0.01863354,0.004092578
10/31/2024,22.54,5705.45,0.023614896,-0.018614748
10/30/2024,22.02,5813.67,-0.007213706,-0.003300234
10/29/2024,22.18,5832.92,0.003165988,0.001614144
10/28/2024,22.11,5823.52,0.012826386,0.00265146
10/25/2024,21.83,5808.12,-0.016666667,-0.000299491
10/24/2024,22.2,5809.86,-0.01289462,0.002145782
10/23/2024,22.49,5797.42,0.046046512,-0.009191277
10/22/2024,21.5,5851.2,-0.007386888,-0.000474891
10/21/2024,21.66,5853.98,-0.008695652,-0.001822779
10/18/2024,21.85,5864.67,0.005522319,0.003971603
10/17/2024,21.73,5841.47,0.000921234,-0.00017116
10/16/2024,21.71,5842.47,0.009298001,0.004679069
10/15/2024,21.51,5815.26,0.011759172,-0.00760941
10/14/2024,21.26,5859.85,-0.005147403,0.007707613
10/11/2024,21.37,5815.03,0.007068803,0.006051851
10/10/2024,21.22,5780.05,-0.032375741,-0.002070082
10/9/2024,21.93,5792.04,0.003202196,0.007113385
10/8/2024,21.86,5751.13,0.003673095,0.009689358
10/7/2024,21.78,5695.94,-0.005933364,-0.009586042
10/4/2024,21.91,5751.07,-0.006349206,0.00897027
10/3/2024,22.05,5699.94,-0.006309148,-0.001681396
10/2/2024,22.19,5709.54,0.002711252,0.000138384
10/1/2024,22.13,5708.75,0.005909091,-0.00932411
9/30/2024,22,5762.48,0.00456621,0.004236542
9/27/2024,21.9,5738.17,0.011547344,-0.001253183
9/26/2024,21.65,5745.37,0.004174397,0.004038614
9/25/2024,21.56,5722.26,-0.001389532,-0.001861177
9/24/2024,21.59,5732.93,0.004653327,0.002511117
9/23/2024,21.49,5718.57,-0.002321263,0.00280927
9/20/2024,21.54,5702.55,0.008426966,-0.001940969
9/19/2024,21.36,5713.64,-0.017027151,0.016976786
9/18/2024,21.73,5618.26,-0.002295684,-0.0028964
9/17/2024,21.78,5634.58,-0.022002694,0.000264508
9/16/2024,22.27,5633.09,0.029112754,0.001256661
9/13/2024,21.64,5626.02,0.002315887,0.005407666
9/12/2024,21.59,5595.76,0.006526807,0.007495323
9/11/2024,21.45,5554.13,-0.011976048,0.010665051
9/10/2024,21.71,5495.52,0.009767442,0.004472633
9/9/2024,21.5,5471.05,0.025274201,0.011580092
9/6/2024,20.97,5408.42,0.015496368,-0.017260208
9/5/2024,20.65,5503.41,0.003889159,-0.003018078
9/4/2024,20.57,5520.07,0.006852668,-0.00160248
9/3/2024,20.43,5528.93,0.026633166,-0.021151122
8/30/2024,19.9,5648.4,0.00708502,0.010093062
8/29/2024,19.76,5591.96,-0.003027245,-3.93407E-05
8/28/2024,19.82,5592.18,0.008651399,-0.005976039
8/27/2024,19.65,5625.8,-0.005566802,0.001595203
8/26/2024,19.76,5616.84,0.001520527,-0.003153723
8/23/2024,19.73,5634.61,0.011276269,0.01148342
8/22/2024,19.51,5570.64,-0.001535312,-0.008932813
8/21/2024,19.54,5620.85,0.002565418,0.00423968
8/20/2024,19.49,5597.12,0,-0.001984576
8/19/2024,19.49,5608.25,0.007755946,0.009722285
8/16/2024,19.34,5554.25,0.013095862,0.001989818
8/15/2024,19.09,5543.22,-0.027508915,0.016133201
8/14/2024,19.63,5455.21,0.005635246,0.003823768
8/13/2024,19.52,5434.43,0.004632012,0.016847573
8/12/2024,19.43,5344.39,-0.003078502,4.30376E-05
8/9/2024,19.49,5344.16,0.004639175,0.004671659
8/8/2024,19.4,5319.31,0.007792208,0.0230426
8/7/2024,19.25,5199.5,0.003126628,-0.007734689
8/6/2024,19.19,5240.03,0.01480698,0.010354143
8/5/2024,18.91,5186.33,-0.023748064,-0.029968802
8/2/2024,19.37,5346.56,-0.005136107,-0.01838184
8/1/2024,19.47,5446.68,0.011428571,-0.01369357
7/31/2024,19.25,5522.3,0.014225501,0.015793424
7/30/2024,18.98,5436.44,0.004232804,-0.004960154
7/29/2024,18.9,5463.54,-0.005786428,0.000813321
7/26/2024,19.01,5459.1,-0.009379885,0.011090491
7/25/2024,19.19,5399.22,0.001565762,-0.005142681
7/24/2024,19.16,5427.13,0.052169138,-0.023149031
7/23/2024,18.21,5555.74,-0.018328841,-0.001558117
7/22/2024,18.55,5564.41,-0.029811715,0.010792007
7/19/2024,19.12,5505,-0.00156658,-0.007140294
7/18/2024,19.15,5544.59,-0.000521921,-0.007816373
7/17/2024,19.16,5588.27,0.016445623,-0.013927513
7/16/2024,18.85,5667.2,0.014531755,0.006389379
7/15/2024,18.58,5631.22,-0.012227539,0.002826182
7/12/2024,18.81,5615.35,-0.002651113,0.005517017
7/11/2024,18.86,5584.54,0.006403415,-0.008763008
7/10/2024,18.74,5633.91,-0.003191489,0.010208034
7/9/2024,18.8,5576.98,-0.000531632,0.000741093
7/8/2024,18.81,5572.85,0.00213106,0.001016671
7/5/2024,18.77,5567.19,0.004817987,0.005448779
7/3/2024,18.68,5537.02,-0.007438895,0.005084398
7/2/2024,18.82,5509.01,-0.008429926,0.006195332
7/1/2024,18.98,5475.09,-0.006802721,0.002675589
6/28/2024,19.11,5460.48,0.0192,-0.004083628
6/27/2024,18.75,5482.87,-0.000533049,0.000907282
6/26/2024,18.76,5477.9,0.003745318,0.001572413
6/25/2024,18.69,5469.3,0.002144772,0.003933647
6/24/2024,18.65,5447.87,0.013586957,-0.003065172
6/21/2024,18.4,5464.62,0.016013252,-0.001562166
6/20/2024,18.11,5473.17,0.0033241,-0.002525957
6/18/2024,18.05,5487.03,0.021505376,0.002521363
6/17/2024,17.67,5473.23,0.00170068,0.007664408
6/14/2024,17.64,5431.6,-0.001697793,-0.000393836
6/13/2024,17.67,5433.74,0.003407155,0.002344573
6/12/2024,17.61,5421.03,-0.01399776,0.00850368
6/11/2024,17.86,5375.32,0,0.002710421
6/10/2024,17.86,5360.79,-0.013259669,0.002580891
6/7/2024,18.1,5346.99,-0.009846827,-0.001115271
6/6/2024,18.28,5352.96,-0.001092896,-0.000199849
6/5/2024,18.3,5354.03,-0.002724796,0.011847661
6/4/2024,18.35,5291.34,0.018878401,0.00150282
6/3/2024,18.01,5283.4,-0.011525796,0.001116057
5/31/2024,18.22,5277.51,0.034052213,0.008027917
5/30/2024,17.62,5235.48,0.029205607,-0.005974995
5/29/2024,17.12,5266.95,-0.008685582,-0.007367076
5/28/2024,17.27,5306.04,-0.013142857,0.000248835
5/24/2024,17.5,5304.72,0.00171723,0.007000972
5/23/2024,17.47,5267.84,-0.001714286,-0.007380804
5/22/2024,17.5,5307.01,0.013317892,-0.00270605
5/21/2024,17.27,5321.41,-0.014269406,0.002501823
5/20/2024,17.52,5308.13,0.006896552,0.000916416
5/17/2024,17.4,5303.27,0.005780347,0.001164788
5/16/2024,17.3,5297.1,-0.001731102,-0.002081705
5/15/2024,17.33,5308.15,0.001734104,0.01171598
5/14/2024,17.3,5246.68,0.002317497,0.004837764
5/13/2024,17.26,5221.42,0.005241701,-0.000241255
5/10/2024,17.17,5222.68,-0.000582072,0.00164938
5/9/2024,17.18,5214.08,0.004091175,0.005090918
5/8/2024,17.11,5187.67,0.00175644,-5.78291E-06
5/7/2024,17.08,5187.7,0.005297234,0.001343437
5/6/2024,16.99,5180.74,0.008308605,0.010326086
5/3/2024,16.85,5127.79,0.001783591,0.012556771
5/2/2024,16.82,5064.2,-0.005910165,0.009128426
5/1/2024,16.92,5018.39,0.001776199,-0.003435478
4/30/2024,16.89,5035.69,-0.007638073,-0.015730517
4/29/2024,17.02,5116.17,0.016119403,0.003178456
4/26/2024,16.75,5099.96,0.010253317,0.010209135
4/25/2024,16.58,5048.42,-0.013682332,-0.004576438
4/24/2024,16.81,5071.63,0.018787879,0.000212995
4/23/2024,16.5,5070.55,0.011649295,0.011964635
4/22/2024,16.31,5010.6,-0.01211387,0.008731224
4/19/2024,16.51,4967.23,0.011022658,-0.008758521
4/18/2024,16.33,5011.12,0.013027295,-0.002208191
4/17/2024,16.12,5022.21,0.001864512,-0.005780564
4/16/2024,16.09,5051.41,-0.009236453,-0.002056573
4/15/2024,16.24,5061.82,-0.004291845,-0.012021291
4/12/2024,16.31,5123.41,-0.006699147,-0.014550707
4/11/2024,16.42,5199.06,-0.018529588,0.007444813
4/10/2024,16.73,5160.64,-0.010059172,-0.009456977
4/9/2024,16.9,5209.91,-0.020289855,0.001445489
4/8/2024,17.25,5202.39,-0.009758898,-0.000374687
4/5/2024,17.42,5204.34,-0.008537279,0.011099217
4/4/2024,17.57,5147.21,-0.002271437,-0.012334284
4/3/2024,17.61,5211.49,0.005136986,0.001091089
4/2/2024,17.52,5205.81,0.001142857,-0.007239067
4/1/2024,17.5,5243.77,-0.005681818,-0.00201357
3/28/2024,17.6,5254.35,0.002849003,0.001116512
3/27/2024,17.55,5248.49,0.021536671,0.008630597
3/26/2024,17.18,5203.58,0.003504673,-0.002799821
3/25/2024,17.12,5218.19,0.008244994,-0.00305492
3/22/2024,16.98,5234.18,-0.01048951,-0.001402262
3/21/2024,17.16,5241.53,-0.002905288,0.003236599
3/20/2024,17.21,5224.62,0.002329645,0.008904106
3/19/2024,17.17,5178.51,-0.007514451,0.00564918
3/18/2024,17.3,5149.42,0.014662757,0.006318044
3/15/2024,17.05,5117.09,0.002351558,-0.006482891
3/14/2024,17.01,5150.48,-0.010471204,-0.002871076
3/13/2024,17.19,5165.31,-0.000581395,-0.001924537
3/12/2024,17.2,5175.27,-0.007501443,0.011201773
3/11/2024,17.33,5117.94,0.00755814,-0.001122238
3/8/2024,17.2,5123.69,0.008797654,-0.006528534
3/7/2024,17.05,5157.36,-0.007566938,0.010304108
3/6/2024,17.18,5104.76,0.000582411,0.00514113
3/5/2024,17.17,5078.65,0.02202381,-0.010193044
3/4/2024,16.8,5130.95,-0.010600707,-0.001193285
3/1/2024,16.98,5137.08,0.002953337,0.008007817
2/29/2024,16.93,5096.27,-0.001768868,0.005229044
2/28/2024,16.96,5069.76,0.007724302,-0.001658074
2/27/2024,16.83,5078.18,0.013855422,0.001706273
2/26/2024,16.6,5069.53,-0.011904762,-0.003786747
2/23/2024,16.8,5088.8,0.012658228,0.000347944
2/22/2024,16.59,5087.03,-0.024117647,0.021122887
2/21/2024,17,4981.8,0.005322295,0.001264192
2/20/2024,16.91,4975.51,-0.003535651,-0.00600531
2/16/2024,16.97,5005.57,-0.00702165,-0.004803439
2/15/2024,17.09,5029.73,0.010644589,0.005821278
2/14/2024,16.91,5000.62,0.000591716,0.009579724
2/13/2024,16.9,4953.17,-0.007050529,-0.013674271
2/12/2024,17.02,5021.84,0.010688836,-0.00094895
2/9/2024,16.84,5026.61,0.001189061,0.0057424
2/8/2024,16.82,4997.91,-0.029428736,0.000570564
2/7/2024,17.33,4995.06,-0.015900057,0.008241442
2/6/2024,17.61,4954.23,-0.00676819,0.002310427
2/5/2024,17.73,4942.81,-0.005608525,-0.003186377
2/2/2024,17.83,4958.61,-0.011640798,0.010684462
2/1/2024,18.04,4906.19,0.019785189,0.01249368
1/31/2024,17.69,4845.65,0.00912721,-0.016105682
1/30/2024,17.53,4924.97,0.016231884,-0.000600658
1/29/2024,17.25,4927.93,-0.002313476,0.007556783
1/26/2024,17.29,4890.97,0.006402794,-0.000651797
1/25/2024,17.18,4894.16,0.029976019,0.005260293
1/24/2024,16.68,4868.55,-0.029668412,0.000811989
1/23/2024,17.19,4864.6,0.023214286,0.00292139
1/22/2024,16.8,4850.43,0.00779844,0.002194301
1/19/2024,16.67,4839.81,0.016463415,0.012313478
1/18/2024,16.4,4780.94,-0.000609385,0.008805265
1/17/2024,16.41,4739.21,-0.001824818,-0.005616893
1/16/2024,16.44,4765.98,-0.002427184,-0.00373132
1/12/2024,16.48,4783.83,0.015403574,0.000751008
1/11/2024,16.23,4780.24,-0.037937167,-0.000671064
1/10/2024,16.87,4783.45,-0.004719764,0.005665931
1/9/2024,16.95,4756.5,-0.021362587,-0.001477892
1/8/2024,17.32,4763.54,-0.008586148,0.014114672
1/5/2024,17.47,4697.24,0.018658892,0.001825674
1/4/2024,17.15,4688.68,-0.004643064,-0.003428406
1/3/2024,17.23,4704.81,-0.00115942,-0.008016311
1/2/2024,17.25,4742.83,0.028009535,-0.005660579
12/29/2023,16.78,4769.83,0.002389486,-0.002826471
12/28/2023,16.74,4783.35,0.009650181,0.000370171
12/27/2023,16.58,4781.58,0.0006035,0.001430441
12/26/2023,16.57,4774.75,0.001208459,0.004231665
12/22/2023,16.55,4754.63,0.003638569,0.001660083
12/21/2023,16.49,4746.75,0.005487805,0.010301489
12/20/2023,16.4,4698.35,-0.012642986,-0.014684263
12/19/2023,16.61,4768.37,0.009113001,0.005866396
12/18/2023,16.46,4740.56,-0.003631961,0.004528319
12/15/2023,16.52,4719.19,-0.007807808,-7.62785E-05
12/14/2023,16.65,4719.55,0.012158055,0.002647071
12/13/2023,16.45,4707.09,0.002437538,0.013650753
12/12/2023,16.41,4643.7,-0.012635379,0.004599303
12/11/2023,16.62,4622.44,-0.017730496,0.003924533
12/8/2023,16.92,4604.37,-0.009947338,0.004095438
12/7/2023,17.09,4585.59,0.008854782,0.007968189
12/6/2023,16.94,4549.34,-0.016260163,-0.00390613
12/5/2023,17.22,4567.18,0.033613445,-0.000568955
12/4/2023,16.66,4569.78,-0.005966587,-0.005408488
12/1/2023,16.76,4594.63,0.011466506,0.005873725
11/30/2023,16.57,4567.8,0.016564417,0.003784133
11/29/2023,16.3,4550.58,0.007416564,-0.000946236
11/28/2023,16.18,4554.89,-0.001850709,0.000980127
11/27/2023,16.21,4550.43,0,-0.00195423
11/24/2023,16.21,4559.34,0.002473717,0.000596934
11/22/2023,16.17,4556.62,-0.00123533,0.00406109
11/21/2023,16.19,4538.19,0.005590062,-0.002020944
11/20/2023,16.1,4547.38,0.012578616,0.007390308
11/17/2023,15.9,4514.02,0.001259446,0.001282097
11/16/2023,15.88,4508.24,0.007614213,0.001190349
11/15/2023,15.76,4502.88,0.008317338,0.001597082
11/14/2023,15.63,4495.7,0.003209243,0.019074928
11/13/2023,15.58,4411.55,-0.003836317,-0.000835742
11/10/2023,15.64,4415.24,0.000639795,0.01561641
11/9/2023,15.63,4347.35,-0.001277955,-0.00808391
11/8/2023,15.65,4382.78,-0.011994949,0.001004938
11/7/2023,15.84,4378.38,0.005714286,0.002840141
11/6/2023,15.75,4365.98,-0.008186398,0.001752961
11/3/2023,15.88,4358.34,0.009535919,0.009393716
11/2/2023,15.73,4317.78,0.009627728,0.018858575
11/1/2023,15.58,4237.86,0.011688312,0.010505985
10/31/2023,15.4,4193.8,0.009174312,0.006474962
10/30/2023,15.26,4166.82,0.029689609,0.012010094
10/27/2023,14.82,4117.37,-0.01984127,-0.004800313
10/26/2023,15.12,4137.23,-0.004608295,-0.011832511
10/25/2023,15.19,4186.77,-0.02189311,-0.014339592
10/24/2023,15.53,4247.68,0.038795987,0.00726576
10/23/2023,14.95,4217.04,-0.027958388,-0.001685542
10/20/2023,15.38,4224.16,0.007863696,-0.01258532
10/19/2023,15.26,4278,0.065642458,-0.008482826
10/18/2023,14.32,4314.6,-0.017832647,-0.013399799
10/17/2023,14.58,4373.2,0.011797363,-9.83165E-05
10/16/2023,14.41,4373.63,0.003481894,0.010594346
10/13/2023,14.36,4327.78,-0.006228374,-0.005018841
10/12/2023,14.45,4349.61,-0.021665538,-0.006246359
10/11/2023,14.77,4376.95,-0.012700535,0.004293017
10/10/2023,14.96,4358.24,0.015614392,0.005207973
10/9/2023,14.73,4335.66,0.019377163,0.006303818
10/6/2023,14.45,4308.5,-0.025623736,0.011814879
10/5/2023,14.83,4258.19,0.012286689,-0.001304016
10/4/2023,14.65,4263.75,-0.00879567,0.008109802
10/3/2023,14.78,4229.45,0.007498296,-0.013744086
10/2/2023,14.67,4288.39,-0.023302264,7.92901E-05
9/29/2023,15.02,4288.05,0.000666223,-0.002709491
9/28/2023,15.01,4299.7,0.009414929,0.005893073
9/27/2023,14.87,4274.51,-0.009986684,0.000229319
9/26/2023,15.02,4273.53,-0.002656042,-0.014734498
9/25/2023,15.06,4337.44,-0.003968254,0.004023092
9/22/2023,15.12,4320.06,-0.012410189,-0.002295612
9/21/2023,15.31,4330,-0.015434084,-0.01640089
9/20/2023,15.55,4402.2,0.022353715,-0.009394795
9/19/2023,15.21,4443.95,0.007952286,-0.002151103
9/18/2023,15.09,4453.53,-0.009192383,0.000721296
9/15/2023,15.23,4450.32,0.011288181,-0.012159553
9/14/2023,15.06,4505.1,0.030095759,0.008429884
9/13/2023,14.62,4467.44,0.011065007,0.001241624
9/12/2023,14.46,4461.9,-0.004132231,-0.005695872
9/11/2023,14.52,4487.46,0.008333333,0.006723515
9/8/2023,14.4,4457.49,-0.014373717,0.001426601
9/7/2023,14.61,4451.14,0,-0.003211301
9/6/2023,14.61,4465.48,0.008977901,-0.006971578
9/5/2023,14.48,4496.83,-0.011604096,-0.004194191
9/1/2023,14.65,4515.77,-0.009465855,0.00179916
8/31/2023,14.79,4507.66,0.00407332,-0.001596945
8/30/2023,14.73,4514.87,-0.002708192,0.00383313
8/29/2023,14.77,4497.63,0.039408867,0.014508347
8/28/2023,14.21,4433.31,0.007087172,0.006264598
8/25/2023,14.11,4405.71,-0.002826855,0.006717988
8/24/2023,14.15,4376.31,-0.000706215,-0.01345804
8/23/2023,14.16,4436.01,-0.007012623,0.011044888
8/22/2023,14.26,4387.55,0.011347518,-0.002777418
8/21/2023,14.1,4399.77,0.003558719,0.006879175
8/18/2023,14.05,4369.71,0.002855103,-0.000148729
8/17/2023,14.01,4370.36,-0.006382979,-0.007712864
8/16/2023,14.1,4404.33,-0.002828854,-0.007555443
8/15/2023,14.14,4437.86,-0.008415147,-0.011550832
8/14/2023,14.26,4489.72,-0.007654836,0.005750384
8/11/2023,14.37,4464.05,0.014114326,-0.001069631
8/10/2023,14.17,4468.83,-0.007007708,0.000250688
8/9/2023,14.27,4467.71,0.006346968,-0.007038748
8/8/2023,14.18,4499.38,0.01213419,-0.00421827
8/7/2023,14.01,4518.44,0.000714286,0.009024057
8/4/2023,14,4478.03,-0.006387509,-0.005299996
8/3/2023,14.09,4501.89,-0.018118467,-0.002547974
8/2/2023,14.35,4513.39,0.003496503,-0.013839575
8/1/2023,14.3,4576.73,-0.015151515,-0.002665092
7/31/2023,14.52,4588.96,0.004844291,0.001468717
7/28/2023,14.45,4582.23,-0.004135079,0.009877882
7/27/2023,14.51,4537.41,-0.025520484,-0.0064247
7/26/2023,14.89,4566.75,0.006081081,-0.000155447
7/25/2023,14.8,4567.46,-0.010033445,0.002814712
7/24/2023,14.95,4554.64,0.012872629,0.004034089
7/21/2023,14.76,4536.34,0.006821282,0.000324155
7/20/2023,14.66,4534.87,0.004797807,-0.006756875
7/19/2023,14.59,4565.72,0.084758364,0.002357859
7/18/2023,13.45,4554.98,-0.005912786,0.007117288
7/17/2023,13.53,4522.79,-0.066896552,0.003855356
7/14/2023,14.5,4505.42,-0.041005291,-0.001024381
7/13/2023,15.12,4510.04,0,0.00847018
7/12/2023,15.12,4472.16,-0.007222587,0.007411145
7/11/2023,15.23,4439.26,-0.002619515,0.006742215
7/10/2023,15.27,4409.53,-0.02178091,0.002405119
7/7/2023,15.61,4398.95,-0.016383113,-0.00286518
7/6/2023,15.87,4411.59,-0.012445551,-0.007922515
7/5/2023,16.07,4446.82,-0.003101737,-0.001968314
7/3/2023,16.12,4455.59,0.010658307,0.001170687
6/30/2023,15.95,4450.38,-0.001877347,0.012269018
6/29/2023,15.98,4396.44,0.012674271,0.004473527
6/28/2023,15.78,4376.86,-0.003787879,-0.00035401
6/27/2023,15.84,4378.41,0.013435701,0.011455778
6/26/2023,15.63,4328.82,0.011650485,-0.00448678
6/23/2023,15.45,4348.33,-0.008344031,-0.007658796
6/22/2023,15.58,4381.89,-0.001921845,0.003710754
6/21/2023,15.61,4365.69,-0.010773131,-0.005245277
6/20/2023,15.78,4388.71,-0.01743462,-0.004735134
6/16/2023,16.06,4409.59,0.001871491,-0.003671619
6/15/2023,16.03,4425.84,0.011994949,0.012178137
6/14/2023,15.84,4372.59,0.001264223,0.000819408
6/13/2023,15.82,4369.01,-0.00690521,0.006932585
6/12/2023,15.93,4338.93,-0.001253918,0.009321076
6/9/2023,15.95,4298.86,-0.00746733,0.001148132
6/8/2023,16.07,4293.93,-0.001863354,0.006188606
6/7/2023,16.1,4267.52,0.02744097,-0.003811992
6/6/2023,15.67,4283.85,0.018193632,0.002353883
6/5/2023,15.39,4273.79,0.01183432,-0.002003563
6/2/2023,15.21,4282.37,-0.037950664,0.014534402
6/1/2023,15.81,4221.02,0.005085823,0.009854468
5/31/2023,15.73,4179.83,0.005754476,-0.006108638
5/30/2023,15.64,4205.52,0.009032258,1.66451E-05
5/26/2023,15.5,4205.45,0.02310231,0.013048987
5/25/2023,15.15,4151.28,-0.05015674,0.008757691
5/24/2023,15.95,4115.24,-0.00931677,-0.007318638
5/23/2023,16.1,4145.58,-0.017094017,-0.011222073
5/22/2023,16.38,4192.63,0.004291845,0.000155058
5/19/2023,16.31,4191.98,-0.014501511,-0.001445909
5/18/2023,16.55,4198.05,-0.006602641,0.0094451
5/17/2023,16.66,4158.77,0.007864489,0.0118908
5/16/2023,16.53,4109.9,-0.024778761,-0.006377711
5/15/2023,16.95,4136.28,-0.004697592,0.002958236
5/12/2023,17.03,4124.08,0.004127358,-0.001583297
5/11/2023,16.96,4130.62,-0.004694836,-0.001696619
5/10/2023,17.04,4137.64,0.001175088,0.004483913
5/9/2023,17.02,4119.17,-0.005841121,-0.004579374
5/8/2023,17.12,4138.12,-0.000583771,0.0004521
5/5/2023,17.13,4136.25,0.013010053,0.018474744
5/4/2023,16.91,4061.22,-0.010532475,-0.007218725
5/3/2023,17.09,4090.75,0.001171646,-0.006998286
5/2/2023,17.07,4119.58,-0.024571429,-0.011586254
5/1/2023,17.5,4167.87,-0.009620826,-0.000386139
4/28/2023,17.67,4169.48,0.003407155,0.008253231
4/27/2023,17.61,4135.35,0.023837209,0.019566123
4/26/2023,17.2,4055.99,-0.017704169,-0.003841213
4/25/2023,17.51,4071.63,-0.001140901,-0.015810821
4/24/2023,17.53,4137.04,-0.037870472,0.000851574
4/21/2023,18.22,4133.52,0.032294618,0.000903194
4/20/2023,17.65,4129.79,-0.104060914,-0.005952553
4/19/2023,19.7,4154.52,-0.00605449,-8.42385E-05
4/18/2023,19.82,4154.87,0.001515917,0.00085515
4/17/2023,19.79,4151.32,-0.007024586,0.003306233
4/14/2023,19.93,4137.64,-0.001503006,-0.002069355
4/13/2023,19.96,4146.22,0.009610521,0.013262625
4/12/2023,19.77,4091.95,0.004062976,-0.004134886
4/11/2023,19.69,4108.94,0.006131834,-4.13715E-05
4/10/2023,19.57,4109.11,-0.004071247,0.000996341
4/6/2023,19.65,4105.02,-0.011569416,0.00357913
4/5/2023,19.88,4090.38,0.012219959,-0.002492318
4/4/2023,19.64,4100.6,0.012893244,-0.005797052
4/3/2023,19.39,4124.51,0.007272727,0.003698918
3/31/2023,19.25,4109.31,0.008909853,0.014436548
3/30/2023,19.08,4050.83,0.004210526,0.005715265
3/29/2023,19,4027.81,0.014957265,0.014237259
3/28/2023,18.72,3971.27,-0.007949126,-0.001573841
3/27/2023,18.87,3977.53,0.013970983,0.001646944
3/24/2023,18.61,3970.99,0.008125677,0.005639802
3/23/2023,18.46,3948.72,0.003806417,0.002984529
3/22/2023,18.39,3936.97,-0.008090615,-0.016463188
3/21/2023,18.54,4002.87,0.002704164,0.012982182
3/20/2023,18.49,3951.57,0.019856591,0.008918359
3/17/2023,18.13,3916.64,-0.014138119,-0.011019423
3/16/2023,18.39,3960.28,0.004369197,0.017561981
3/15/2023,18.31,3891.93,-0.007049892,-0.006980856
3/14/2023,18.44,3919.29,0.007650273,0.016476648
3/13/2023,18.3,3855.76,-0.007053717,-0.001509741
3/10/2023,18.43,3861.59,0.006004367,-0.014478144
3/9/2023,18.32,3918.32,-0.01558302,-0.018459373
3/8/2023,18.61,3992.01,-0.005344735,0.001414821
3/7/2023,18.71,3986.37,-0.00319659,-0.015326967
3/6/2023,18.77,4048.42,-0.002126528,0.00068716
3/3/2023,18.81,4045.64,0.008038585,0.016147789
3/2/2023,18.66,3981.35,0,0.007582142
3/1/2023,18.66,3951.39,-0.013220518,-0.004725262
2/28/2023,18.91,3970.15,-0.006305833,-0.00303598
2/27/2023,19.03,3982.24,-0.010914761,0.003073017
2/24/2023,19.24,3970.04,-0.005684755,-0.010537544
2/23/2023,19.35,4012.32,-0.001547988,0.005329425
2/22/2023,19.38,3991.05,0.008849558,-0.001573546
2/21/2023,19.21,3997.34,-0.011831276,-0.020041235
2/17/2023,19.44,4079.09,0.009345794,-0.002767449
2/16/2023,19.26,4090.41,0.000519481,-0.013788697
2/15/2023,19.25,4147.6,0.005221932,0.002773124
2/14/2023,19.15,4136.13,-0.005711319,-0.000280377
2/13/2023,19.26,4137.29,0.009963293,0.01144859
2/10/2023,19.07,4090.46,0.005271481,0.002195271
2/9/2023,18.97,4081.5,-0.009916493,-0.008829829
2/8/2023,19.16,4117.86,-0.004675325,-0.011080692
2/7/2023,19.25,4164,-0.016853933,0.01287253
2/6/2023,19.58,4111.08,-0.012607161,-0.006140487
2/3/2023,19.83,4136.48,-0.022189349,-0.010354662
2/2/2023,20.28,4179.76,0.004955401,0.014699421
2/1/2023,20.18,4119.21,-0.009327442,0.010452338
1/31/2023,20.37,4076.6,0.010416667,0.014642451
1/30/2023,20.16,4017.77,0.010526316,-0.012968732
1/27/2023,19.95,4070.56,-0.0025,0.00249481
1/26/2023,20,4060.43,-0.020568071,0.011007863
1/25/2023,20.42,4016.22,0.065762004,-0.00018173
1/24/2023,19.16,4016.95,0.003141361,-0.000711476
1/23/2023,19.1,4019.81,-0.00676027,0.011881358
1/20/2023,19.23,3972.61,0.01531151,0.018918399
1/19/2023,18.94,3898.85,-0.004206099,-0.007638348
1/18/2023,19.02,3928.86,-0.016037248,-0.015562633
1/17/2023,19.33,3990.97,-0.011253197,-0.002030462
1/13/2023,19.55,3999.09,0.007212777,0.003996817
1/12/2023,19.41,3983.17,0,0.003415953
1/11/2023,19.41,3969.61,-0.003081664,0.012849397
1/10/2023,19.47,3919.25,0.022584034,0.006978256
1/9/2023,19.04,3892.09,-0.025089606,-0.000767635
1/6/2023,19.53,3895.08,0.016657991,0.022840787
1/5/2023,19.21,3808.1,0.003657262,-0.011645562
1/4/2023,19.14,3852.97,0.021344717,0.00753895
1/3/2023,18.74,3824.14,0.017925041,-0.004000521
12/30/2022,18.41,3839.5,-0.002168022,-0.002540735
12/29/2022,18.45,3849.28,0.012623491,0.017461316
12/28/2022,18.22,3783.22,-0.013001083,-0.012020631
12/27/2022,18.46,3829.25,0.008192245,-0.004049604
12/23/2022,18.31,3844.82,0.002189381,0.005868056
12/22/2022,18.27,3822.39,0.00661157,-0.014451687
12/21/2022,18.15,3878.44,0.004427227,0.01486804
12/20/2022,18.07,3821.62,0.011758119,0.001037285
12/19/2022,17.86,3817.66,-0.034072472,-0.009007466
12/16/2022,18.49,3852.36,0.001082837,-0.011137778
12/15/2022,18.47,3895.75,-0.022751323,-0.024921658
12/14/2022,18.9,3995.32,-0.011506276,-0.006052766
12/13/2022,19.12,4019.65,-0.009326425,0.007289704
12/12/2022,19.3,3990.56,0.011000524,0.014279251
12/9/2022,19.09,3934.38,-0.001569038,-0.007349546
12/8/2022,19.12,3963.51,-0.009326425,0.007521759
12/7/2022,19.3,3933.92,0.006781429,-0.001862349
12/6/2022,19.17,3941.26,0.0224,-0.014399176
12/5/2022,18.75,3998.84,-0.014195584,-0.017894246
12/2/2022,19.02,4071.7,-0.008858781,-0.001194632
12/1/2022,19.19,4076.57,-0.00466805,-0.000867624
11/30/2022,19.28,4080.11,0.014203051,0.030947815
11/29/2022,19.01,3957.63,0.010095643,-0.001591851
11/28/2022,18.82,3963.94,-0.015690377,-0.01544415
11/25/2022,19.12,4026.12,0.001571503,-0.000283071
11/23/2022,19.09,4027.26,0.004736842,0.005914706
11/22/2022,19,4003.58,0.008492569,0.013579953
11/21/2022,18.84,3949.94,-0.006852926,-0.003883652
11/18/2022,18.97,3965.34,0.001055409,0.004758575
11/17/2022,18.95,3946.56,0.001056524,-0.003089328
11/16/2022,18.93,3958.79,-0.004731861,-0.008252061
11/15/2022,19.02,3991.73,-0.002098636,0.008713121
11/14/2022,19.06,3957.25,0.000524934,-0.008935794
11/11/2022,19.05,3992.93,0.011146497,0.009240794
11/10/2022,18.84,3956.37,0.025027203,0.055434472
11/9/2022,18.38,3748.57,-0.010231556,-0.020777877
11/8/2022,18.57,3828.11,0.011437908,0.005597877
11/7/2022,18.36,3806.8,0.002183406,0.009613982
11/4/2022,18.32,3770.55,0.008255366,0.013618682
11/3/2022,18.17,3719.89,-0.014107434,-0.010585979
11/2/2022,18.43,3759.69,0.004359673,-0.025001945
11/1/2022,18.35,3856.1,0.006582556,-0.004101261
10/31/2022,18.23,3871.98,-0.013528139,-0.007454384
10/28/2022,18.48,3901.06,0.024958403,0.024626376
10/27/2022,18.03,3807.3,-0.006063947,-0.006082598
10/26/2022,18.14,3830.6,0.025438101,-0.007387714
10/25/2022,17.69,3859.11,0.01027984,0.01626665
10/24/2022,17.51,3797.34,0.023976608,0.011881953
10/21/2022,17.1,3752.75,0.021505376,0.023724828
10/20/2022,16.74,3665.78,0.077220077,-0.007950941
10/19/2022,15.54,3695.16,-0.003846154,-0.006672079
10/18/2022,15.6,3719.98,0.018941868,0.011427562
10/17/2022,15.31,3677.95,0.021347565,0.026480086
10/14/2022,14.99,3583.07,-0.008597884,-0.023662706
10/13/2022,15.12,3669.91,0.033492823,0.025965675
10/12/2022,14.63,3577.03,-0.01215395,-0.003290757
10/11/2022,14.81,3588.84,-0.006040268,-0.00651923
10/10/2022,14.9,3612.39,-0.002677376,-0.007492458
10/7/2022,14.94,3639.66,-0.024804178,-0.028003589
10/6/2022,15.32,3744.52,-0.03829253,-0.010245078
10/5/2022,15.93,3783.28,-0.009944065,-0.002017974
10/4/2022,16.09,3790.93,0.011949686,0.0305837
10/3/2022,15.9,3678.43,0.036505867,0.025883948
9/30/2022,15.34,3585.62,-0.012234385,-0.015066736
9/29/2022,15.53,3640.47,-0.018951358,-0.02112642
9/28/2022,15.83,3719.04,0.006357279,0.01967214
9/27/2022,15.73,3647.29,0.003828973,-0.00212036
9/26/2022,15.67,3655.04,-0.021236727,-0.010340542
9/23/2022,16.01,3693.23,-0.014162562,-0.017232616
9/22/2022,16.24,3757.99,-0.000615385,-0.008427596
9/21/2022,16.25,3789.93,-0.018719807,-0.017116493
9/20/2022,16.56,3855.93,-0.011933174,-0.011272113
9/19/2022,16.76,3899.89,0.001194743,0.006857149
9/16/2022,16.74,3873.33,-0.001193317,-0.007182129
9/15/2022,16.76,3901.35,-0.000596303,-0.011317761
9/14/2022,16.77,3946.01,-0.003565062,0.003386995
9/13/2022,16.83,3932.69,-0.03164557,-0.043236563
9/12/2022,17.38,4110.41,0.020551967,0.010584261
9/9/2022,17.03,4067.36,0.015503876,0.015271406
9/8/2022,16.77,4006.18,-0.005927682,0.006610769
9/7/2022,16.87,3979.87,0.004764741,0.018340971
9/6/2022,16.79,3908.19,-0.023269343,-0.00409504
9/2/2022,17.19,3924.26,-0.017714286,-0.010736479
9/1/2022,17.5,3966.85,-0.002280502,0.002996207
8/31/2022,17.54,3955,-0.015712682,-0.007817047
8/30/2022,17.82,3986.16,0.002249719,-0.011028107
8/29/2022,17.78,4030.61,-0.006148686,-0.006666404
8/26/2022,17.89,4057.66,-0.011055832,-0.033688011
8/25/2022,18.09,4199.12,0.004441977,0.014091582
8/24/2022,18.01,4140.77,-0.002768549,0.002916151
8/23/2022,18.06,4128.73,-0.003861004,-0.002237801
8/22/2022,18.13,4137.99,-0.016277808,-0.021400125
8/19/2022,18.43,4228.48,0,-0.012899943
8/18/2022,18.43,4283.74,0.000542888,0.002269515
8/17/2022,18.42,4274.04,-0.008077544,-0.007237759
8/16/2022,18.57,4305.2,0.009787928,0.001875666
8/15/2022,18.39,4297.14,0.006568144,0.003969487
8/12/2022,18.27,4280.15,0.012749446,0.017322397
8/11/2022,18.04,4207.27,0.001665741,-0.000705423
8/10/2022,18.01,4210.24,-0.004972376,0.021290634
8/9/2022,18.1,4122.47,0.005555556,-0.004248731
8/8/2022,18,4140.06,-0.019073569,-0.001237579
8/5/2022,18.35,4145.19,0.004378763,-0.001625746
8/4/2022,18.27,4151.94,-0.005443658,-0.000777345
8/3/2022,18.37,4155.17,0.000544662,0.015638482
8/2/2022,18.36,4091.19,-0.019754405,-0.00666241
8/1/2022,18.73,4118.63,-0.002662407,-0.002823046
7/29/2022,18.78,4130.29,0.010764263,0.014207733
7/28/2022,18.58,4072.43,0.010331702,0.012133383
7/27/2022,18.39,4023.61,0.004918033,0.026156259
7/26/2022,18.3,3921.05,-0.012412304,-0.011543193
7/25/2022,18.53,3966.84,0.007065217,0.001315115
7/22/2022,18.4,3961.63,-0.027484144,-0.00933245
7/21/2022,18.92,3998.95,-0.076171875,0.00986136
7/20/2022,20.48,3959.9,-0.015384615,0.005895816
7/19/2022,20.8,3936.69,0.013151486,0.027628333
7/18/2022,20.53,3830.85,-0.001944579,-0.008363619
7/15/2022,20.57,3863.16,0.011805214,0.019201241
7/14/2022,20.33,3790.38,-0.005867971,-0.002998595
7/13/2022,20.45,3801.78,-0.007281553,-0.004456897
7/12/2022,20.6,3818.8,-0.002904163,-0.009243909
7/11/2022,20.66,3854.43,-0.006730769,-0.011527474
7/8/2022,20.8,3899.38,-0.016548463,-0.000830211
7/7/2022,21.15,3902.62,0.00284495,0.014964578
7/6/2022,21.09,3845.08,-0.003778932,0.003573116
7/5/2022,21.17,3831.39,-0.006569686,0.001584177
7/1/2022,21.31,3825.33,0.016698473,0.010553762
6/30/2022,20.96,3785.38,0.000477327,-0.008759227
6/29/2022,20.95,3818.83,0.016496846,-0.000711753
6/28/2022,20.61,3821.55,-0.008180943,-0.020143022
6/27/2022,20.78,3900.11,-0.010004764,-0.002973101
6/24/2022,20.99,3911.74,0.018437652,0.030563291
6/23/2022,20.61,3795.73,0.014271654,0.009532194
6/22/2022,20.32,3759.89,0.018036072,-0.001301533
6/21/2022,19.96,3764.79,0.029927761,0.024477256
6/17/2022,19.38,3674.84,0.022151899,0.002200847
6/16/2022,18.96,3666.77,-0.024691358,-0.032511959
6/15/2022,19.44,3789.99,-0.000514139,0.014592502
6/14/2022,19.45,3735.48,-0.015688259,-0.003773706
6/13/2022,19.76,3749.63,-0.044949251,-0.038768374
6/10/2022,20.69,3900.86,-0.009099617,-0.029110314
6/9/2022,20.88,4017.82,-0.00807601,-0.023798706
6/8/2022,21.05,4115.77,-0.004257332,-0.010793909
6/7/2022,21.14,4160.68,0.009551098,0.009523394
6/6/2022,20.94,4121.43,0.001913876,0.003137368
6/3/2022,20.9,4108.54,-0.013685701,-0.016347365
6/2/2022,21.19,4176.82,-0.001413761,0.018431056
6/1/2022,21.22,4101.23,-0.003287929,-0.007482787
5/31/2022,21.29,4132.15,0,-0.006274289
5/27/2022,21.29,4158.24,-0.001407129,0.024742227
5/26/2022,21.32,4057.84,0.000938967,0.019883229
5/25/2022,21.3,3978.73,0.006616257,0.009450765
5/24/2022,21.16,3941.48,0.020250723,-0.008120793
5/23/2022,20.74,3973.75,0.016666667,0.018555068
5/20/2022,20.4,3901.36,0.009401286,0.000146124
5/19/2022,20.21,3900.79,-0.000988631,-0.005833809
5/18/2022,20.23,3923.68,-0.016528926,-0.040395221
5/17/2022,20.57,4088.85,0.014299803,0.02016961
5/16/2022,20.28,4008.01,0.022177419,-0.00394643
5/13/2022,19.84,4023.89,0.006085193,0.023869743
5/12/2022,19.72,3930.08,0.014925373,-0.001296002
5/11/2022,19.43,3935.18,0.003615702,-0.016463178
5/10/2022,19.36,4001.05,-0.00971867,0.002457883
5/9/2022,19.55,3991.24,-0.023964054,-0.032037135
5/6/2022,20.03,4123.34,0.004010025,-0.005674159
5/5/2022,19.95,4146.87,0,-0.035649753
5/4/2022,19.95,4300.17,0.032074496,0.029862435
5/3/2022,19.33,4175.48,0.010983264,0.004837103
5/2/2022,19.12,4155.38,0.01378579,0.005675314
4/29/2022,18.86,4131.93,-0.028836251,-0.036284548
4/28/2022,19.42,4287.5,0.018353435,0.024746891
4/27/2022,19.07,4183.96,-0.011917098,0.002098103
4/26/2022,19.3,4175.2,-0.010763711,-0.028146327
4/25/2022,19.51,4296.12,-0.000512295,0.005697859
4/22/2022,19.52,4271.78,-0.034141514,-0.027739971
4/21/2022,20.21,4393.66,0.040144107,-0.01475294
4/20/2022,19.43,4459.45,-0.003078502,-0.000618528
4/19/2022,19.49,4462.21,0.001541624,0.0160576
4/18/2022,19.46,4391.69,-0.004094166,-0.000204891
4/14/2022,19.54,4392.59,0.006179197,-0.012144137
4/13/2022,19.42,4446.59,-0.007157464,0.011174658
4/12/2022,19.56,4397.45,-0.00356597,-0.003417541
4/11/2022,19.63,4412.53,0.076796489,-0.016877289
4/8/2022,18.23,4488.28,0.017299107,-0.002650987
4/7/2022,17.92,4500.21,-0.012672176,0.004253372
4/6/2022,18.15,4481.15,0.006097561,-0.009716869
4/5/2022,18.04,4525.12,-0.012048193,-0.012551717
4/4/2022,18.26,4582.64,0.008282717,0.008090878
4/1/2022,18.11,4545.86,0.015134529,0.003410287
3/31/2022,17.84,4530.41,-0.021393308,-0.015652533
3/30/2022,18.23,4602.45,0.00607064,-0.006293721
3/29/2022,18.12,4631.6,0.004991681,0.01225653
3/28/2022,18.03,4575.52,0.001666667,0.007144964
3/25/2022,18,4543.06,0.021566402,0.005066192
3/24/2022,17.62,4520.16,0.005134056,0.014343931
3/23/2022,17.53,4456.24,0,-0.012272781
3/22/2022,17.53,4511.61,0.002287021,0.011304184
3/21/2022,17.49,4461.18,-0.002850627,-0.000434674
3/18/2022,17.54,4463.12,0.001713307,0.01166225
3/17/2022,17.51,4411.67,0,0.012347804
3/16/2022,17.51,4357.86,0.004013761,0.02238384
3/15/2022,17.44,4262.45,0.008675535,0.021408494
3/14/2022,17.29,4173.11,-0.012564249,-0.007420956
3/11/2022,17.51,4204.31,0,-0.012961554
3/10/2022,17.51,4259.52,-0.003414912,-0.004291845
3/9/2022,17.57,4277.88,0.011514105,0.025698324
3/8/2022,17.37,4170.7,-0.024157303,-0.007233837
3/7/2022,17.8,4201.09,-0.012756517,-0.029518096
3/4/2022,18.03,4328.87,-0.00166113,-0.007934016
3/3/2022,18.06,4363.49,0.003891051,-0.005254711
3/2/2022,17.99,4386.54,0.012380416,0.018642627
3/1/2022,17.77,4306.26,-0.006707658,-0.015473463
2/28/2022,17.89,4373.94,-0.009413068,-0.002442612
2/25/2022,18.06,4384.65,0.029646522,0.022372747
2/24/2022,17.54,4288.7,-0.011830986,0.01495681
2/23/2022,17.75,4225.5,-0.010590858,-0.018412176
2/22/2022,17.94,4304.76,-0.004991681,-0.010142865
2/18/2022,18.03,4348.87,0.005016722,-0.007166241
2/17/2022,17.94,4380.26,-0.007743363,-0.021173137
2/16/2022,18.08,4475.01,-0.016322089,0.000881221
2/15/2022,18.38,4471.07,0.012114537,0.015766743
2/14/2022,18.16,4401.67,-0.003293085,-0.003840548
2/11/2022,18.22,4418.64,-0.004915347,-0.018973824
2/10/2022,18.31,4504.1,-0.01027027,-0.018115626
2/9/2022,18.5,4587.2,0.023230088,0.014530576
2/8/2022,18.08,4521.5,0.000553403,0.008385557
2/7/2022,18.07,4483.9,-0.006050605,-0.003688479
2/4/2022,18.18,4500.5,-0.019946092,0.005159244
2/3/2022,18.55,4477.4,0.001079331,-0.024404062
2/2/2022,18.53,4589.4,0.004880694,0.00943583
2/1/2022,18.44,4546.5,-0.042575286,0.006842944
1/31/2022,19.26,4515.6,0.011554622,0.018885805
1/28/2022,19.04,4431.9,0.045579352,0.024361493
1/27/2022,18.21,4326.5,-0.005461496,-0.005379434
1/26/2022,18.31,4349.9,-0.0845,-0.001492058
1/25/2022,20,4356.4,0.005530417,-0.012176595
1/24/2022,19.89,4410.1,-0.010447761,0.002774051
1/21/2022,20.1,4397.9,-0.014705882,-0.01891717
1/20/2022,20.4,4482.7,-0.009708738,-0.011052771
1/19/2022,20.6,4532.8,-0.000969932,-0.009678617
1/18/2022,20.62,4577.1,0.004383829,-0.018400566
1/14/2022,20.53,4662.9,0.014328063,0.00083709
1/13/2022,20.24,4659,0.01352028,-0.014260325
1/12/2022,19.97,4726.4,0.004022122,0.002821922
1/11/2022,19.89,4713.1,-0.004504505,0.009164294
1/10/2022,19.98,4670.3,0.006549118,-0.001432542
1/7/2022,19.85,4677,0.006592292,-0.004067205
1/6/2022,19.72,4696.1,-0.00353714,-0.000957325
1/5/2022,19.79,4700.6,0.022210744,-0.019380411
1/4/2022,19.36,4793.5,0.008333333,-0.000646291
1/3/2022,19.2,4796.6,0.033369214,0.006378247
12/31/2021,18.58,4766.2,-0.006948156,-0.002615774
12/30/2021,18.71,4778.7,0.005373455,-0.003004319
12/29/2021,18.61,4793.1,-0.006937033,0.001399799
12/28/2021,18.74,4786.4,0.001603421,-0.001001837
12/27/2021,18.71,4791.2,-0.00372737,0.013838927
12/23/2021,18.78,4725.8,0.003741315,0.006217264
12/22/2021,18.71,4696.6,0.012445887,0.010195302
12/21/2021,18.48,4649.2,0.011494253,0.017775832
12/20/2021,18.27,4568,0.017260579,-0.011383803
12/17/2021,17.96,4620.6,0.002791736,-0.010302654
12/16/2021,17.91,4668.7,0.069892473,-0.008747532
12/15/2021,16.74,4709.9,-0.005347594,0.016357006
12/14/2021,16.83,4634.1,-0.007079646,-0.007474834
12/13/2021,16.95,4669,-0.017391304,-0.009125637
12/10/2021,17.25,4712,-0.00404157,0.009555641
12/9/2021,17.32,4667.4,-0.010285714,-0.007189654
12/8/2021,17.5,4701.2,0.004016064,0.003072459
12/7/2021,17.43,4686.8,-0.008532423,0.020711283
12/6/2021,17.58,4591.7,-0.007900677,0.011744227
12/3/2021,17.72,4538.4,0.017805859,-0.008455135
12/2/2021,17.41,4577.1,0.036926742,0.014203412
12/1/2021,16.79,4513,-0.026102088,-0.011823954
11/30/2021,17.24,4567,-0.044345898,-0.018967628
11/29/2021,18.04,4655.3,-0.013668671,0.013211161
11/26/2021,18.29,4594.6,-0.010281385,-0.022737424
11/24/2021,18.48,4701.5,-0.011764706,0.002302428
11/23/2021,18.7,4690.7,0.002680965,0.001665635
11/22/2021,18.65,4682.9,0.023600439,-0.003214134
11/19/2021,18.22,4698,-0.010857763,-0.001381656
11/18/2021,18.42,4704.5,-0.010741139,0.003369804
11/17/2021,18.62,4688.7,0,-0.002595248
11/16/2021,18.62,4700.9,-0.005872931,0.003865209
11/15/2021,18.73,4682.8,-0.005310674,-2.13543E-05
11/12/2021,18.83,4682.9,0.00053135,0.007226894
11/11/2021,18.82,4649.3,-0.001061571,0.000559537
11/10/2021,18.84,4646.7,0.009646302,-0.008217365
11/9/2021,18.66,4685.2,-0.006918574,-0.003509369
11/8/2021,18.79,4701.7,-0.008443272,0.000894093
11/5/2021,18.95,4697.5,0.011745862,0.003717869
11/4/2021,18.73,4680.1,-0.015247108,0.004184011
11/3/2021,19.02,4660.6,-0.001574803,0.006478642
11/2/2021,19.05,4630.6,-0.005741127,0.003663004
11/1/2021,19.16,4613.7,0.004192872,0.001802232
10/29/2021,19.08,4605.4,-0.01088647,0.001958054
10/28/2021,19.29,4596.4,0.019556025,0.009820507
10/27/2021,18.92,4551.7,-0.012526096,-0.005049401
10/26/2021,19.16,4574.8,-0.010330579,0.001817585
10/25/2021,19.36,4566.5,0.005714286,0.00475258
10/22/2021,19.25,4544.9,-0.010282776,-0.00107697
10/21/2021,19.45,4549.8,-0.006131834,0.002998104
10/20/2021,19.57,4536.2,0.012939959,0.003672891
10/19/2021,19.32,4519.6,0.009932044,0.007377689
10/18/2021,19.13,4486.5,-0.014425554,0.003377018
10/15/2021,19.41,4471.4,0.003100775,0.00745781
10/14/2021,19.35,4438.3,0.01255887,0.017072276
10/13/2021,19.11,4363.8,-0.0046875,0.003034064
10/12/2021,19.2,4350.6,-0.023397762,-0.002430524
10/11/2021,19.66,4361.2,-0.027695351,-0.006854462
10/8/2021,20.22,4391.3,-0.011730205,-0.001931906
10/7/2021,20.46,4399.8,-0.007759457,0.008295902
10/6/2021,20.62,4363.6,-0.001452785,0.004119014
10/5/2021,20.65,4345.7,0.003401361,0.010510406
10/4/2021,20.58,4300.5,0.003412969,-0.012967638
10/1/2021,20.51,4357,0.005392157,0.011491584
9/30/2021,20.4,4307.5,-0.014016433,-0.011927973
9/29/2021,20.69,4359.5,0.005833738,0.001585259
9/28/2021,20.57,4352.6,-0.005799903,-0.020368662
9/27/2021,20.69,4443.1,0.009760859,-0.002783077
9/24/2021,20.49,4455.5,-0.001948368,0.001461002
9/23/2021,20.53,4449,0.006372549,0.012148512
9/22/2021,20.4,4395.6,0.001964637,0.009508061
9/21/2021,20.36,4354.2,-0.009245742,-0.000803176
9/20/2021,20.55,4357.7,-0.011544012,-0.01698624
9/17/2021,20.79,4433,-0.002399232,-0.009119764
9/16/2021,20.84,4473.8,0.000960615,-0.001539938
9/15/2021,20.82,4480.7,0.00872093,0.00846256
9/14/2021,20.64,4443.1,-0.006737247,-0.005728735
9/13/2021,20.78,4468.7,0.012177302,0.002265285
9/10/2021,20.53,4458.6,-0.008691453,-0.007722609
9/9/2021,20.71,4493.3,-0.006238004,-0.004607784
9/8/2021,20.84,4514.1,0.006277161,-0.00130531
9/7/2021,20.71,4520,-0.004805382,-0.003395511
9/3/2021,20.81,4535.4,-0.00287494,-0.000330622
9/2/2021,20.87,4536.9,0.01656113,0.002829292
9/1/2021,20.53,4524.1,-0.008691453,0.00030955
8/31/2021,20.71,4522.7,0.00729572,-0.001346935
8/30/2021,20.56,4528.8,0.003416301,0.004302124
8/27/2021,20.49,4509.4,0.004411765,0.008814318
8/26/2021,20.4,4470,-0.014968614,-0.005827143
8/25/2021,20.71,4496.2,-0.000964785,0.002229058
8/24/2021,20.73,4486.2,-0.00240616,0.001495703
8/23/2021,20.78,4479.5,-0.00192123,0.008510255
8/20/2021,20.82,4441.7,0.001443001,0.00814835
8/19/2021,20.79,4405.8,-0.01094196,0.001249915
8/18/2021,21.02,4400.3,-0.01268201,-0.010746161
8/17/2021,21.29,4448.1,-0.000469484,-0.007054044
8/16/2021,21.3,4479.7,0.000469704,0.002618621
8/13/2021,21.29,4468,0.006143667,0.00161406
8/12/2021,21.16,4460.8,-0.005171603,0.002945343
8/11/2021,21.27,4447.7,0.002828854,0.002456726
8/10/2021,21.21,4436.8,0.008559201,0.00099269
8/9/2021,21.03,4432.4,-0.003789673,-0.000924152
8/6/2021,21.11,4436.5,0.000473934,0.001670768
8/5/2021,21.1,4429.1,0.003328578,0.00599632
8/4/2021,21.03,4402.7,-0.012212306,-0.00461215
8/3/2021,21.29,4423.1,0.002826189,0.008182896
8/2/2021,21.23,4387.2,0.002360718,-0.001842878
7/30/2021,21.18,4395.3,-0.008426966,-0.005385712
7/29/2021,21.36,4419.1,0.009929078,0.004203972
7/28/2021,21.15,4400.6,-0.007042254,-0.000204476
7/27/2021,21.3,4401.5,0.00093985,-0.004703435
7/26/2021,21.28,4422.3,0.000940734,0.002379981
7/23/2021,21.26,4411.8,0.005200946,0.010143102
7/22/2021,21.15,4367.5,0.003796868,0.002018951
7/21/2021,21.07,4358.7,-0.000474383,0.008234831
7/20/2021,21.08,4323.1,0.004287756,0.015169661
7/19/2021,20.99,4258.5,-0.019158879,-0.015876317
7/16/2021,21.4,4327.2,-0.003260363,-0.007522936
7/15/2021,21.47,4360,0.006091846,-0.003269094
7/14/2021,21.34,4374.3,-0.000468384,0.001167262
7/13/2021,21.35,4369.2,-0.007438401,-0.003512293
7/12/2021,21.51,4384.6,0.001396648,0.003432808
7/9/2021,21.48,4369.6,0.009398496,0.011294205
7/8/2021,21.28,4320.8,-0.026086957,-0.008558776
7/7/2021,21.85,4358.1,-0.003193431,0.003361345
7/6/2021,21.92,4343.5,-0.006796556,-0.002021919
7/2/2021,22.07,4352.3,0.004094631,0.007500174
7/1/2021,21.98,4319.9,0.011504832,0.005212333
6/30/2021,21.73,4297.5,0.004158965,0.001328114
6/29/2021,21.64,4291.8,-0.00414174,0.000279681
6/28/2021,21.73,4290.6,-0.004124656,0.002312706
6/25/2021,21.82,4280.7,0.003679853,0.003328255
6/24/2021,21.74,4266.5,0.004621072,0.005823
6/23/2021,21.64,4241.8,-0.00414174,-0.001083271
6/22/2021,21.73,4246.4,-0.005491991,0.005112668
6/21/2021,21.85,4224.8,0.009704251,0.014016897
6/18/2021,21.64,4166.4,-0.002764977,-0.01314574
6/17/2021,21.7,4221.9,-0.011389522,-0.000426167
6/16/2021,21.95,4223.7,-0.007236545,-0.005392549
6/15/2021,22.11,4246.6,0.006372326,-0.001997603
6/14/2021,21.97,4255.1,-0.00767841,0.001812874
6/11/2021,22.14,4247.4,0.004537205,0.001934327
6/10/2021,22.04,4239.2,0.005933364,0.00464499
6/9/2021,21.91,4219.6,0.000913659,-0.001821494
6/8/2021,21.89,4227.3,-0.003187614,0.000189282
6/7/2021,21.96,4226.5,-0.006334842,-0.000803802
6/4/2021,22.1,4229.9,0.001359311,0.008824441
6/3/2021,22.07,4192.9,-0.012969589,-0.003612081
6/2/2021,22.36,4208.1,0.009936766,0.00145169
6/1/2021,22.14,4202,-0.00360036,-0.000499512
5/28/2021,22.22,4204.1,-0.009803922,0.000761742
5/27/2021,22.44,4200.9,0.005376344,0.001167779
5/26/2021,22.32,4196,0.001345895,0.001886297
5/25/2021,22.29,4188.1,-0.008010681,-0.002144338
5/24/2021,22.47,4197.1,-0.008384819,0.009913617
5/21/2021,22.66,4155.9,0.012511171,-0.000769397
5/20/2021,22.38,4159.1,0.023319616,0.010544986
5/19/2021,21.87,4115.7,-0.02016129,-0.002931344
5/18/2021,22.32,4127.8,-0.057830308,-0.00852689
5/17/2021,23.69,4163.3,-0.027104723,-0.002539591
5/14/2021,24.35,4173.9,0.001233553,0.014930091
5/13/2021,24.32,4112.5,0.007456504,0.012183116
5/12/2021,24.14,4063,-0.009031199,-0.021459021
5/11/2021,24.36,4152.1,-0.011363636,-0.008666794
5/10/2021,24.64,4188.4,0.014409222,-0.010442754
5/7/2021,24.29,4232.6,-0.007761438,0.007378142
5/6/2021,24.48,4201.6,0.011988425,0.008158173
5/5/2021,24.19,4167.6,0.000413565,0.000696329
5/4/2021,24.18,4164.7,0.016393443,-0.006678274
5/3/2021,23.79,4192.7,0.002951096,0.002750407
4/30/2021,23.72,4181.2,0.002112379,-0.007194586
4/29/2021,23.67,4211.5,0.012403764,0.006765156
4/28/2021,23.38,4183.2,0.006024096,-0.000835981
4/27/2021,23.24,4186.7,-0.00428449,-0.00021492
4/26/2021,23.34,4187.6,-0.01560523,0.00177025
4/23/2021,23.71,4180.2,0.001266892,0.010931076
4/22/2021,23.68,4135,0.041336851,-0.009201131
4/21/2021,22.74,4173.4,0.007532122,0.009310987
4/20/2021,22.57,4134.9,-0.003532009,-0.006821512
4/19/2021,22.65,4163.3,0.00132626,-0.005304026
4/16/2021,22.62,4185.5,0.006675567,0.003620756
4/15/2021,22.47,4170.4,0.000890869,0.011079594
4/14/2021,22.45,4124.7,0.003127793,-0.004080549
4/13/2021,22.38,4141.6,-0.011047282,0.003294574
4/12/2021,22.63,4128,-0.002644337,-0.000193761
4/9/2021,22.69,4128.8,0.001323919,0.007712584
4/8/2021,22.66,4097.2,-0.029965753,0.0042403
4/7/2021,23.36,4079.9,-0.001709402,0.00147279
4/6/2021,23.4,4073.9,0.009055627,-0.000980897
4/5/2021,23.19,4077.9,0.007822686,0.01442822
4/1/2021,23.01,4019.9,0.00656168,0.011830149
3/31/2021,22.86,3972.9,-0.015079707,0.003612388
3/30/2021,23.21,3958.6,0.005632582,-0.003147742
3/29/2021,23.08,3971.1,0.008300568,-0.000855454
3/26/2021,22.89,3974.5,0.007482394,0.016626167
3/25/2021,22.72,3909.5,0.003090508,0.00524543
3/24/2021,22.65,3889.1,-0.000441306,-0.005472446
3/23/2021,22.66,3910.5,0.000441501,-0.007638431
3/22/2021,22.65,3940.6,0.008010681,0.007027676
3/19/2021,22.47,3913.1,-0.008384819,-0.000612949
3/18/2021,22.66,3915.5,-0.004830918,-0.014745477
3/17/2021,22.77,3974.1,0.005298013,0.002876826
3/16/2021,22.65,3962.7,0.002212389,-0.001562146
3/15/2021,22.6,3968.9,0.003998223,0.006492024
3/12/2021,22.51,3943.3,0.00896459,0.001015409
3/11/2021,22.31,3939.3,-0.015011038,0.010387812
3/10/2021,22.65,3898.8,0.012064343,0.006038086
3/9/2021,22.38,3875.4,-0.01192053,0.014157486
3/8/2021,22.65,3821.3,0.012516764,-0.00536193
3/5/2021,22.37,3841.9,0.024267399,0.019477246
3/4/2021,21.84,3768.5,0.006915629,-0.013404194
3/3/2021,21.69,3819.7,0.017832004,-0.013073922
3/2/2021,21.31,3870.3,0.004714757,-0.008073197
3/1/2021,21.21,3901.8,0.007122507,0.02377204
2/26/2021,21.06,3811.2,-0.025901943,-0.004726712
2/25/2021,21.62,3829.3,-0.025687247,-0.024481581
2/24/2021,22.19,3925.4,0.006805808,0.011336116
2/23/2021,22.04,3881.4,-0.004516712,0.001264027
2/22/2021,22.14,3876.5,0.010958904,-0.007730309
2/19/2021,21.9,3906.7,-0.007702764,-0.0018651
2/18/2021,22.07,3914,-0.011643529,-0.00440058
2/17/2021,22.33,3931.3,0.020566728,-0.00033057
2/16/2021,21.88,3932.6,0.005977011,-0.000559114
2/12/2021,21.75,3934.8,0.00369174,0.004698192
2/11/2021,21.67,3916.4,0.005102041,0.001662447
2/10/2021,21.56,3909.9,-0.002313744,-0.000332379
2/9/2021,21.61,3911.2,-0.005522319,-0.00112371
2/8/2021,21.73,3915.6,-0.005491991,0.007409694
2/5/2021,21.85,3886.8,0.001374885,0.003900096
2/4/2021,21.82,3871.7,0.013469577,0.010834943
2/3/2021,21.53,3830.2,-0.000928074,0.001019261
2/2/2021,21.55,3826.3,-0.004158965,0.013884841
2/1/2021,21.64,3773.9,0.000925069,0.016073448
1/29/2021,21.62,3714.2,-0.005977011,-0.019327243
1/28/2021,21.75,3787.4,-0.011812812,0.009757918
1/27/2021,22.01,3750.8,-0.02047174,-0.025665004
1/26/2021,22.47,3849.6,0.022292994,-0.001504383
1/25/2021,21.98,3855.4,0.005949657,0.003618378
1/22/2021,21.85,3841.5,0.003674782,-0.003010563
1/21/2021,21.77,3853.1,-0.004572474,0.000337505
1/20/2021,21.87,3851.8,0.000457457,0.013925084
1/19/2021,21.86,3798.9,-0.00771675,0.008147126
1/15/2021,22.03,3768.2,-0.004068716,-0.007192728
1/14/2021,22.12,3795.5,0.023600185,-0.003753478
1/13/2021,21.61,3809.8,-0.004606172,0.002262443
1/12/2021,21.71,3801.2,-0.00412844,0.000421097
1/11/2021,21.8,3799.6,-0.005474453,-0.006562606
1/8/2021,21.92,3824.7,-0.029659141,0.005494505
1/7/2021,22.59,3803.8,0.002663116,0.014860863
1/6/2021,22.53,3748.1,0.019457014,0.005688374
1/5/2021,22.1,3726.9,-0.005847953,0.007079742
1/4/2021,22.23,3700.7,0.023480663,-0.014749341
12/31/2020,21.72,3756.1,0.009762901,0.006457663
12/30/2020,21.51,3732,-0.001856148,0.001341562
12/29/2020,21.55,3727,-0.000463822,-0.002248755
12/28/2020,21.56,3735.4,-0.005076142,0.008722422
12/24/2020,21.67,3703.1,-0.001842469,0.003550136
12/23/2020,21.71,3690,0.012121212,0.000732243
12/22/2020,21.45,3687.3,-0.020994979,-0.002056889
12/21/2020,21.91,3694.9,-0.013063063,-0.003908988
12/18/2020,22.2,3709.4,-0.007599464,-0.00351914
12/17/2020,22.37,3722.5,-0.021862702,0.00575489
12/16/2020,22.87,3701.2,-0.009527934,0.001786391
12/15/2020,23.09,3694.6,0.000866927,0.012912954
12/14/2020,23.07,3647.5,-0.014944492,-0.004367408
12/11/2020,23.42,3663.5,0.010353753,-0.001254055
12/10/2020,23.18,3668.1,-0.024410774,-0.001279678
12/9/2020,23.76,3672.8,0.021057155,-0.007941224
12/8/2020,23.27,3702.2,0.03976765,0.00276273
12/7/2020,22.38,3692,0.003137606,-0.001919386
12/4/2020,22.31,3699.1,0.01087449,0.008836283
12/3/2020,22.07,3666.7,0.004551661,-0.000626874
12/2/2020,21.97,3669,0.007798165,0.001802097
12/1/2020,21.8,3662.4,0.004145555,0.011265739
11/30/2020,21.71,3621.6,-0.009580292,-0.004590056
11/27/2020,21.92,3638.3,0.001370489,0.002369342
11/25/2020,21.89,3629.7,-0.008155868,-0.001567915
11/24/2020,22.07,3635.4,0.021286441,0.016156082
11/23/2020,21.61,3577.6,0.01028518,0.005650035
11/20/2020,21.39,3557.5,0.001404494,-0.006812027
11/19/2020,21.36,3581.9,-0.011568718,0.003952015
11/18/2020,21.61,3567.8,-0.014142336,-0.011552847
11/17/2020,21.92,3609.5,0.001828154,-0.004797485
11/16/2020,21.88,3626.9,0.002290426,0.01163115
11/13/2020,21.83,3585.2,0.016294227,0.013627368
11/12/2020,21.48,3537,-0.010138249,-0.009992443
11/11/2020,21.7,3572.7,-0.004130335,0.007671697
11/10/2020,21.79,3545.5,0.01965372,-0.001408252
11/9/2020,21.37,3550.5,0.031370656,0.011711404
11/6/2020,20.72,3509.4,-0.002407318,-0.000284868
11/5/2020,20.77,3510.4,0.017140059,0.019457513
11/4/2020,20.42,3443.4,-0.015429122,0.022023032
11/3/2020,20.74,3369.2,0.004358354,0.017823696
11/2/2020,20.65,3310.2,0.012254902,0.012293578
10/30/2020,20.4,3270,0.009401286,-0.012114438
10/29/2020,20.21,3310.1,0.009995002,0.011953531
10/28/2020,20.01,3271,-0.015740285,-0.035302445
10/27/2020,20.33,3390.7,-0.016924565,-0.003028521
10/26/2020,20.68,3401,-0.015706806,-0.018583713
10/23/2020,21.01,3465.4,-0.016385768,0.00344578
10/22/2020,21.36,3453.5,0.058473736,0.005210153
10/21/2020,20.18,3435.6,-0.001484414,-0.00217827
10/20/2020,20.21,3443.1,-0.004433498,0.004727305
10/19/2020,20.3,3426.9,-0.016472868,-0.01633274
10/16/2020,20.64,3483.8,-0.004341534,0.000143542
10/15/2020,20.73,3483.3,-0.001445087,-0.001547855
10/14/2020,20.76,3488.7,-0.009541985,-0.006606111
10/13/2020,20.96,3511.9,-0.013182674,-0.006309773
10/12/2020,21.24,3534.2,-0.007012623,0.016421731
10/9/2020,21.39,3477.1,-0.010180472,0.008790762
10/8/2020,21.61,3446.8,-0.006436782,0.008013102
10/7/2020,21.75,3419.4,0.003228782,0.017406052
10/6/2020,21.68,3360.9,0.001385681,-0.013994015
10/5/2020,21.65,3408.6,-0.000461681,0.017978736
10/2/2020,21.66,3348.4,0.006973501,-0.009583531
10/1/2020,21.51,3380.8,-0.000928936,0.005292893
9/30/2020,21.53,3363,0.007487131,0.008244641
9/29/2020,21.37,3335.5,-0.002799813,-0.004803676
9/28/2020,21.43,3351.6,0.011803588,0.016098226
9/25/2020,21.18,3298.5,0,0.015985955
9/24/2020,21.18,3246.6,0.006175772,0.002996694
9/23/2020,21.05,3236.9,-0.022294473,-0.023736277
9/22/2020,21.53,3315.6,-0.004162812,0.010514766
9/21/2020,21.62,3281.1,-0.010526316,-0.011568007
9/18/2020,21.85,3319.5,-0.004555809,-0.011170688
9/17/2020,21.95,3357,-0.005887681,-0.008418254
9/16/2020,22.08,3385.5,0.004092769,-0.004616018
9/15/2020,21.99,3401.2,-0.000908678,0.005231269
9/14/2020,22.01,3383.5,0.005022831,0.012720742
9/11/2020,21.9,3341,0.003206596,0.000539051
9/10/2020,21.83,3339.2,-0.015779982,-0.01759341
9/9/2020,22.18,3399,-0.004934948,0.020169278
9/8/2020,22.29,3331.8,0.003150315,-0.027779399
9/4/2020,22.22,3427,-0.005816555,-0.008132905
9/3/2020,22.35,3455.1,-0.003566652,-0.035103887
9/2/2020,22.43,3580.8,0.007637017,0.01534012
9/1/2020,22.26,3526.7,-0.011106175,0.007542211
8/31/2020,22.51,3500.3,-0.00793301,-0.002194983
8/28/2020,22.69,3508,0.004871568,0.006715261
8/27/2020,22.58,3484.6,-0.003090508,0.001696036
8/26/2020,22.65,3478.7,0.003100089,0.010192821
8/25/2020,22.58,3443.6,-0.004409171,0.003584647
8/24/2020,22.68,3431.3,0.011596789,0.010037678
8/21/2020,22.42,3397.2,0.000446229,0.003455915
8/20/2020,22.41,3385.5,-0.001781737,0.003170558
8/19/2020,22.45,3374.8,-0.002222222,-0.00442504
8/18/2020,22.5,3389.8,-0.001774623,0.002306328
8/17/2020,22.54,3382,-0.005295675,0.002727704
8/14/2020,22.66,3372.8,0.003098716,-0.000177862
8/13/2020,22.59,3373.4,-0.008775779,-0.002041239
8/12/2020,22.79,3380.3,-0.000876808,0.013978462
8/11/2020,22.81,3333.7,0,-0.007975004
8/10/2020,22.81,3360.5,0.006175562,0.002745203
8/7/2020,22.67,3351.3,0.006213937,0.000627015
8/6/2020,22.53,3349.2,-0.000443656,0.006430675
8/5/2020,22.54,3327.8,-0.005295675,0.006441857
8/4/2020,22.66,3306.5,0.012963791,0.003611971
8/3/2020,22.37,3294.6,0.001342883,0.007184128
7/31/2020,22.34,3271.1,0.000447828,0.007670507
7/30/2020,22.33,3246.2,0.000448029,-0.003744169
7/29/2020,22.32,3258.4,-0.004460303,0.012428536
7/28/2020,22.42,3218.4,0.013562387,-0.006482682
7/27/2020,22.12,3239.4,-0.009404389,0.007401418
7/24/2020,22.33,3215.6,-0.011071745,-0.006211948
7/23/2020,22.58,3235.7,-0.008779631,-0.012301587
7/22/2020,22.78,3276,-0.00262697,0.005740951
7/21/2020,22.84,3257.3,0.013309672,0.001691371
7/20/2020,22.54,3251.8,-0.013134851,0.008403883
7/17/2020,22.84,3224.7,-0.004793028,0.002829954
7/16/2020,22.95,3215.6,0.012797882,-0.003409161
7/15/2020,22.66,3226.6,0.001325674,0.00910086
7/14/2020,22.63,3197.5,0.007120605,0.01340644
7/13/2020,22.47,3155.2,-0.012307692,-0.009356358
7/10/2020,22.75,3185,0.019722098,0.010437486
7/9/2020,22.31,3152.1,-0.03,-0.005615319
7/8/2020,23,3169.9,0.004366812,0.007821194
7/7/2020,22.9,3145.3,-0.005644811,-0.010818631
7/6/2020,23.03,3179.7,0.013644366,0.015878594
7/2/2020,22.72,3130,0.006200177,0.004525177
7/1/2020,22.58,3115.9,-0.010950504,0.005031771
6/30/2020,22.83,3100.3,0.01062417,0.015426438
6/29/2020,22.59,3053.2,0.028688525,0.014655545
6/26/2020,21.96,3009.1,-0.021390374,-0.024223361
6/25/2020,22.44,3083.8,0.00990099,0.010982526
6/24/2020,22.22,3050.3,-0.027145359,-0.02586785
6/23/2020,22.84,3131.3,0.004397537,0.004297765
6/22/2020,22.74,3117.9,-0.00655308,0.006520967
6/19/2020,22.89,3097.7,-0.001308901,-0.005649536
6/18/2020,22.92,3115.3,0.003063457,0.000578128
6/17/2020,22.85,3113.5,-0.016781411,-0.003584344
6/16/2020,23.24,3124.7,0.009118541,0.018946064
6/15/2020,23.03,3066.6,0,0.008318811
6/12/2020,23.03,3041.3,0.010974539,0.013057526
6/11/2020,22.78,3002.1,-0.061392666,-0.058932322
6/10/2020,24.27,3190.1,-0.014616322,-0.005331754
6/9/2020,24.63,3207.2,-0.018333998,-0.007796065
6/8/2020,25.09,3232.4,0.013737374,0.012054228
6/5/2020,24.75,3193.9,0.030820491,0.026218552
6/4/2020,24.01,3112.3,0.008823529,-0.003394281
6/3/2020,23.8,3122.9,0.017094017,0.013665282
6/2/2020,23.4,3080.8,0.001712329,0.008214157
6/1/2020,23.36,3055.7,0.002575107,0.003744703
5/29/2020,23.3,3044.3,-0.006820119,0.004818959
5/28/2020,23.46,3029.7,-0.024532225,-0.002107967
5/27/2020,24.05,3036.1,0.033519553,0.01480714
5/26/2020,23.27,2991.8,0.031471631,0.012316438
5/22/2020,22.56,2955.4,0.003558719,0.002340173
5/21/2020,22.48,2948.5,0.005816555,-0.00777359
5/20/2020,22.35,2971.6,0.021947874,0.016661535
5/19/2020,21.87,2922.9,-0.016636691,-0.0104946
5/18/2020,22.24,2953.9,0.040224509,0.031497713
5/15/2020,21.38,2863.7,-0.009267841,0.00392638
5/14/2020,21.58,2852.5,0.017444602,0.011524823
5/13/2020,21.21,2820,-0.027956004,-0.017455838
5/12/2020,21.82,2870.1,-0.016674178,-0.020543972
5/11/2020,22.19,2930.3,-0.013777778,0.00017066
5/8/2020,22.5,2929.8,0.03116407,0.016867972
5/7/2020,21.82,2881.2,0.003679853,0.011515237
5/6/2020,21.74,2848.4,-0.03205699,-0.006972528
5/5/2020,22.46,2868.4,0.0049217,0.009040701
5/4/2020,22.35,2842.7,-0.010186005,0.004239234
5/1/2020,22.58,2830.7,-0.018687527,-0.028052465
4/30/2020,23.01,2912.4,-0.030749789,-0.009219255
4/29/2020,23.74,2939.5,0.025485961,0.026576797
4/28/2020,23.15,2863.4,0.003902862,-0.005245788
4/27/2020,23.06,2878.5,0.027629234,0.014735432
4/24/2020,22.44,2836.7,0.007181329,0.013903782
4/23/2020,22.28,2797.8,0.000898473,-0.000535848
4/22/2020,22.26,2799.3,-0.013297872,0.022911642
4/21/2020,22.56,2736.6,-0.035897436,-0.030674412
4/20/2020,23.4,2823.2,-0.007633588,-0.017880749
4/17/2020,23.58,2874.6,0.035118525,0.026789541
4/16/2020,22.78,2799.6,0.002640845,0.00582022
4/15/2020,22.72,2783.4,-0.033602722,-0.022030147
4/14/2020,23.51,2846.1,0.031140351,0.030598204
4/13/2020,22.8,2761.6,-0.0176648,-0.010108251
4/9/2020,23.21,2789.8,0.028356225,0.014472727
4/8/2020,22.57,2750,-0.006602113,0.034067835
4/7/2020,22.72,2659.4,0.022042285,-0.001614296
4/6/2020,22.23,2663.7,0.071841851,0.070317837
4/3/2020,20.74,2488.7,-0.045119705,-0.015117337
4/2/2020,21.72,2526.9,0.025495751,0.022829387
4/1/2020,21.18,2470.5,-0.037710132,-0.044146096
3/31/2020,22.01,2584.6,-0.035917652,-0.016027715
3/30/2020,22.83,2626.7,0.013315579,0.03352351
3/27/2020,22.53,2541.5,-0.02509736,-0.033686932
3/26/2020,23.11,2630.1,0.077389277,0.062409113
3/25/2020,21.45,2475.6,0.011315417,0.011563764
3/24/2020,21.21,2447.3,0.048961424,0.093814249
3/23/2020,20.22,2237.4,-0.058659218,-0.029285435
3/20/2020,21.48,2304.9,-0.086734694,-0.043371794
3/19/2020,23.52,2409.4,-0.051995163,0.004712064
3/18/2020,24.81,2398.1,-0.026295133,-0.051834572
3/17/2020,25.48,2529.2,0.060782681,0.05997234
3/16/2020,24.02,2386.1,-0.077218594,-0.119845076
3/13/2020,26.03,2711,0.100169062,0.092880755
3/12/2020,23.66,2480.6,-0.092443422,-0.095133873
3/11/2020,26.07,2741.4,-0.036941263,-0.048851572
3/10/2020,27.07,2882.2,0.033206107,0.04937013
3/9/2020,26.2,2746.6,-0.062947067,-0.07596555
3/6/2020,27.96,2972.4,-0.004273504,-0.017030986
3/5/2020,28.08,3023.9,-0.026014568,-0.033928628
3/4/2020,28.83,3130.1,0.05180591,0.042185523
3/3/2020,27.41,3003.4,-0.023860399,-0.028088797
3/2/2020,28.08,3090.2,0.055639098,0.046036152
2/28/2020,26.6,2954.2,-0.014084507,-0.008258359
2/27/2020,26.98,2978.8,-0.037116345,-0.04415351
2/26/2020,28.02,3116.4,-0.0067352,-0.003772137
2/25/2020,28.21,3128.2,-0.018099548,-0.030286122
2/24/2020,28.73,3225.9,-0.013053933,-0.033525076
2/21/2020,29.11,3337.8,-0.001714678,-0.010494486
2/20/2020,29.16,3373.2,0.004478126,-0.003839112
2/19/2020,29.03,3386.2,0.004845967,0.004717681
2/18/2020,28.89,3370.3,0,-0.002928821
2/14/2020,28.89,3380.2,-0.001382648,0.001867275
2/13/2020,28.93,3373.9,0.006961364,-0.001627508
2/12/2020,28.73,3379.4,-0.003468609,0.006432783
2/11/2020,28.83,3357.8,-0.004145078,0.001700427
2/10/2020,28.95,3352.1,-0.003099174,0.007332392
2/7/2020,29.04,3327.7,0.000344471,-0.005409767
2/6/2020,29.03,3345.8,0.016812609,0.003328635
2/5/2020,28.55,3334.7,0.004574243,0.011250607
2/4/2020,28.42,3297.6,0.01827302,0.014989689
2/3/2020,27.91,3248.9,-0.017599437,0.007254689
1/31/2020,28.41,3225.5,0.004952246,-0.017723909
1/30/2020,28.27,3283.7,0.010364546,0.003146575
1/29/2020,27.98,3273.4,-0.039478201,-0.000854649
1/28/2020,29.13,3276.2,0.008307373,0.010050561
1/27/2020,28.89,3243.6,-0.00619195,-0.015748748
1/24/2020,29.07,3295.5,-0.00342818,-0.0090212
1/23/2020,29.17,3325.5,-0.010515604,0.001113854
1/22/2020,29.48,3321.8,0.013406669,0.000301132
1/21/2020,29.09,3320.8,0.003795721,-0.00264296
1/17/2020,28.98,3329.6,0.009052925,0.003859141
1/16/2020,28.72,3316.8,0.004195804,0.008360441
1/15/2020,28.6,3289.3,-0.005563282,0.001857943
1/14/2020,28.76,3283.2,-0.000347584,-0.001490222
1/13/2020,28.77,3288.1,-0.012358393,0.006982513
1/10/2020,29.13,3265.3,-0.005802048,-0.002870492
1/9/2020,29.3,3274.7,-0.014463505,0.00663982
1/8/2020,29.73,3253.1,0.003036437,0.004911652
1/7/2020,29.64,3237.2,0.003725025,-0.002803191
1/6/2020,29.53,3246.3,0.001016949,0.003555088
1/3/2020,29.5,3234.8,0.005110733,-0.007059979
1/2/2020,29.35,3257.8,-0.005421891,0.008357063
12/31/2019,29.51,3230.8,,
