Maker ID,Week 6 hours,Week 6 quantity approved,Week 7 hours,Week 7 quantity approved,Week 8 hours,Week 8 quantity approved,Week 9 hours,Week 9 quantity approved,Week 10 hours,Week 10 quantity approved
1010,25.94,4,29.05,5,28.18,5,21.33,3,20.69,2
1111,7.99,4,7.67,3,6.44,0,2,1,2,1
1120,32.22,15,36.73,17,40.04,16,32.44,13,33.74,12
1129,20.23,7,16.79,7,18.47,6,7.7,6,7.39,5
1130,42.42,14,45.81,12,30.05,6,32.94,7,34.92,7
1131,45.77,11,38.9,11,28.32,5,29.17,6,30.63,7
1134,28.26,9,33.63,8,28.92,6,22.63,5,21.05,4
1142,51.09,11,58.24,11,57.08,10,43.51,10,46.99,10
1148,33.4,10,27.05,10,23.26,10,16.26,8,15.12,8
1153,46.28,8,54.61,8,41.94,4,34.94,4,37.74,5
1160,27.49,16,32.44,17,35.68,18,25.4,15,24.89,14
1164,46.39,18,46.85,21,52.94,17,53.29,8,47.96,9
1171,34.34,14,34.34,13,24.18,6,24.85,7,25.35,7
1173,20.26,7,20.06,8,22.27,7,16.83,4,15.99,4
1174,15.05,9,16.71,8,15.87,8,7.08,5,7.58,5
1182,12.92,10,10.72,9,9.54,0,2,1,2,1
1183,26.47,8,21.71,8,18.02,7,7.96,7,7.96,6
1184,20.8,4,19.76,4,17.07,2,11.85,2,11.14,2
1186,30.27,15,29.66,14,25.51,12,20.59,10,21.83,11
1192,43.9,15,47.85,13,48.81,11,38.91,9,35.8,9
1193,21.76,7,24.81,8,28.28,8,26.94,7,26.94,6
1200,41.78,9,35.93,10,40.24,8,30.84,6,28.37,6
1210,42.46,9,39.91,9,43.1,9,41.41,7,37.68,8
1211,28.04,19,31.69,22,33.91,20,25.89,17,26.41,20
1214,43.33,19,47.23,19,53.84,20,53.99,15,58.85,16
1223,55.05,13,47.89,12,36.02,6,35.22,6,38.04,6
1228,9.59,4,10.26,3,9.95,0,2,1,2,1
1229,38.04,8,30.43,8,20.94,4,12.2,5,11.47,5
1235,13.79,6,12.14,4,12.87,3,7.93,2,8.56,2
1236,28.9,9,30.92,8,19.79,4,17.98,5,16.18,6
1238,21.96,11,25.25,10,24.75,9,22.46,3,21.79,3
1240,80,12,80,11,80,11,80,5,80,5
1247,80,21,78.98,22,63.97,18,57.97,13,59.71,13
1250,46.75,17,44.88,17,38.15,17,37.87,8,39.01,6
1252,13.47,3,12.66,3,15.07,3,3.06,1,3.34,1
1272,15.43,9,12.65,7,10.22,4,5.55,4,5.33,3
1281,60.41,9,70.08,7,80,6,76.63,3,69.73,3
1283,49.43,26,51.41,27,56.04,24,57.33,23,51.6,28
1290,19.52,8,17.18,9,15.26,4,9.69,4,9.69,4
1297,60.77,11,64.42,13,54.11,14,43.24,9,40.21,10
1301,34.79,7,41.75,8,34.65,7,26.69,3,27.22,3
1305,11.16,5,10.94,5,10.28,0,2,1,2,1
1307,21.59,6,22.89,4,20.37,4,12.74,2,12.87,2
1321,41.7,26,37.11,24,37.85,5,29.2,5,31.83,6
1332,25.72,8,25.21,7,20.67,6,12.08,4,12.8,4
1334,60.56,14,62.98,14,56.68,14,46.85,6,44.51,5
1338,8.74,4,7.25,3,5.51,0,2,0,2,0
1342,53.72,13,56.41,14,61.49,13,61.25,13,60.64,11
1344,36.75,10,36.38,10,36.38,8,23.56,5,23.09,4
1350,54.93,7,46.14,8,37.37,8,25.63,7,23.07,6
1351,37.24,16,30.54,18,21.5,8,20.84,7,22.3,6
1352,37.51,8,40.51,9,32.41,8,27.38,4,27.38,5
1353,14.56,7,13.25,5,15.37,5,9.29,4,10.13,4
1356,34.28,13,37.02,14,40.35,14,33.54,5,33.88,5
1357,19.52,8,16.79,7,12.09,4,10.13,4,10.03,4
1361,5.86,5,5.74,3,4.54,0,2,1,2,1
1364,26.5,7,25.71,6,27,6,21.35,5,21.99,6
1371,34.01,11,27.21,10,30.48,10,25.09,9,24.84,11
1375,10.92,5,12.01,4,11.17,4,5.29,2,5.66,2
1400,11.13,7,10.91,6,7.25,0,2,0,2,0
1410,21.37,9,25.22,8,29.76,7,22.46,3,22.91,3
1415,20.39,5,24.47,5,26.18,4,12.99,1,14.16,1
1436,33.88,12,33.88,13,21.68,5,19.83,5,19.83,5
1438,45.65,23,54.32,22,48.89,22,31.58,17,32.84,18
1440,19.16,11,20.5,10,19.27,10,9.19,4,9.37,5
1445,80,18,75.22,19,80,16,80,7,75.59,6
1446,15.88,6,18.26,7,13.73,4,9.88,5,9.78,4
1451,18.92,4,18.92,4,17.86,2,11.1,2,10.32,2
1456,19.22,9,20.37,7,15.65,3,10.39,2,11.33,2
1459,36.96,18,35.48,15,30.94,7,27.58,8,25.93,7
1460,6.39,6,7.35,5,8.82,0,2,1,2,1
1464,19.76,10,17.39,8,17.91,7,9.48,3,8.53,3
1467,16.83,7,17.84,6,14.45,6,8.9,2,9.17,2
1468,56.81,25,57.95,29,47.75,5,64.03,5,59.55,6
1471,37.12,8,39.72,8,32.57,7,28.46,7,25.9,6
1472,39.16,11,35.64,11,37.78,9,34.31,6,37.74,5
1476,23.56,16,26.39,15,20.26,7,15.56,6,16.8,6
1483,15.57,7,15.73,5,13.69,5,2.95,1,2.95,1
1490,49.83,12,58.3,11,52.47,10,35.03,4,33.28,3
1498,47.06,15,48,15,45.31,8,46.81,8,51.49,7
1502,59.56,11,61.35,12,41.22,5,44.01,6,42.69,7
1504,70.52,21,78.98,21,76.61,17,62.25,8,60.38,7
1506,37.76,12,33.61,12,22.05,6,25.52,5,25.52,4
1509,16.51,9,13.7,8,12.47,6,6.09,2,6.21,2
1525,47.08,12,54.14,11,45.48,5,37.48,4,38.6,5
1527,45.7,14,39.3,14,29.87,7,34.33,6,32.27,5
1528,30.47,14,27.73,12,31.89,11,30.31,7,29.1,8
1529,30.6,13,26.62,14,24.49,6,22.08,5,20.53,5
1532,16.65,6,19.15,7,16.09,6,4.87,1,5.21,1
1535,80,12,80,12,80,12,64.72,12,64.72,13
1537,31.92,10,27.13,11,27.13,9,22.47,6,20.9,7
1539,35.21,18,32.04,20,29.48,16,26.9,7,26.36,7
1542,42.68,17,48.66,14,58.39,12,49.47,12,47,11
1544,18.61,6,18.98,5,19.74,5,7.58,2,7.28,2
1549,63.33,14,72.2,13,58.34,6,75.13,6,75.88,5
1552,33.71,6,37.76,6,40.4,5,33.61,3,32.94,3
1557,50.69,8,59.31,10,55.75,8,55,4,50.6,4
1560,60.73,10,54.66,11,49.85,5,50.08,6,45.07,7
1568,29.31,10,29.9,12,25.12,12,22.39,9,23.29,9
1573,61.34,21,72.38,23,64,5,59.88,5,64.07,5
1576,57.01,15,55.3,16,59.72,15,60.68,6,58.86,7
1581,54.14,20,50.89,19,61.07,16,64.23,14,63.59,16
1583,57.96,18,64.92,18,57.65,5,75.31,5,72.3,5
1584,11.96,7,11.6,6,11.83,6,7.13,3,7.49,3
1589,59.85,20,50.87,20,38.66,9,40.4,9,42.02,9
1593,40.54,10,42.97,10,39.96,10,35.16,7,34.11,7
1596,19.53,5,22.85,5,19.65,5,12.42,2,12.54,2
1598,37.94,9,40.6,9,25.98,4,25.45,4,23.41,4
1600,17.42,6,14.11,5,13.26,5,4.93,2,5.03,2
1603,17.47,7,16.25,5,18.04,4,5.97,2,6.09,2
1605,12.45,7,10.83,7,8.99,0,2,1,2,1
1608,50.32,13,40.76,15,37.82,7,42.12,6,42.12,7
1618,19.55,7,16.03,6,16.51,5,10.48,4,11.42,4
1620,44.11,26,51.61,26,40.46,8,35.48,5,36.19,5
1622,36.15,7,31.81,8,34.99,8,19.69,6,18.71,7
1623,43.27,18,35.91,17,37.35,16,24.37,12,23.64,14
1628,19.5,9,20.28,9,16.22,5,10.64,5,10,5
1635,69.48,27,70.87,31,57.4,29,60.58,25,66.64,28
1636,16.4,11,17.06,10,15.35,9,5.05,5,4.8,5
1642,48.08,11,56.73,10,52.76,9,37.26,4,40.61,4
1645,12.18,6,11.57,4,10.76,4,2.44,1,2.44,1
1646,32.26,8,37.1,6,33.24,3,38.71,3,38.71,3
1647,15.27,5,16.34,3,14.25,1,8.85,1,9.65,1
1648,27.46,10,32.4,9,36.94,9,35.96,7,32.36,8
1653,11.35,7,10.78,8,8.73,0,2,1,2,1
1655,54.73,5,53.64,6,54.18,6,41.14,3,38.67,3
1668,56.69,20,64.63,22,54.29,19,53.89,9,50.12,8
1673,50.9,11,55.99,11,43.9,5,39.83,5,36.64,4
1674,50.72,15,59.85,17,46.92,8,45.79,7,41.21,7
1675,30.54,10,26.88,9,22.58,7,15.9,5,14.95,6
1678,18.08,4,17.18,5,13.47,3,9.69,3,10.47,3
1689,19.29,9,16.59,9,15.43,7,6.12,5,6,6
1696,47.01,14,41.37,15,37.65,15,35.17,14,37.28,13
1699,10.82,9,11.14,9,11.92,8,2.49,1,2.69,1
1706,64.56,15,72.95,15,69.3,13,72.7,12,71.25,10
1710,49.68,16,52.66,17,53.19,14,39.93,11,43.12,10
1713,22.31,7,26.55,8,19.54,4,21.34,5,22.83,4
1715,64.8,14,51.84,15,55.47,13,40.37,12,41.58,12
1716,33.03,9,35.67,10,33.1,5,41.66,4,44.16,4
1725,64.99,11,61.74,9,51.86,5,51.64,5,50.09,4
1729,9.12,5,10.85,5,13.02,4,3.63,2,3.96,2
1730,52.53,16,57.78,14,61.82,5,41.46,5,44.78,5
1734,21.62,15,24,15,21.12,15,10.74,10,10.1,11
1736,13.63,3,15.95,3,15.31,3,4.78,2,5.21,2
1740,25.87,8,23.8,7,23.32,7,11.36,4,10.56,4
1745,54.9,11,52.7,12,47.43,12,47.12,4,50.42,4
1746,57.42,11,49.38,11,58.76,11,56.64,9,56.07,7
1750,17.57,8,20.73,8,22.8,7,16.94,7,17.96,6
1754,72.37,12,59.34,11,50.44,11,35.36,7,36.42,7
1759,45.64,10,51.12,12,42.94,10,38.23,8,37.47,7
1762,35.54,17,28.79,18,21.88,5,13.88,5,14.57,6
1776,28.83,6,24.79,6,19.83,3,23.75,3,25.18,3
1780,16.63,6,14.63,7,13.02,7,5.32,4,5.21,3
1782,49.91,13,58.89,12,53.59,10,57.77,6,61.81,5
1785,34.93,10,29.34,12,30.51,12,16.41,10,15.1,10
1798,70.21,13,58.27,15,45.22,7,37.78,6,39.29,7
1802,30,9,35.4,7,31.43,4,36.61,4,33.32,5
1803,36.87,7,39.08,8,45.33,8,41.5,8,43.99,8
1808,18.69,8,17.01,9,19.73,9,6.78,7,6.37,6
1820,10.11,5,11.32,4,10.41,4,4.39,1,3.95,1
1824,33.55,11,32.54,10,28.64,10,15.91,10,14.96,10
1835,28.57,7,30.57,5,33.02,5,20.73,5,19.9,4
1836,50.32,16,48.31,13,46.38,7,52.13,7,57.34,6
1837,59.65,11,65.02,12,56.18,5,74.46,5,77.44,6
1840,32.23,16,35.45,18,40.77,17,34.77,9,34.07,8
1842,29.3,11,26.96,10,19.62,5,20,6,20.2,6
1846,40.97,12,40.15,11,42.96,9,27.09,6,28.72,6
1854,16.73,5,18.9,4,22.11,4,16.88,4,15.53,4
1855,22.21,5,17.77,6,15.28,6,9.35,3,10.29,3
1857,19.6,7,17.25,5,15.35,5,9.58,4,10.54,4
1866,57.14,20,57.14,24,52.57,5,63.65,5,61.1,6
1868,28.56,8,29.13,8,23.07,4,24.86,5,25.61,5
1869,17.36,6,14.76,7,12.52,3,11.22,3,11.56,3
1870,15.49,6,12.39,7,11.5,4,4.22,1,4.14,1
1871,19.84,3,17.66,4,19.25,3,8.9,2,9.35,2
1882,56.22,21,55.1,23,45.18,24,32.31,22,33.28,25
1887,53.42,17,52.35,16,48.69,16,38.28,15,34.83,18
1890,32.24,8,31.92,6,28.41,6,20.27,5,20.27,5
1908,52.13,12,60.47,11,56.12,5,73.67,4,67.78,4
1922,15.46,9,12.52,8,11.64,8,4.8,2,4.56,2
1931,35.19,8,40.12,9,46.14,9,47.37,9,45,10
1943,14.79,8,14.35,6,14.06,6,7.47,4,7.17,4
1947,23.81,10,25.95,11,28.03,9,16.23,7,16.88,8
1950,37.62,8,43.26,6,39.1,3,30.1,3,27.69,3
1956,43.58,13,46.63,13,43.65,6,38.28,6,41.34,6
1957,32.92,10,38.85,9,27.66,4,19.36,3,18.39,3
1962,18.03,7,21.1,5,23.21,5,18.16,5,17.98,6
1966,62.39,10,56.77,10,41.33,5,50.41,4,50.91,4
1968,21.24,9,19.12,9,22.75,9,14.07,6,14.35,6
1971,13.04,3,13.95,3,16.6,3,6.45,2,6,2
1983,55.12,14,53.47,14,52.4,14,38.02,6,41.44,6
1986,41.49,14,37.34,13,23.9,6,16.19,6,17,6
1988,38.99,14,38.99,14,45.62,12,43.73,4,41.11,3
1991,27.11,16,24.4,18,21.08,8,20.72,9,20.1,10
2006,25.1,10,26.36,10,24.78,9,23.24,9,20.92,8
2010,52.4,14,51.88,13,51.88,14,50.59,6,54.64,6
2013,6.47,3,5.95,3,6.07,0,2,1,2,1
2017,31.95,9,26.52,9,29.17,9,24.34,3,26.77,2
2024,26.82,11,25.48,12,22.93,11,19.52,9,18.35,8
2025,16.64,6,16.64,5,13.64,5,9,2,9.81,2
2034,22.89,8,22.2,8,25.53,8,18.51,8,18.88,9
2038,30.73,13,29.81,12,28.62,10,16.18,9,15.86,9
2039,10.41,9,8.95,8,9.13,0,2,1,2,1
2042,52.78,11,61.75,11,67.93,11,70.48,4,69.07,5
2043,35.64,20,34.57,21,33.88,19,25.22,8,24.46,7
2044,29.59,9,29,9,24.07,7,14.83,6,14.53,7
2045,49.14,12,43.73,11,35.42,11,33.44,7,33.77,8
2046,30.24,22,30.54,21,25.65,17,20.19,7,19.18,7
2054,22.53,9,24.56,8,19.65,8,13.83,4,14.94,5
2058,16.55,7,13.57,6,14.25,5,2.97,1,3.27,1
2061,16.23,6,19.31,6,21.82,6,18.31,4,17.94,5
2063,16.32,8,19.42,7,20.97,6,18.74,6,17.43,7
2064,36.84,15,33.52,12,32.18,5,38.24,6,37.86,5
2067,54.6,13,57.33,15,67.65,12,54.56,8,51.29,7
2069,42.26,9,40.99,9,36.07,9,29.96,9,31.16,8
2073,23.66,12,27.21,11,27.21,9,14.67,6,13.79,5
2077,57.12,16,46.84,16,40.75,16,30.53,7,29.92,7
2079,19.38,15,20.74,15,21.15,13,10.34,9,9.82,9
2087,12.86,3,12.35,3,10.57,1,2.57,0,2.65,0
2092,11.86,4,14.23,4,11.81,0,2,0,2,0
2094,57.43,17,63.17,17,42.95,9,51.06,5,51.06,5
2097,30.25,11,24.5,11,20.34,11,12.73,5,11.46,4
2116,23.29,13,22.13,11,15.4,5,7.17,5,6.88,5
2124,46.27,12,47.2,11,31.34,5,39.84,4,40.24,3
2132,63.23,18,56.91,19,54.06,17,57.87,16,54.4,16
2139,24.04,15,28.13,15,21.15,7,19.38,6,18.8,5
2142,15.57,7,12.92,7,12.53,7,2.15,0,2.02,0
2152,28.72,9,31.59,7,24.01,3,18.01,3,19.27,3
2159,41.71,21,45.88,19,37.16,17,33.88,15,31.17,12
2163,44.35,17,36.81,17,40.49,17,27.01,9,28.36,10
2168,40.06,18,33.65,19,39.03,19,26.35,16,27.67,13
2169,30.16,12,30.16,12,25.1,6,19.55,6,19.55,7
2170,34.01,14,31.29,14,30.35,13,29.12,11,31.74,11
2174,13.86,4,15.38,3,17.07,3,9.39,1,10.14,1
2175,80,14,80,14,80,12,80,10,80,8
2180,39.81,7,42.2,7,36.71,7,29.55,6,26.6,7
2184,20.04,9,17.23,9,18.95,9,6.16,7,5.67,8
2185,21.15,6,17.13,7,16.44,7,10.11,5,10.01,5
2190,25.9,10,23.05,8,24.66,8,13.97,6,15.23,6
2193,15.95,4,13.08,3,8.58,2,3.23,1,3.17,1
2194,66.36,11,65.03,13,59.3,6,51.05,7,45.95,8
2196,47.26,11,55.29,11,65.24,9,44.84,6,41.7,6
2197,26.58,9,31.36,9,36.69,7,33.83,3,33.49,3
2199,79.52,22,80,24,80,20,80,15,80,17
2202,71.78,13,59.58,16,51,7,52.29,6,55.43,5
2203,53.35,14,57.62,15,41.94,6,39.61,5,38.82,6
2212,25.13,8,26.39,7,22.17,6,9.4,6,9.4,7
2215,11.7,9,13.57,8,9.66,4,5.17,3,5.17,3
2221,34.9,18,28.62,18,27.25,9,27.4,7,24.93,6
2228,27.42,5,27.97,5,25.06,2,24.64,2,22.92,2
2236,71.39,25,75.67,25,73.4,21,76.68,5,80,4
2242,29.38,10,27.32,9,29.23,8,26.32,3,26.85,3
2251,35.85,9,31.19,10,21.21,4,18.65,3,17.72,3
2253,36.91,11,33.59,11,38.29,9,35.88,9,34.09,8
2271,80,16,80,17,64,7,80,6,80,6
2275,24.4,6,27.57,6,23.43,6,16.49,6,16.65,7
2280,15.62,8,16.56,8,18.88,7,6.48,4,6.54,4
2281,21.05,7,21.89,7,18.91,3,16.46,3,15.97,3
2282,31.3,7,36,7,29.52,6,18.45,5,19.74,4
2283,25.87,7,31.04,7,24.58,3,15.58,3,16.2,4
2287,18.32,6,20.15,5,20.75,5,8.02,2,8.5,2
2291,35.7,11,38.56,13,32.39,11,21.18,8,21.82,7
2294,41.45,17,45.18,17,41.11,17,28.82,9,31.13,9
2296,48.67,11,48.67,11,45.75,11,37.75,11,39.26,12
2299,66.23,14,70.87,15,61.66,15,66.99,14,61.63,16
2300,8,5,6.8,4,6.66,0,2,1,2,1
2306,14.04,5,14.18,5,12.9,4,4.29,2,4.29,2
2310,56.03,11,54.91,10,35.58,5,41.15,4,39.92,3
2311,46.37,15,47.3,16,40.68,15,36.34,7,36.34,8
2315,65.66,11,74.85,12,80,12,80,11,80,10
2317,80,14,80,15,78.93,12,80,6,73.45,7
2320,42.83,7,40.26,7,43.48,6,41,4,41.82,4
2321,14.44,5,13.28,4,9.14,2,2.53,0,2.5,0
2324,15.31,6,12.71,6,10.17,0,2,1,2,1
2328,54.87,14,47.19,17,53.32,17,42.52,12,44.22,11
2329,52.34,16,48.15,17,38.52,16,27.98,15,27.14,17
2332,54.94,16,60.98,18,53.66,16,40.76,8,40.35,9
2333,28.49,15,27.64,16,21.89,9,15.35,8,16.12,9
2341,14.22,5,15.78,3,13.26,3,3.73,2,3.66,2
2348,35.12,14,29.15,16,22.15,8,20.52,7,19.9,8
2355,73.04,12,62.81,12,58.41,12,37.73,11,34.33,12
2356,62.28,17,50.45,17,60.04,17,55.44,14,58.77,13
2370,51.65,9,49.58,8,49.08,7,37.68,4,41.07,5
2373,17.95,7,14.72,5,16.19,5,11.81,4,11.1,3
2378,27.58,15,29.79,13,28.3,14,27.39,11,25.75,9
2382,18.41,3,16.57,3,15.08,2,9.08,2,9.08,2
2386,55.78,17,56.34,17,46.2,14,33.5,11,35.18,10
2389,57.88,14,59.62,13,51.99,6,63.14,5,63.77,4
2391,10.91,7,12.33,5,12.33,4,5.43,2,5.7,2
2392,22.97,12,27.1,14,25.2,11,14.18,9,13.9,10
2396,14.46,8,12.87,7,8.65,3,2.97,0,2.67,0
2397,48.2,11,49.65,11,57.59,9,60.53,3,55.08,3
2398,24.21,11,24.21,9,18.4,4,20.22,4,19.82,4
2401,39.89,16,31.91,16,29.1,7,33.29,7,35.95,8
2413,48.24,17,52.1,16,47.41,13,47.1,11,47.57,11
2414,20.49,10,22.33,10,18.09,10,8.28,8,7.7,7
2423,28.27,7,31.1,6,29.86,5,23.86,2,24.81,2
2425,53,7,49.82,6,49.32,6,38.37,2,41.06,2
2427,44.03,12,44.91,11,44.01,11,26.21,10,26.47,10
2429,47.41,8,52.15,8,58.41,6,52.16,4,53.72,3
2433,48.47,17,39.26,19,32.98,15,23.68,6,25.1,7
2448,56.26,17,64.14,17,59.01,16,51.6,15,56.76,13
2451,16.96,13,16.79,14,16.96,12,9.49,8,9.3,7
2458,50.59,16,53.12,16,61.62,15,59.55,6,53.6,6
2463,73.75,15,80,18,64,8,80,8,80,8
2465,58.08,18,67.95,19,55.04,17,44.94,8,49.43,9
2467,34.07,15,36.45,16,25.66,8,28.25,8,25.71,8
2470,40.26,12,33.42,13,32.08,11,25.33,7,27.86,6
2475,42.74,13,41.89,14,47.75,13,32.2,11,32.84,10
2481,65.05,20,77.41,20,80,18,80,8,80,8
2489,35.52,15,33.74,16,29.35,14,21.47,14,23.4,15
2491,18.01,8,17.65,7,16.1,3,7.7,4,7.08,4
2500,46.32,17,52.8,15,49.63,13,44.6,11,45.05,13
2504,36.89,28,38.73,27,42.6,25,38.01,5,41.81,5
2507,8.86,6,8.42,4,6.82,0,2,0,2,0
2509,23.07,9,27.22,10,19.38,5,15.75,4,17.33,5
2514,30.21,7,36.25,7,24.36,3,18.97,3,18.97,3
2517,41.49,8,39.42,7,31.54,7,22.86,6,21.03,5
2520,12.26,5,9.81,3,10.4,3,5.44,2,5.6,2
2524,45.17,8,51.04,9,34.3,4,26.72,4,24.58,4
2527,15.84,9,14.57,7,16.46,6,10.45,4,10.55,4
2542,33.25,9,34.58,10,38.04,9,32.8,9,29.85,10
2547,19.31,8,22.79,7,23.25,6,14.02,5,12.9,5
2549,29.68,16,31.46,19,35.24,17,27.48,17,29.4,16
2553,29.56,7,27.2,7,31.55,7,18.5,3,16.84,3
2556,45.24,6,47.95,5,40.28,5,26.85,2,24.17,2
2559,45.12,8,42.41,7,27.14,4,22.5,4,24.3,4
2561,25.17,7,22.9,6,23.13,6,19.37,4,18.21,4
2563,32.56,21,34.51,22,29.33,22,21.62,9,23.13,10
2566,13.34,5,14.14,6,9.84,3,5.05,3,5.25,3
2574,42.31,18,47.81,19,40.64,19,28.17,19,30.42,19
2575,44.1,11,46.75,13,52.36,11,52.74,9,53.79,8
2587,47.83,19,44.96,23,42.08,5,47.13,9,44.77,7
2590,31.99,15,27.19,13,24.36,6,24.19,5,24.19,5
2592,46.48,12,46.94,11,45.06,10,39.76,9,42.94,11
2593,28.15,11,28.99,11,29.57,9,28.3,7,31.13,8
2599,45.67,10,47.5,11,40.28,5,35.31,6,36.72,6
2611,27.61,9,27.61,9,24.07,4,17.67,4,18.55,4
2613,11.09,9,10.87,8,8.78,4,4.96,1,5.26,1
2623,25.48,14,30.58,12,29.97,11,21.27,10,23.4,8
2626,70.91,23,57.44,22,47.68,18,43.49,16,40.88,13
2640,48.98,16,56.33,15,66.47,13,55.48,11,54.37,11
2642,21.32,7,22.39,6,23.06,5,16.6,4,17.43,3
2645,11.97,6,9.7,4,7.68,0,2,0,2,0
2649,13.07,8,12.16,8,12.04,8,7.73,6,7.81,6
2651,68.9,14,68.9,13,55.81,13,47.37,10,45.48,9
2652,25.41,8,26.17,6,23.66,3,25.82,3,26.85,3
2655,41.09,17,38.21,16,40.5,13,38.17,12,39.32,10
2661,70.71,16,79.2,19,80,17,71.38,16,73.52,17
2668,31.48,15,29.59,15,26.04,7,18.67,7,17.92,8
2669,27.74,9,33.01,9,36.97,8,24.79,4,26.28,3
2671,55.59,16,53.37,14,49.53,6,63.96,6,67.8,6
2685,20.89,8,22.77,7,25.5,7,22.58,4,21.9,4
2686,14.48,8,11.73,8,11.61,7,3.87,1,3.79,1
2701,37.03,17,44.44,17,40.44,17,38.89,7,42.39,6
2702,9.21,4,8.66,3,9.87,3,3.87,1,4.06,1
2703,26.66,17,26.13,15,24.56,16,14.37,14,15.23,15
2710,14.96,8,17.5,7,18.9,7,13.47,7,13.07,7
2729,17.3,8,16.09,6,19.31,6,8.57,2,7.8,2
2737,43.65,14,46.71,14,53.25,13,50.51,9,45.96,9
2742,25.5,7,29.33,6,31.38,5,26.52,1,24.66,1
2743,44.44,15,38.66,14,36.73,13,25.89,10,27.7,12
2768,18.67,4,22.4,4,26.21,4,15.06,3,14.46,3
2770,55.19,16,50.22,16,48.21,16,36.87,13,38.34,14
2774,30.83,12,24.66,12,20.22,12,14.62,12,14.33,14
2777,43.66,11,39.73,12,35.36,11,29.36,9,29.36,9
2781,53,22,55.12,25,52.36,26,39.69,25,39.29,24
2782,73.74,11,66.37,12,65.04,11,59.29,10,62.85,10
2784,11.88,5,11.4,3,13.22,3,2.24,1,2.2,1
2785,28.2,16,33.28,17,30.28,14,24.79,7,22.56,8
2794,23.53,10,20.24,9,20.64,7,13.88,3,13.88,3
2804,18.31,9,17.39,8,16.69,8,10.86,8,11.4,8
2810,66.08,10,54.19,10,55.27,10,47.82,8,51.65,7
2811,36.72,13,35.62,11,33.84,10,24.79,9,24.29,11
2814,52.22,23,44.91,26,34.49,5,39.27,5,36.52,5
2816,14.31,9,14.6,9,13.43,8,5.7,3,6.04,3
2826,56.5,11,50.85,10,50.85,10,46.43,7,43.18,6
2830,29.94,8,32.04,6,22.56,3,16.25,3,15.28,4
2832,47.35,18,37.88,17,30.68,14,19,11,20.14,12
2834,63.91,27,58.8,25,47.04,25,39.57,5,35.61,4
2837,36.58,10,41.7,11,35.86,11,24.12,8,26.05,7
2838,40.75,12,38.31,14,32.56,12,22.61,9,21.25,11
2841,14.94,6,16.88,6,17.56,5,11.84,2,12.67,2
2845,33.16,13,38.13,14,32.79,11,23.82,9,25.25,8
2850,13.44,11,11.42,10,10.5,5,8.84,6,9.72,7
2854,38.04,12,44.13,14,28.95,7,19.95,7,19.75,7
2855,27.72,18,22.45,18,20.43,17,14.47,14,13.17,16
2869,52.79,16,53.32,15,43.72,15,29.16,14,30.33,12
2872,34.56,15,41.47,18,43.54,16,33.19,7,35.51,7
2874,40.22,20,41.83,19,33.88,17,26.2,17,25.15,18
2877,49.09,24,55.47,24,58.24,21,53.57,9,57.32,8
2878,43.18,12,48.36,12,39.17,11,34.91,10,37.35,11
2880,27.49,10,32.71,11,25.65,5,23.74,4,23.03,3
2881,43.1,6,40.08,5,35.59,3,29.93,3,32.03,4
2883,41.38,15,37.66,16,40.67,14,26.98,12,27.52,11
2885,61.2,15,56.92,16,46.67,16,39.67,14,38.88,15
2889,23.53,7,24,7,16.32,3,17.07,2,17.58,2
2896,35.22,9,42.26,9,42.68,9,34.53,4,33.49,4
2899,45.04,11,42.34,10,49.54,10,33.61,7,34.95,6
2900,12.19,4,14.26,4,9.7,2,3.73,1,3.84,1
2901,54.64,13,51.91,12,59.18,12,47.26,5,45.84,4
2903,50.32,9,47.3,8,40.68,6,37.97,4,35.31,3
2912,17.49,6,15.74,4,15.9,4,7.63,2,8.24,2
2913,62.78,9,53.99,9,49.67,5,40.67,5,38.23,5
2914,37.55,16,35.3,15,33.54,14,27.55,11,30.31,10
2916,25.4,9,28.96,9,32.44,7,19.87,6,20.07,5
2918,43.25,11,48.44,11,36.82,6,36.18,6,39.44,5
2926,69.75,12,59.29,14,53.36,13,46.43,6,41.79,5
2931,57.61,11,52.43,13,44.04,13,38.24,9,38.62,10
2935,40.26,14,47.91,14,35.65,6,30.54,6,30.23,6
2936,37.95,12,34.16,12,23.5,6,15.5,6,15.5,5
2941,12.79,6,10.23,4,9.21,3,2.32,2,2.51,2
2942,7.53,6,6.85,4,5.42,0,2,0,2,0
2943,32.4,15,29.16,14,28.87,13,14.96,6,15.56,6
2947,34.97,15,34.97,16,32.52,15,27.1,6,27.64,6
2949,10.27,3,11.61,3,8.36,2,5.33,2,5.17,2
2957,20.76,7,20.14,6,16.11,3,17.56,3,18.09,3
2958,18.79,9,20.67,9,18.19,4,13.6,4,12.78,3
2961,11.36,7,11.36,5,12.84,5,7.28,2,6.99,2
2963,15.74,6,17,6,17.17,5,5.94,3,5.88,4
2971,10.78,4,10.67,4,10.35,0,2,2,2,2
2974,38.34,16,38.34,18,39.11,17,22.29,12,20.95,10
2976,49.52,19,49.52,20,51.01,18,39.93,13,39.13,12
2978,41.24,10,49.08,10,44.66,8,28.07,3,30.03,2
2982,15.39,5,14.47,5,15.63,5,6.32,4,6.76,4
2983,33.69,10,33.35,9,39.02,9,29.07,6,26.45,7
2987,17.85,4,20.35,4,14.33,2,6.04,2,5.8,2
2990,18.03,8,18.75,8,21.38,7,17.3,5,18.34,5
2998,13.09,5,14.14,3,15.55,3,7.77,1,7.3,1
3001,27.39,9,24.92,8,23.42,8,14.08,8,15.07,8
3002,37.03,10,42.21,8,39.26,8,32.47,7,29.87,6
3005,12.23,4,11.99,5,10.43,0,2,1,2,1
3006,45.07,9,45.07,8,43.27,8,40.03,4,40.03,5
3007,19.48,12,18.31,11,12.6,6,10.27,7,10.68,7
3010,42.15,12,49.32,12,43.89,10,32.7,10,34.66,11
3017,27.29,10,23.2,9,21.58,9,15.58,7,14.18,8
3029,19.37,9,22.28,7,26.07,6,18.33,2,16.5,2
3033,26.61,22,27.67,26,30.99,24,24.99,5,25.49,6
3036,32.09,7,31.45,6,27.68,6,25.28,5,25.53,5
3039,34.89,11,39.77,9,36.59,9,23.47,7,21.83,7
3047,28.19,10,27.06,10,28.41,8,18,8,16.2,10
3048,15.01,5,16.81,4,15.47,4,5.53,2,5.97,2
3049,23.98,12,22.06,11,21.84,10,17.15,10,17.84,9
3054,12.11,4,11.63,4,13.49,4,5.84,2,6.02,2
3056,52.36,13,49.74,13,39.79,13,34.77,12,34.07,14
3060,58.06,11,47.03,11,47.97,10,33.69,10,37.06,11
3068,35.32,7,37.79,7,34.39,6,25.98,2,27.54,2
3073,42.29,6,41.44,6,44.76,5,35.52,2,32.68,2
3075,18.75,8,16.31,8,18.92,7,6.89,2,7.51,2
3079,40,11,37.2,13,33.48,11,19.79,9,21.77,7
3082,35.38,8,31.84,7,32.48,6,21.21,4,21.21,4
3085,20.19,5,17.97,5,14.56,4,8.41,2,7.57,2
3090,13.52,8,14.47,9,11.92,4,4.26,1,4.47,1
3092,60.45,17,61.66,18,66.59,16,51.93,13,49.33,13
3093,30.38,11,34.63,12,40.17,11,30.56,9,32.09,8
3095,32.52,11,37.72,12,36.59,12,28.03,10,26.91,10
3096,53.61,14,54.15,16,60.11,14,45.3,5,47.11,5
3101,20.27,9,18.85,11,18.66,9,8.79,9,7.91,8
3105,46.26,18,42.1,20,31.32,5,27.06,5,28.95,5
3108,15.72,6,12.58,6,11.83,5,2.46,2,2.58,2
3113,40.01,14,34.41,14,33.03,7,27.34,8,27.07,7
3114,40.07,18,34.46,19,30.32,17,17.17,15,17.86,17
3116,36.41,9,34.23,8,32.86,3,37.19,3,33.84,4
3125,17.55,8,15.62,9,13.25,5,10.88,6,10.88,7
3133,42.27,14,43.12,15,37.94,6,47.54,5,52.29,5
3136,46.89,19,38.92,20,31.53,20,22.32,9,20.31,10
3137,62.44,16,64.94,17,43.64,8,48.64,7,49.13,7
3140,36.08,12,31.03,11,27.8,5,23.67,4,21.3,4
3148,54.88,14,47.2,15,39.18,14,27.48,12,28.3,11
3149,15.05,9,15.35,8,12.74,8,5.59,7,5.59,7
3151,30.67,9,31.59,8,29.69,8,17.53,5,15.78,5
3156,66.75,15,77.43,14,80,13,70.72,10,70.01,12
3157,29.68,8,24.34,7,25.07,6,21.33,4,20.69,5
3159,49.84,14,51.34,12,52.88,10,40.01,7,37.61,6
3163,34.72,17,38.89,18,33.06,18,26.7,16,25.63,14
3173,25.03,9,27.53,8,31.38,8,19.1,4,20.44,5
3178,11.35,6,12.71,4,10.42,0,2,0,2,0
3180,62.38,11,53.02,11,55.67,10,41.88,8,45.23,9
3188,58.12,14,53.47,15,55.07,14,44.87,6,41.73,6
3190,16.08,4,12.86,5,11.52,3,3.53,1,3.71,1
3191,52.31,10,53.36,9,51.23,9,38.13,4,34.7,4
3196,32.93,13,30.62,13,26.03,12,23.72,6,24.91,6
3198,50.87,16,53.92,16,35.37,7,40.63,6,37.38,6
3207,61.63,12,69.64,12,60.17,6,61.19,6,55.07,7
3208,72.14,12,62.04,12,70.73,12,71.1,9,74.66,8
3212,53.76,18,58.6,19,68.56,18,48.85,16,44.45,18
3215,50.59,13,57.67,12,52.14,6,69.25,7,63.02,8
3219,25.84,7,22.48,7,18.43,7,10.25,7,9.23,6
3221,37.64,15,30.86,15,29.63,14,21.85,14,21.19,16
3224,54.63,13,45.89,12,37.17,11,25.34,4,25.34,5
3230,37.44,8,35.94,8,35.22,7,30.98,5,30.98,5
3239,42.12,19,46.75,17,30.3,8,25.43,6,26.7,6
3240,25.24,7,22.97,7,17.46,4,13.42,3,13.55,4
3241,40.86,10,41.27,8,42.92,8,30.06,4,31.86,4
3248,7.49,3,6.82,3,4.86,0,2,0,2,0
3249,30.58,9,28.75,8,28.46,8,16.76,6,17.1,5
3255,35.87,13,37.3,15,44.76,12,46.71,11,42.04,12
3256,8.92,5,8.56,4,7.1,0,2,1,2,1
3258,49.33,16,50.81,15,54.37,14,41.3,12,37.17,10
3260,33.44,16,33.11,14,32.45,14,22.23,14,22.45,15
3268,32.22,25,29,25,18.56,5,17.06,5,16.21,5
3271,9.57,3,10.62,3,12.74,3,6.63,1,7.23,1
3282,65.37,13,68.64,13,50.52,6,57.78,6,62.4,7
3283,44.1,11,37.49,11,40.86,9,35.13,3,32.32,2
3285,20.88,11,21.51,13,13.94,5,8.11,5,7.79,4
3293,27.88,11,32.9,13,37.84,12,30.6,12,29.07,13
3301,33.64,14,31.29,13,32.54,12,19.96,10,21.36,12
3303,17.83,8,16.76,7,14.58,6,5.96,4,6.26,4
3305,31.68,9,37.38,8,27.51,3,26.67,3,25.34,3
3309,13.14,4,13.8,3,12.28,3,4.44,1,4.22,1
3311,27.08,10,22.75,11,20.93,11,11,7,11.66,7
3312,21.91,10,19.72,9,21.49,9,9.19,7,8.64,7
3313,27.11,11,27.38,10,29.57,9,20.68,6,20.89,7
3323,27.06,7,32.47,6,34.42,5,31.89,4,34.44,4
3332,42.35,13,49.13,12,49.13,12,33.25,8,32.59,7
3346,29.09,11,28.51,9,31.93,9,22.42,4,23.77,4
3356,33.48,14,32.14,12,34.71,11,30.79,9,31.41,10
3364,17.7,7,15.93,5,14.97,4,8.02,2,7.22,2
3368,34.84,7,28.57,5,24.28,5,15.79,3,15.32,4
3374,61.63,20,49.92,21,56.41,21,45.33,17,48.05,16
3378,18.27,6,18.64,6,15.47,6,8.02,5,8.34,5
3380,74.34,21,69.14,21,64,9,59.38,9,61.16,8
3382,8.03,3,7.71,3,8.71,0,2,1,2,1
3388,26.94,7,23.44,5,25.08,5,17.58,2,17.76,2
3390,62.88,16,72.31,14,63.63,13,57.54,11,58.69,12
3392,24.72,10,22.99,9,16.55,5,14.93,5,16.27,5
3407,58.19,13,68.08,11,58.55,11,59.75,5,58.56,5
3414,61.87,34,60.63,38,72.76,38,70.13,34,67.32,40
3416,25.23,7,29.27,5,24.88,4,19.12,4,20.46,3
3417,12.84,6,14,4,10.64,2,6.7,2,6.03,2
3420,22.98,9,21.6,7,25.49,6,23.57,2,23.57,2
3436,32.51,14,27.31,12,25.4,11,17.42,8,16.37,9
3439,47.39,14,51.18,13,43.5,11,37.94,11,36.04,12
3442,20.02,6,19.82,6,19.03,5,13.27,3,14.46,3
3443,74.2,21,60.1,21,66.71,17,49.04,9,46.1,10
3445,11.27,6,11.5,4,9.66,2,4.48,1,4.3,1
3452,58.39,13,65.4,12,68.02,11,60.02,5,60.02,5
3455,18.23,7,19.32,7,22.6,7,14.37,2,15.38,2
3458,43.62,19,37.51,21,44.26,20,39.47,16,39.08,14
3459,33.55,9,29.86,8,31.65,7,24.87,5,26.11,5
3462,18.76,7,20.82,7,17.32,4,17.82,3,17.11,2
3464,21.52,11,24.1,12,25.06,11,16.56,5,17.22,6
3466,16.09,5,16.73,4,18.74,4,14.18,1,15.6,1
3467,14.4,6,16.42,4,15.11,3,8.41,2,9.25,2
3469,35.62,18,32.41,18,36.3,15,27.85,6,28.69,5
3474,34.88,7,31.39,6,32.65,5,21.41,3,20.34,3
3479,32.13,7,32.77,6,28.84,5,22.42,4,24.66,4
3481,31.32,9,29.75,8,32.73,7,32.95,7,32.62,7
3491,54.55,17,56.73,17,43.57,9,56.81,5,54.54,4
3493,37.98,13,44.82,12,36.3,12,32.66,11,32.66,13
3496,55.95,23,52.03,21,54.11,20,42.86,9,42.86,9
3497,50.05,10,53.05,9,33.95,4,28.65,4,28.65,4
3500,50.66,24,45.59,22,46.5,20,41.43,19,41.84,18
3502,21.21,9,21.42,7,19.49,7,15.83,6,14.72,5
3512,22.38,5,18.58,5,19.14,4,13.86,2,12.89,2
3513,34.92,7,37.02,6,37.02,5,34.35,3,37.79,3
3515,44.64,14,51.78,17,48.88,9,52.88,9,51.82,7
3516,23.09,7,20.55,5,17.47,5,11.17,4,11.73,4
3523,12.61,6,14.5,4,17.4,4,6.96,4,7.24,4
3543,36.72,11,29.74,10,27.12,5,21.48,6,22.34,7
3544,29.39,8,29.1,6,26.77,6,21.04,4,22.09,5
3547,32.01,13,33.29,13,35.95,13,25.43,13,24.41,15
3548,19.53,3,17.77,3,16.7,3,6.87,2,7.42,2
3559,45.6,11,38.76,10,33.72,10,30.08,8,29.18,8
3563,37.79,16,42.32,16,39.36,15,32.72,7,34.36,7
3564,37.96,13,44.03,12,28.53,6,29.09,5,27.05,5
3573,33.58,8,31.9,6,29.99,6,18.29,4,18.29,4
3576,61.38,16,71.2,14,71.91,11,74.98,9,75.73,8
3577,35.91,7,34.11,5,29.68,5,22.79,2,21.19,2
3586,6.36,3,5.53,4,4.92,1,2,1,2,1
3587,24.48,14,26.93,12,22.41,6,18.73,6,18.17,6
3595,46.15,13,45.69,12,43.86,5,49.57,6,51.06,6
3601,47.06,20,53.65,22,50.22,5,52.89,5,49.72,4
3602,22.29,12,26.3,13,29.72,13,27.77,10,29.71,11
3610,30.27,6,26.94,5,25.22,3,22.05,3,20.07,3
3614,18.44,7,21.94,7,20.4,6,9.73,5,10.31,4
3619,53.69,14,49.93,17,44.94,14,31.9,9,29.35,7
3624,34.5,20,32.78,21,33.11,21,21.48,19,20.62,17
3628,25.51,9,29.34,9,25.23,8,16.98,8,15.96,9
3632,35.74,15,38.6,15,46.32,12,38.39,9,39.54,8
3634,20.08,8,21.08,7,20.87,6,17.37,2,19.11,2
3638,80,14,80,15,64,8,80,7,80,8
3639,36.5,11,33.95,13,23.63,6,28.45,5,28.45,6
3640,44.84,9,47.98,7,54.7,6,53.08,3,50.43,2
3641,30.8,8,26.18,9,24.35,8,16.65,4,17.48,5
3643,43.81,13,36.8,12,28.85,6,24.37,7,26.32,7
3645,24.27,4,23.78,4,28.54,3,24.68,1,27.15,1
3646,40.22,7,41.83,7,42.25,7,40.17,4,43.38,4
3652,34.45,9,33.42,9,26.74,4,28.43,4,26.72,5
3654,34.59,16,37.7,15,35.89,7,40.21,6,41.42,5
3656,12.55,5,14.18,5,13.75,5,9.36,2,9.73,2
3659,41.11,15,48.51,12,49,10,41.96,10,44.06,11
3661,22.52,10,25.67,12,23.87,12,12.53,5,11.53,4
3671,28.08,7,31.73,8,37.76,8,36.31,8,38.13,9
3672,13.83,5,11.76,5,14.11,5,5.84,5,6.31,5
3677,49.12,12,51.08,11,59.25,11,57.58,10,55.28,9
3679,51.18,21,60.9,21,40.44,5,48.61,5,45.21,6
3683,42.34,20,37.26,20,34.28,20,22.88,18,20.82,18
3689,22.63,8,24.44,8,29.08,8,26.31,6,27.89,6
3692,35.79,16,29.71,17,25.19,9,19.34,5,20.69,4
3694,73.68,12,80,12,79.51,12,67.33,11,68,12
3701,54.27,13,46.13,14,47.05,12,35.29,12,33.53,14
3702,39.18,15,34.09,17,37.5,15,30,14,30.9,14
3704,13.65,4,14.06,4,10.23,2,5.05,2,5.45,2
3716,19.54,5,20.91,6,16.56,3,14.15,3,13.58,3
3717,9.08,3,8.9,3,10.68,3,4.68,2,4.54,2
3723,31.38,16,30.44,16,28.61,16,18.75,8,19.13,7
3724,40.96,14,49.15,14,44.24,14,35.8,10,37.59,8
3727,34.46,11,37.56,11,30.42,11,21.99,8,22.87,8
3728,42.42,14,35.21,15,38.73,15,28.86,13,31.17,15
3730,41.64,11,48.72,9,45.99,4,55.39,4,57.61,3
3731,70.81,18,80,21,67.35,22,69.43,5,68.04,5
3732,43.72,13,49.84,13,58.31,11,58.14,5,54.07,6
3735,20.21,9,21.02,10,17.32,5,13.57,4,12.62,4
3738,15.02,6,17.57,5,18.8,5,11.42,3,11.65,3
3744,23.25,7,25.34,6,25.85,6,19.44,4,17.5,3
3745,10.24,6,8.91,4,7.91,0,2,0,2,0
3748,42.11,13,48.43,11,43.59,10,32.41,7,31.44,8
3750,57.93,7,68.94,8,59.98,7,63.78,2,64.42,2
3751,17.18,8,19.24,7,22.51,7,13.93,5,13.65,5
3757,43.85,12,42.53,12,49.76,12,38.77,10,40.71,8
3761,7.6,3,6.69,4,6.15,0,2,1,2,1
3762,26.31,9,28.41,8,28.69,7,16.53,3,17.03,4
3764,18.89,7,18.89,6,12.7,3,5.49,3,5.54,3
3768,29.19,15,25.4,14,19.5,7,17.16,6,17.85,6
3770,46.38,11,39.42,13,46.52,14,39.85,13,36.66,14
3772,26.77,10,21.95,10,17.74,5,12.84,6,14,6
3783,42.07,10,49.64,11,45.67,9,37.3,5,36.18,5
3786,38.32,13,33.72,11,27.25,6,27.06,7,28.95,8
3794,50.12,15,55.63,14,46.29,6,49.86,5,45.37,5
3796,28.31,13,24.91,12,21.12,6,21.83,7,21.61,7
3804,15.66,5,18.79,4,16.98,2,16.5,2,16.34,2
3807,22.47,4,25.39,3,22.85,2,15.76,1,14.66,1
3813,43.14,11,51.34,10,47.75,10,31.16,4,33.03,5
3817,14.46,5,15.62,4,16.71,4,7.7,2,7.93,2
3818,46.53,13,54.44,14,59.34,14,52.15,15,49.02,17
3819,13.91,5,16,5,14.72,5,6.81,3,6.88,3
3824,46.51,19,51.63,22,53.18,21,47.71,17,49.14,17
3825,7.66,4,7.28,3,8.08,3,3.05,2,3.14,2
3829,49.98,17,52.98,20,57.75,16,43.4,12,46.44,10
3833,14.64,4,14.35,4,11.48,0,2,1,2,1
3836,12.3,6,11.93,4,13.48,4,8.69,3,9.04,3
3837,17.36,8,14.76,6,16.24,5,10.16,5,9.14,6
3842,40.37,16,33.91,19,30.93,5,28.57,5,25.71,6
3847,47.6,10,55.22,9,53.56,9,52.52,6,50.42,7
3851,38.46,8,45,9,36.9,9,25.58,6,26.35,7
3853,79.82,12,66.25,11,73.54,9,50.83,4,50.83,4
3854,19.78,6,22.75,5,22.98,4,15.13,2,16.49,2
3856,45.47,9,39.56,8,43.91,7,41.74,5,41.32,6
3858,18.43,8,18.61,7,21.59,7,14.08,7,14.64,8
3864,11.42,6,11.53,6,9.34,0,2,2,2,2
3869,44.97,16,51.72,14,45.93,7,58.02,7,57.44,6
3877,26.54,8,21.23,9,20.38,9,13.36,4,13.36,3
3881,39.1,15,31.28,17,36.91,17,32.71,8,34.67,8
3884,60.17,24,55.36,23,59.79,22,54.39,22,48.95,20
3885,29.8,8,34.57,7,29.31,3,22.14,4,21.92,4
3888,44.57,15,48.58,15,34.59,7,28.59,8,28.88,8
3894,58.54,26,54.44,30,50.63,25,43.15,5,45.31,6
3895,64.42,19,68.29,19,71.02,18,49.53,8,45.57,7
3898,14.04,6,11.93,6,9.64,3,4.26,1,4.39,1
3903,40.21,15,45.84,15,53.63,15,45.7,14,41.13,17
3914,58.74,13,46.99,13,45.11,10,44.68,9,46.47,10
3927,67.57,15,80,15,64,8,66.05,5,72.66,6
3928,9.03,4,9.3,3,7.66,2,3.87,1,3.95,1
3935,31.81,8,37.54,8,41.67,7,40.09,6,41.69,6
3938,80,21,80,23,80,21,80,9,80,10
3952,43.39,7,40.79,5,35.49,5,28.62,1,29.76,1
3957,13.7,9,11.65,7,11.88,7,3.86,1,3.98,1
3960,10.79,4,9.82,4,11.69,4,6.09,2,6.21,2
3973,44.89,12,44.44,12,29.15,6,22.52,6,20.94,7
3975,10.15,4,11.17,4,9.61,4,2.32,1,2.13,1
3979,11.16,7,11.72,5,11.02,0,2,1,2,1
3987,30.99,10,25.1,11,20.08,10,9.67,6,8.99,7
4003,19.62,6,19.62,4,15.89,4,7.14,4,7.14,5
4011,68.76,18,77.7,17,64,9,80,9,80,10
4022,25.18,6,27.7,5,25.76,4,13.61,2,14.15,2
4030,34.95,10,36,9,37.44,9,27.94,4,25.43,4
4033,18.67,10,20.91,9,21.12,9,11.53,8,12.68,9
4039,24.81,8,28.04,7,24,3,19.1,3,18.34,3
4043,62.12,16,51.56,19,33.41,9,37.68,5,39.19,4
4054,41.88,8,48.16,8,52.01,8,53.33,5,49.06,5
4057,42.46,13,46.71,16,38.86,8,52.3,6,52.3,6
4061,40.48,8,46.96,9,31.18,4,34.49,3,36.9,2
4064,30.61,9,26.94,8,29.9,8,18.82,5,17.31,5
4066,49.24,9,57.12,9,61.69,9,62.33,4,67.32,4
4067,56.13,15,57.25,15,39.85,8,49.29,8,44.85,8
4068,16.56,4,14.9,4,14.18,2,13.21,2,12.55,2
4069,29.18,13,30.64,14,29.72,12,22.13,10,23.68,10
4071,18.94,7,19.51,5,16.39,5,7.39,3,8.06,3
4072,47.18,10,41.99,12,41.57,11,31.83,5,31.83,4
4074,10.75,4,8.92,3,10.17,0,2,1,2,1
4085,33,10,36.63,8,35.16,7,31.62,5,30.04,4
4087,33.13,8,37.77,7,25.98,3,23.16,3,20.84,3
4088,53.37,20,46.43,20,40.86,16,37.95,14,34.16,12
4095,60.46,19,65.3,20,45.97,8,43.29,8,47.62,7
4097,25.46,12,25.46,11,19.96,5,16.45,6,17.93,6
4098,23.68,9,28.42,7,24.44,6,22.35,2,23.69,2
4100,35.66,14,31.74,13,27.93,7,31.8,6,28.62,6
4105,49.78,14,50.78,13,50.27,12,34.22,6,36.96,6
4107,23.3,4,23.3,4,15.47,2,15.63,2,14.85,2
4115,62.59,12,58.83,11,60.59,10,55.2,10,53.54,9
4116,31.33,13,31.02,12,30.71,12,20.17,4,19.77,3
4133,13.86,5,13.72,3,13.17,3,2.19,1,2.32,1
4134,74.86,6,80,6,80,6,80,2,80,2
4135,68.63,11,57.65,12,69.18,12,73.94,6,70.98,5
4136,32.68,10,35.29,8,38.47,8,25.24,3,27.01,3
4138,43.12,15,46.14,16,36.91,16,25.7,13,28.27,13
4144,10.12,4,11.94,4,11.27,2,3.68,1,3.39,1
4146,30.53,16,36.03,16,34.59,15,27.9,11,25.11,11
4148,12.18,6,13.28,6,10.89,6,5.11,5,4.65,6
4149,11.62,3,13.83,3,13.55,3,8.91,1,9.8,1
4161,42.19,10,48.1,9,43.86,5,58.25,5,52.43,4
4163,13.75,5,14.3,3,13.3,3,2.91,0,2.79,0
4179,64.52,19,52.91,17,35.98,8,32.82,8,34.79,8
4186,14.78,9,14.78,9,11.97,9,4.97,2,5.12,2
4190,17.18,9,16.32,9,14.23,4,7.48,4,7.03,4
4191,28.48,8,27.06,8,32.2,7,31.03,3,29.48,4
4196,42.73,6,38.88,7,40.44,6,25.35,5,23.32,6
4202,80,19,80,22,80,23,80,22,80,18
4203,62.04,15,49.63,16,59.06,17,52.83,12,57.58,11
4204,29.02,7,32.5,7,35.1,7,34.42,3,37.86,3
4206,59.82,21,64.61,21,59.44,22,45.09,18,46.89,14
4210,22.95,9,21.57,10,16.39,5,14.97,6,15.87,7
4214,60.41,10,71.28,10,63.3,5,78.45,5,80,6
4215,42.52,13,39.54,13,37.17,14,22.22,6,22.22,6
4216,61.12,23,55.01,25,64.36,25,62.87,24,67.27,27
4232,12.29,7,11.43,8,9.26,0,2,0,2,0
4240,70.65,12,79.83,12,57.48,6,60.26,7,64.48,7
4244,25.76,12,25.24,14,26.25,14,16.94,7,16.26,8
4249,22.95,8,22.26,8,19.59,8,14.33,6,14.19,6
4252,45.52,8,48.71,8,34.29,4,30,5,28.2,5
4259,8.99,4,9.62,4,10.77,4,3.71,1,3.71,1
4263,35.75,9,28.6,8,31.75,7,26.56,3,24.97,3
4270,11.51,6,10.13,7,11.04,6,4.03,2,3.71,2
4279,25.48,7,29.81,6,24.15,5,17.08,3,17.25,3
4282,32.22,9,30.61,8,34.9,6,25.55,2,23.25,2
4283,14.03,5,16.84,5,13.47,2,8.49,2,8.57,2
4286,30.15,9,36.18,8,31.84,4,38.17,4,36.64,5
4290,23.89,6,21.26,4,19.56,2,18.9,2,17.01,2
4296,10.36,5,10.36,4,8.29,2,4.05,1,3.93,1
4315,35.68,12,34.97,10,40.57,9,37.25,4,35.02,4
4317,16.73,9,15.22,8,15.37,7,5.06,5,4.55,6
4320,46.73,9,41.12,10,36.84,5,30.68,4,29.76,4
4321,40.14,14,34.12,14,32.07,14,28.52,6,29.09,6
4326,35.53,12,36.95,12,30.67,10,24.43,5,23.7,5
4330,52.67,21,46.88,21,43.88,5,35.43,9,34.37,10
4336,40.24,19,32.19,18,33.48,17,31.18,6,30.24,5
4338,49.12,10,55.51,11,52.18,11,34.83,8,37.62,9
4339,35.34,21,28.27,19,26.86,19,23.43,7,25.3,6
4343,21.96,7,21.96,6,25.69,5,14.12,3,15.53,3
4350,36.13,11,33.24,10,38.56,9,25.93,8,26.71,8
4356,26.42,9,30.12,10,26.51,9,17.06,8,16.89,7
4358,21.1,9,19.2,7,17.47,6,6.02,3,6.44,4
4368,34.51,9,31.4,9,36.74,9,20.39,7,20.8,6
4376,17.74,5,21.11,5,24.7,5,20.91,3,20.7,2
4385,7.45,6,6.48,5,6.03,1,2,2,2,2
4388,14.12,4,12.43,3,11.56,0,2,1,2,1
4393,11.6,5,9.28,3,6.09,0,2,0,2,0
4400,43.34,10,52.01,10,43.17,9,42.35,5,43.62,6
4411,68.08,11,55.14,12,62.86,12,50.46,10,53.99,11
4413,55.14,20,51.83,22,49.76,18,36.29,14,33.39,15
4429,80,17,79.34,16,60.3,7,55.05,6,55.6,5
4432,34.26,10,39.74,8,41.73,8,36.49,7,32.84,8
4438,60.38,12,65.81,12,55.28,12,38.44,5,39.98,5
4439,13.06,6,11.23,6,11.68,5,4.9,2,4.8,2
4442,23.16,11,23.16,11,19.45,9,11.67,7,12.37,8
4443,19.1,6,17.38,4,14.74,2,14.45,2,14.74,2
4446,20.11,11,17.29,11,17.64,9,9.52,8,8.76,7
4457,67.15,12,67.15,12,42.98,6,55.93,6,53.13,6
4480,45.17,13,47.88,13,32.18,7,24.58,7,25.81,7
4487,40.94,18,44.62,19,53.1,20,49.41,9,46.94,11
4496,32.28,17,37.44,15,32.2,13,23.91,13,24.39,15
4497,25.43,9,26.45,10,21.69,8,16.21,7,15.72,7
4498,80,17,73.67,17,57.76,7,70.42,8,68.31,8
4499,43.13,9,36.66,7,29.33,3,31.49,3,32.75,3
4502,41.58,12,36.59,13,39.15,13,34.28,12,36.68,10
4507,24.62,7,29.54,7,25.99,4,16.99,4,18.35,4
4511,21.54,13,22.4,12,22.4,10,12.59,10,12.46,12
4519,30.65,13,26.36,14,17.71,7,10.93,7,11.48,6
4526,18.74,8,19.86,9,14.3,4,9.44,3,9.72,3
4531,26.69,9,23.49,8,20.67,7,14.5,6,13.05,7
4538,59.61,25,55.44,23,48.23,21,30.07,19,30.37,22
4544,55.09,14,55.09,14,49.58,13,53,6,50.88,7
4545,48.53,14,46.1,14,34.3,7,38.16,7,35.49,6
4556,43.36,17,49.43,19,56.35,19,44.41,18,40.41,18
4558,18.68,9,21.48,9,19.98,7,16.58,3,17.41,3
4559,33.39,10,33.72,10,34.73,9,21.91,7,22.57,7
4569,80,21,80,22,64,5,80,5,79.12,4
4574,50.44,6,46.4,5,55.22,5,37.28,3,39.52,3
4590,32.63,20,37.2,19,26.78,9,28.82,8,29.11,8
4600,34.49,11,28.28,11,22.17,6,16,5,17.12,6
4602,26.86,20,30.35,18,33.39,15,18.71,7,17.4,7
4606,52.04,18,52.56,16,43.31,7,44.43,6,41.76,7
4611,52.99,10,63.06,9,56.75,8,41.37,6,43.02,6
4620,66.14,18,60.19,17,39.97,7,35.96,6,34.88,5
4624,45.96,13,39.07,13,35.94,10,33.89,4,35.92,4
4630,37.98,10,33.8,9,35.83,8,31.41,8,32.35,9
4634,60.94,14,54.85,14,46.62,13,34.09,10,34.09,9
4635,38.67,17,45.63,17,39.7,17,38.46,7,39.61,6
4636,56.75,10,64.7,9,54.35,9,51.61,4,51.09,5
4637,12.81,4,10.5,3,10.71,0,2,0,2,0
4638,53.24,16,43.66,16,51.08,15,53.76,7,53.76,6
4644,23.43,6,27.88,4,25.2,2,27.34,2,29.53,2
4645,50.86,7,52.39,7,53.96,7,44.88,5,46.68,6
4649,40.73,14,34.21,14,36.95,12,29.47,12,27.7,10
4658,43.42,15,45.16,13,48.32,11,39.8,10,41.79,9
4659,23.31,5,18.65,5,19.21,5,10.29,4,10.29,4
4662,41.13,11,46.89,11,56.27,10,58.96,4,64.86,5
4671,14.05,6,13.91,7,16.41,6,7.57,3,6.81,3
4676,72.59,15,76.22,15,80,14,80,6,80,7
4681,11.89,5,9.51,3,9.13,0,2,1,2,1
4684,54.51,11,51.24,11,40.58,6,35.64,5,34.57,4
4696,43.95,18,41.31,15,45.44,12,28.26,8,30.8,7
4698,58.17,16,50.61,17,60.23,15,59.46,11,54.11,12
4700,30.37,15,36.14,17,23.7,8,23.04,9,24.19,7
4701,25.55,15,28.11,17,32.89,15,33.47,12,32.47,14
4712,59.24,10,54.5,12,45.24,12,35.17,11,38.34,9
4726,31.04,11,28.87,11,30.89,11,21.89,9,22.11,9
4739,9.65,4,10.62,4,8.6,0,2,1,2,1
4740,34.82,10,35.86,8,28.69,4,35.24,5,36.3,6
4741,39.53,24,45.46,26,48.64,27,44.56,5,41.44,6
4742,30.52,14,36.62,14,34.06,14,33.19,11,33.19,13
4749,26.63,10,25.56,8,30.16,8,22.86,4,24,4
4753,14.34,5,16.06,3,13.65,3,6.2,2,5.83,2
4754,29.6,8,26.05,8,29.44,7,19.91,5,18.32,5
4761,53.86,17,64.09,17,73.06,14,76.48,12,78.77,13
4772,19.86,13,20.26,14,23.1,12,14.71,5,14.27,5
4775,24.83,10,21.11,10,21.11,8,14.17,6,13.74,6
4776,8.5,3,9.44,3,7.93,0,2,0,2,0
4780,45.52,8,53.71,9,44.04,9,39.44,7,39.44,7
4784,80,14,80,14,80,12,80,10,80,12
4786,44.65,8,51.35,8,41.08,7,40.65,3,44.72,2
4789,63.9,17,70.93,17,59.58,7,69.95,6,73.45,6
4791,47.19,8,56.63,8,63.99,7,59.91,3,64.7,3
4804,17.88,8,19.31,7,22.01,7,11.61,4,11.38,4
4805,80,8,80,10,80,8,80,4,80,4
4806,25.48,9,27.01,11,20.1,6,13.11,7,14.16,6
4808,18.49,7,15.72,5,10.31,3,2.73,0,2.73,0
4809,29.45,8,32.4,8,33.37,8,20.03,7,21.43,7
4810,13.75,5,12.65,5,10.53,2,8.4,2,7.64,2
4811,75.72,18,80,16,80,16,73.75,14,74.49,12
4815,37.66,10,33.52,9,28.16,4,27.79,5,28.35,5
4816,18.78,7,15.96,5,11.87,3,6.91,3,7.12,3
4821,80,9,80,9,75.17,8,69.43,4,65.26,4
4823,25.3,11,29.85,11,32.54,9,29.14,7,29.14,8
4824,23.03,8,25.79,7,25.02,7,24.02,4,23.06,5
4847,36.09,13,42.95,12,32.3,6,36.41,6,34.95,5
4850,59.14,11,51.45,12,61.23,11,44.05,8,48.46,8
4855,47.55,16,44.22,16,43.34,13,42.97,12,46.84,14
4857,51.72,13,62.06,13,50.89,12,34.77,5,37.9,4
4859,47.47,11,54.12,11,64.94,10,63.78,5,68.24,5
4860,10.2,10,10.4,8,9.98,4,2.48,0,2.63,0
4865,55.25,22,56.91,26,60.32,23,61.57,20,64.03,23
4868,35.64,12,38.49,11,40.41,10,41.09,8,43.97,8
4871,57.29,13,58.44,11,43.48,5,42.63,4,44.34,4
4873,12.53,6,14.16,4,12.74,4,4.74,2,4.74,2
4875,9.42,7,10.64,8,10.21,8,3.21,2,3.31,2
4877,34.58,7,29.05,7,22.78,4,23.18,3,22.48,3
4878,25.91,10,31.09,9,30.78,9,19.01,6,18.06,6
4889,24.24,10,26.66,9,23.19,8,18.51,3,18.7,3
4891,34.55,11,36.62,11,43.21,10,36.51,8,35.78,7
4896,61.76,18,66.08,20,43.88,8,51.88,7,52.4,6
4901,8.75,4,10.06,4,11.37,3,2.89,3,3.15,2
4908,36.05,21,34.61,21,29.76,20,20.16,19,22.18,22
4922,50.69,12,52.21,12,42.29,10,34.02,9,33,8
4926,80,10,80,8,64,4,67.74,5,65.03,5
4929,48.76,11,40.96,10,35.64,9,29.78,5,32.16,6
4930,8.62,4,7.5,3,6.75,0,2,2,2,2
4932,80,26,80,28,64,5,80,5,80,6
4944,22.18,6,20.18,5,14.21,3,6.27,3,5.89,3
4945,32.11,12,29.22,12,25.42,11,19.42,7,19.42,7
4949,46.61,22,48.01,24,56.65,25,41.42,20,39.35,21
4953,17.37,6,19.8,4,15.84,4,12.06,3,11.34,3
4959,79.27,26,75.31,29,69.29,25,56.83,20,59.67,18
4960,10.63,7,9.35,6,7.1,0,2,0,2,0
4961,41.04,21,44.32,19,41.48,9,43.37,9,47.71,10
4962,20.65,3,24.78,3,25.77,3,21.38,3,23.52,3
4963,28.86,9,23.09,8,26.55,6,16.96,2,17.47,2
4965,34.86,11,32.77,9,31.46,9,28.29,8,30.55,7
4970,17.9,6,19.15,6,21.83,6,11.52,4,10.48,4
4975,31.08,8,33.26,8,39.25,8,32.64,5,31.66,4
4994,69.08,24,69.08,23,70.46,20,65.98,9,64.66,10
5000,31.82,10,29.91,8,35.89,8,27.81,6,27.53,7
5002,33.69,8,36.39,6,34.93,5,21.39,5,22.25,6
5003,22.43,9,21.76,8,20.02,7,9.02,4,8.84,4
5004,19.73,10,16.18,9,15.86,7,10.81,5,11.35,6
5006,60.3,10,55.48,9,48.82,9,43.8,9,42.49,11
5010,26.84,7,26.03,7,29.67,6,27.53,4,28.63,3
5015,35.21,7,36.97,6,31.42,6,17.14,2,18.34,2
5016,22.24,7,18.24,6,16.96,6,8.6,3,9.2,3
5017,36.21,16,36.93,18,35.45,15,20.78,7,21.2,8
5029,35.36,9,38.19,10,34.37,8,29.15,4,26.24,4
5030,18.28,9,17.18,8,16.49,8,5.84,6,5.72,7
5032,51.15,7,51.66,6,55.28,6,46.28,3,41.65,3
5033,72.73,28,72.73,31,77.82,25,70.6,24,69.19,23
5038,21.24,4,17.84,4,20.87,4,14.08,3,12.95,3
5042,47.48,18,54.6,18,46.96,16,33.79,7,34.8,8
5043,46.01,12,54.75,12,43.8,10,39.62,7,43.58,8
5045,12.39,5,14.87,5,14.27,2,5.45,2,6,2
5046,15.42,8,12.64,6,12.01,6,7.05,5,7.4,6
5048,45.88,13,49.09,14,42.42,6,41.25,6,43.31,6
5049,42.41,12,42.83,12,30.15,6,26.04,6,27.86,7
5057,32.74,18,38.63,20,32.45,18,21.85,9,24.04,8
5060,19.05,10,17.72,9,16.3,8,10.91,6,11.24,6
5063,46.69,9,38.29,8,31.01,8,16.74,4,16.74,3
5065,44.72,10,43.83,8,39.45,7,25.32,5,24.31,4
5066,25.72,7,25.98,8,23.9,8,13.84,3,13.84,3
5072,21.07,10,25.07,9,24.32,8,13.62,6,12.67,7
5077,23.26,7,22.1,5,22.98,5,14.6,3,14.75,4
5078,21.11,8,19.42,7,15.54,4,13.53,4,14.75,4
5079,45.73,12,43.44,12,31.28,5,26.97,5,29.13,5
5080,44.62,13,45.96,11,42.28,11,29.94,9,30.24,7
5083,50.74,11,59.87,11,69.45,11,65.23,10,59.36,11
5086,28.64,19,31.22,20,32.47,19,25.42,19,27.45,18
5095,33.69,11,37.06,11,33.72,11,31.13,9,30.2,10
5096,49.16,9,49.65,7,56.1,6,49.91,4,49.41,3
5099,22.62,8,20.58,8,24.49,8,18.47,4,18.84,4
5109,18.92,8,22.14,9,18.6,4,17.81,4,16.03,3
5117,11.21,4,12.67,3,14.06,3,4.79,2,4.65,2
5130,18.48,6,20.14,6,22.96,5,16.26,4,15.93,4
5150,39.62,7,37.64,8,33.5,7,22.82,3,22.59,3
5155,33.28,12,32.95,11,32.95,11,26.93,5,27.47,5
5158,21.38,7,21.17,7,14.22,3,5.22,3,5.06,3
5160,12.75,5,11.86,6,11.27,5,4.26,2,4.26,2
5161,23.22,10,22.29,8,25.41,8,22.24,6,22.91,5
5162,23.95,5,22.99,4,24.6,3,14.14,1,13.29,1
5171,18.17,12,15.26,12,16.79,10,12.98,8,14.02,9
5172,26.23,7,21.25,8,19.89,4,14.39,5,13.38,6
5176,32.21,14,33.18,13,30.53,13,25.5,9,23.46,8
5177,80,18,75.16,20,67.64,19,63.35,17,65.25,14
5179,33.54,10,39.24,11,36.89,10,28.05,8,30.29,6
5180,50.92,16,43.28,15,28.39,6,28.62,6,30.62,6
5189,15.14,11,13.47,11,10.91,0,2,1,2,1
5190,47.59,10,50.92,10,57.54,10,45.09,5,47.8,6
5191,59.4,13,65.93,13,44.3,6,42.95,7,43.38,7
5192,30.1,15,26.19,14,31.17,13,30.09,6,30.99,5
5197,12.92,8,13.7,6,13.15,5,8.07,3,8.55,3
5200,13.56,9,15.32,7,17.31,6,9.96,3,9.26,3
5203,28.52,8,30.8,8,31.11,7,27.4,6,27.4,6
5206,25.52,6,22.46,6,20.44,5,11.83,4,10.88,3
5220,42.3,9,44.84,9,48.43,9,48.73,8,48.73,7
5223,15.49,6,16.57,4,14.58,2,13.78,2,15.16,2
5224,24.16,12,28.99,12,20.64,6,18.83,6,20.15,6
5227,52.05,8,51.53,10,35.04,5,46.12,4,45.66,4
5230,69.56,9,57.04,7,62.74,7,44.33,4,43.89,4
5233,36.7,10,35.6,9,29.62,4,23.62,4,21.73,5
5241,9.51,4,10.94,5,9.19,5,3.28,1,3.51,1
5242,22.06,12,25.15,10,25.65,10,21.45,4,23.38,4
5244,57.7,10,67.51,10,70.89,10,59.76,8,55.58,7
5245,19.59,4,21.35,5,19.64,4,14.57,1,15.01,1
5249,55.19,14,55.74,14,50.17,12,43.17,4,44.03,4
5250,27.96,6,29.08,5,23.96,3,28.74,3,28.74,3
5263,78.54,13,80,14,80,14,80,11,80,9
5269,24.3,9,26.24,8,29.13,8,18.63,6,19.93,5
5273,11.46,7,10.2,5,9.18,4,2.54,1,2.79,1
5282,12.29,4,12.66,5,12.03,5,2.91,2,2.88,2
5285,22.16,11,20.39,9,16.52,9,10.35,4,10.87,5
5294,58.17,13,65.15,11,55.38,11,41.18,9,45.3,9
5295,34.58,10,31.12,11,25.39,5,26.33,6,24.22,6
5301,49.18,13,59.02,14,59.02,12,51.25,5,51.25,5
5304,29.44,10,34.15,11,25.41,6,27.3,7,25.12,6
5324,18.35,7,20.74,6,21.15,6,13.84,2,14.12,2
5327,13.68,5,15.87,3,16.98,2,13.7,0,12.88,0
5338,48.1,12,54.83,11,50.99,10,40.97,10,43.84,10
5341,39.26,13,45.15,13,44.25,12,32.06,10,31.1,9
5349,35.68,10,41.39,10,39.73,10,30.95,9,28.16,10
5351,43.44,14,40.83,16,34.71,16,21.54,13,21.97,13
5358,33.29,26,29.3,27,33.99,22,31.77,5,31.45,6
5359,44.92,10,48.96,9,55.81,9,52.6,7,51.02,7
5363,37.71,10,45.25,9,41.63,4,46.56,4,42.37,5
5366,14.5,8,11.6,9,9.56,4,6.43,4,7.01,4
5369,22.54,7,18.48,7,20.7,7,16.84,6,18.19,6
5378,30.96,9,32.2,10,31.23,8,25.23,8,25.73,9
5380,30.09,8,24.97,9,17.18,5,13.83,6,13.69,5
5391,25.56,9,21.98,8,17.58,4,12.32,4,11.83,5
5392,36.83,11,37.2,10,34.6,10,29.98,5,32.38,5
5393,62.26,14,58.52,16,60.28,14,53.09,7,48.84,8
5396,40.92,10,34.37,10,32.31,10,18.46,8,19.01,7
5403,31.15,11,25.23,10,22.2,9,13.31,8,13.71,9
5404,7.02,3,7.58,3,6.44,0,2,0,2,0
5411,54.1,11,47.61,10,49.04,9,38.08,8,38.46,8
5419,46.94,17,42.25,17,47.74,14,41.17,6,41.17,7
5422,56.38,18,45.1,16,40.59,16,27.94,8,26.54,7
5424,32.2,6,25.76,6,25.24,5,21.53,5,21.53,6
5431,12.48,5,11.86,3,9.02,2,3.96,1,4.2,1
5435,63.55,16,66.09,15,69.39,12,47.51,5,46.56,6
5436,52.71,18,45.33,20,38.53,20,24.59,5,25.57,5
5442,33.45,14,37.46,14,36.71,13,36.68,5,35.21,4
5445,19.69,8,19.69,9,12.92,4,7.18,4,6.53,4
5448,31.35,11,32.92,11,33.91,10,18.47,10,19.21,9
5450,13.36,6,13.23,4,12.17,2,10.34,2,10.96,2
5459,19.49,12,16.96,12,17.3,11,5.01,8,5.51,8
5462,48.61,9,49.1,8,45.17,7,30.14,5,30.44,6
5467,16.01,3,15.69,3,12.55,3,8.31,2,8.23,2
5473,15.9,8,18.76,9,13.5,5,10.07,4,9.67,5
5475,46.47,13,55.76,15,60.22,15,41.58,7,39.09,7
5476,29.62,21,24.58,20,19.91,17,16.7,13,15.36,14
5481,18.66,6,15.86,7,13.8,6,4.01,2,3.77,2
5485,25.41,7,29.22,7,32.73,7,28.66,3,30.67,3
5487,35.89,18,35.89,21,41.27,19,40.87,15,38.42,16
5488,43.76,23,41.13,22,29.94,5,33.55,5,33.89,4
5491,45,12,48.15,11,40.45,9,37.11,7,33.77,8
5493,73.27,13,58.62,15,61.55,15,48.4,15,52.76,14
5498,52.03,17,47.87,18,46.91,16,34.22,14,36.27,17
5500,10.33,5,9.3,5,8.09,0,2,1,2,1
5503,48.68,19,49.65,17,41.7,8,48.82,8,51.75,9
5509,35.72,14,33.58,14,33.92,14,25.9,13,27.2,13
5510,20.93,10,22.81,9,16.06,4,14.28,4,14.42,4
5511,46.72,12,50.46,12,46.93,10,33.36,7,31.69,6
5522,16.52,9,14.04,9,12.36,9,3.88,2,4.27,2
5531,38.59,14,42.06,16,36.17,15,29.34,12,26.41,12
5532,61.47,15,53.48,14,50.06,6,44.93,6,44.93,6
5533,53.56,13,64.27,14,68.77,14,58.71,11,60.47,9
5536,70.53,10,76.88,8,80,8,62.61,3,66.37,3
5541,22.87,9,19.67,8,22.23,8,20.45,4,22.29,4
5542,44.57,11,49.03,10,58.84,9,44.37,5,48.81,4
5544,23.87,9,21.01,8,23.95,8,18.87,4,17.74,3
5545,33.21,12,36.53,12,42.01,12,34.17,9,32.12,8
5547,47.45,13,55.04,12,56.14,11,53.88,9,54.42,10
5548,43.22,12,51.86,11,61.19,9,66.2,5,72.82,4
5562,24.31,9,21.88,7,23.19,7,16.97,7,16.46,6
5564,50.28,17,52.79,15,50.68,13,49.27,12,44.34,14
5565,12.05,9,10.6,8,7.72,4,5.48,4,6.03,4
5570,33,11,29.37,9,31.13,9,22.75,7,22.3,6
5574,55.72,12,62.41,12,55.54,11,37.43,9,40.05,10
5575,34.22,20,34.56,19,30.69,8,23.99,8,23.75,8
5576,45.46,17,39.55,19,43.51,17,36.38,18,35.65,17
5582,23.54,13,28.25,11,32.49,11,26.41,8,25.62,8
5589,23.28,12,23.75,11,28.26,11,22.67,4,22.44,4
5595,25.03,8,25.03,9,22.03,9,15.91,4,17.34,3
5596,38.92,9,31.14,9,27.09,9,17.03,7,15.67,8
5599,46.67,12,49.47,11,48.98,10,32.67,4,30.06,3
5605,32.25,14,27.09,15,21.94,14,17.48,12,17.48,13
5607,58.85,21,70.62,21,59.32,18,58.03,12,58.03,11
5609,11.26,6,12.39,4,12.51,4,2.13,2,2.02,2
5610,55.16,20,65.09,18,43.22,9,45.94,8,44.1,7
5611,21.69,7,24.29,6,22.54,3,20.21,3,20.82,2
5619,70.76,10,57.32,10,58.47,8,59.66,6,58.47,7
5623,10.28,7,9.87,5,8.09,0,2,1,2,1
5626,7.87,4,7.32,3,6.44,0,2,0,2,0
5647,31.4,12,35.8,13,31.5,10,20.72,10,22.38,8
5649,36.3,18,40.29,17,48.35,16,49.12,14,51.08,13
5660,11.27,5,9.69,4,9.3,4,3.7,2,3.85,2
5665,12.39,6,14.37,6,17.1,5,7.88,4,8.67,5
5672,10.64,5,10.53,3,10.32,0,2,0,2.01,0
5681,52.47,21,61.91,20,55.1,20,49.86,9,48.36,8
5683,31.74,15,30.47,15,25.35,7,21.15,7,19.88,7
5689,15.07,4,16.88,4,16.37,4,7.72,2,8.11,2
5692,23.64,9,25.53,9,18.58,5,19.48,6,21.43,7
5693,59.64,16,61.43,18,46.19,5,50.89,5,47.33,5
5696,19.26,5,17.72,5,17.37,5,6.11,3,6.42,3
5719,27.13,13,30.11,14,31.62,13,26.73,10,27.8,11
5721,26.44,11,23.27,11,25.6,10,19.67,4,20.65,5
5733,22.18,9,21.96,9,19.11,7,10.01,2,9.91,2
5738,61.33,14,73.6,15,58.88,7,76.9,7,74.59,6
5740,34.64,18,27.71,18,22.17,18,13.07,5,12.68,5
5743,11.82,10,10.28,9,6.74,0,2,0,2,0
5753,18.02,7,16.4,7,18.7,6,12.64,3,13.02,3
5755,32.16,15,34.09,15,34.09,13,29.84,13,31.63,13
5757,51.68,15,47.03,17,39.51,16,36.86,15,36.12,12
5762,29.81,6,35.77,7,27.47,4,31.43,5,28.6,5
5772,33.16,5,26.86,5,31.43,5,23.8,5,22.37,5
5773,8.77,4,10.26,3,10.67,2,2.84,1,2.87,1
5781,11.8,9,10.03,7,9.73,0,2,1,2,1
5787,34.31,5,36.37,5,24.15,2,23.28,2,25.38,2
5791,15.34,9,16.11,7,15.79,6,10.53,5,11.06,5
5802,43.4,11,35.59,11,36.66,11,30.86,8,30.86,9
5803,24.86,12,25.11,11,26.11,9,18.28,4,19.19,3
5804,18.76,10,18.2,9,16.56,8,12.38,3,13.37,3
5813,80,14,72.51,15,80,13,80,13,80,13
5814,13.83,6,11.34,4,9.98,4,5.58,2,5.3,2
5816,44.57,11,49.47,11,48.48,10,44.39,5,47.94,5
5820,20.56,4,20.35,5,22.18,4,11.3,1,12.09,1
5825,48.92,11,54.3,10,53.76,9,37.23,8,39.84,9
5827,22.58,10,20.32,11,16.87,10,11.04,8,12.03,10
5833,54.53,13,43.62,12,35.94,5,32.99,6,32,6
5836,43.73,14,38.48,13,36.94,12,36.85,10,38.69,11
5839,30.11,5,29.21,4,33.88,4,22.48,4,20.46,3
5845,16.44,7,16.93,8,18.28,6,9.91,4,10.41,4
5846,19.3,6,15.83,4,10.89,2,7.11,2,6.4,2
5847,37.99,11,41.79,12,49.31,12,36.39,12,35.66,12
5850,40.36,15,46.82,15,53.37,13,40.63,4,42.66,4
5853,36.67,20,34.47,17,39.64,15,41.57,11,41.15,12
5860,15.51,5,12.41,4,11.29,3,2.48,0,2.36,0
5862,27.32,16,28.41,15,18.64,8,18,5,16.38,6
5865,31.49,16,33.38,19,29.91,9,32.76,9,32.43,9
5872,33.3,17,31.64,18,26.26,18,18.79,17,20.29,14
5879,13.89,7,15.14,6,15.75,5,9.7,2,9.7,2
5898,16.15,12,17.6,11,14.96,11,7.51,8,7.66,7
5901,56.89,13,61.44,14,70.66,14,59.13,12,60.9,10
5914,74.58,20,64.88,22,55.8,21,38.2,17,34.38,19
5917,48.06,9,51.42,9,34.14,5,33.12,4,30.47,5
5919,49.09,17,58.91,19,64.8,16,62.04,13,58.32,12
5925,59.5,9,47.6,10,53.79,10,35.57,4,32.72,4
5928,45.19,10,49.26,9,54.68,9,52.51,4,53.56,4
5930,20.55,9,18.91,8,19.48,8,11.34,4,11.11,4
5932,43.99,9,52.79,7,33.78,3,42.25,3,41.83,3
5933,20.07,8,16.06,7,18.95,6,12.76,3,13.27,3
5934,41.77,12,47.2,11,46.73,10,41.07,9,42.71,9
5936,43.74,11,38.49,10,32.33,10,26.24,4,24.4,5
5939,21.16,9,24.55,9,20.13,7,13.95,5,14.09,6
5942,9.44,6,7.93,5,6.02,0,2,0,2,0
5944,35.34,7,42.05,6,38.35,3,39.5,3,36.34,3
5945,55.91,11,46.96,12,43.2,11,41.52,9,45.26,10
5949,37.88,12,43.18,12,39.29,10,39.97,7,38.77,8
5959,21.87,8,19.68,7,20.86,7,14.36,3,15.65,3
5960,78.42,11,79.99,11,64,5,80,6,80,7
5962,80,17,71.43,19,73.57,18,55.53,7,53.31,6
5963,21.24,11,25.49,10,19.38,5,22.06,6,22.06,6
5965,34.25,11,31.51,12,29.3,10,19.66,4,17.69,4
5971,32.72,14,35.66,13,29.95,11,19.15,9,20.68,10
5972,38.27,16,40.57,16,39.76,15,30.57,12,30.88,13
5978,10.43,4,12.52,4,11.27,3,3.24,2,3.5,2
5987,14.76,5,15.5,6,15.81,6,4.91,2,4.42,2
5996,35.17,14,35.17,15,39.74,14,26.38,7,27.17,6
6002,54.53,17,63.8,16,72.73,13,62.37,13,64.86,11
6003,29.33,11,29.33,12,28.16,6,21.92,7,24.11,8
6004,27.54,17,29.74,15,30.63,14,25.47,11,23.94,11
6006,10.26,6,12.11,6,13.56,6,5.29,2,5.24,2
6010,15.38,5,17.69,5,14.68,4,11.47,4,11.01,3
6014,56.51,13,58.77,13,64.06,12,67.67,10,70.38,10
6020,64.91,16,53.88,17,60.88,16,39.7,14,38.51,11
6026,50.67,16,58.78,14,70.54,14,61.13,7,63.58,6
6027,16.85,6,18.2,5,15.65,5,5.77,4,5.6,5
6037,15.22,9,13.39,9,14.06,8,6.06,7,5.64,8
6046,11.84,5,12.43,3,12.68,3,2.9,1,2.7,1
6047,49.08,12,42.21,12,34.61,11,26.23,11,27.8,12
6067,55.2,11,62.38,10,68.62,8,72.6,6,72.6,6
6072,11.71,12,12.76,11,13.91,10,7.33,5,7.26,5
6079,42.31,24,47.81,25,50.2,24,42.7,23,42.7,26
6080,38.23,9,40.14,8,35.72,8,19.58,3,19.78,3
6084,62.12,13,68.95,15,70.33,13,72.47,10,75.37,9
6089,22.83,6,25.11,6,19.69,3,12.16,2,13.01,2
6091,63.67,15,57.3,15,45.38,8,39.38,9,36.23,11
6098,42.11,10,44.64,9,35.71,4,32.52,4,29.59,4
6101,19.54,11,18.37,11,14.84,5,15.26,5,16.33,5
6102,17.39,5,18.09,5,20.62,5,9.15,2,9.52,2
6106,79.19,15,80,17,80,14,80,13,80,15
6108,38.78,9,46.15,10,29.9,5,36.11,6,38.28,6
6121,11.43,3,9.6,3,10.56,3,6.67,2,6.47,2
6128,80,14,80,12,64,5,80,6,80,6
6142,46.75,15,51.89,16,47.22,13,35.08,6,33.68,5
6146,23.66,14,24.61,12,19.49,6,13.65,7,13.79,8
6147,40.05,8,42.45,8,37.36,7,35.59,4,34.88,4
6149,69.99,14,72.79,12,80,10,80,10,80,9
6156,36.9,12,37.27,10,31.31,8,18.55,5,17.81,6
6167,28.78,8,24.46,8,24.95,6,22.69,2,24.51,2
6173,73.95,12,74.69,12,73.2,12,53.76,9,58.06,10
6176,59.05,24,67.91,23,61.8,19,55.27,17,55.27,15
6177,53.82,17,43.59,18,33.48,5,40.96,5,40.96,6
6185,50.29,8,40.23,6,40.23,6,41.28,3,45.41,3
6190,13.57,6,15.47,4,17.79,4,12.57,1,12.19,1
6191,65.88,26,60.61,29,40.25,5,50.35,5,45.82,5
6193,41.37,12,40.96,11,38.99,6,47.59,7,46.16,7
6200,10.9,5,8.83,5,9.62,0,2,1,2,1
6207,30.24,13,26.61,12,23.42,11,14.31,10,14.88,9
6208,24.27,11,22.09,10,19.22,9,16.49,9,15.83,11
6209,34.07,7,28.96,8,34.17,7,33.32,7,29.99,7
6213,13.52,5,16.09,5,18.34,5,11.52,3,12.67,3
6218,46.95,8,49.3,7,39.44,7,24.95,5,25.45,4
6223,70,9,58.8,11,70.56,9,71.03,4,71.74,3
6224,53.57,25,54.11,29,47.08,23,41.49,5,44.81,5
6227,51.83,9,53.38,11,39.29,5,42.57,5,43.85,5
6229,32.52,10,28.62,11,22.9,9,13.61,5,14.15,4
6230,80,21,80,21,53.5,5,67.56,9,61.48,7
6231,14.86,6,16.64,6,16.81,5,10.84,2,11.27,2
6236,36.27,10,40.26,8,37.44,6,24.32,5,26.02,6
6244,20.26,11,17.22,9,14.64,8,4.32,1,4.54,1
6250,15.36,5,13.52,3,13.79,2,9.41,2,9.6,2
6253,62.87,15,51.55,15,57.74,15,52.78,14,57.53,12
6255,32.76,16,36.04,17,29.91,15,25.3,12,24.04,10
6257,31.11,5,36.4,6,42.22,6,36.06,3,38.22,2
6262,34.38,14,28.19,16,25.94,8,27.99,8,26.03,9
6270,69.01,25,77.29,27,79.61,28,57.69,28,60,26
6273,26.31,10,22.63,12,16.11,6,10.92,7,10.59,6
6274,70.4,18,73.22,21,68.09,20,71.67,17,69.52,19
6275,56,11,59.36,13,68.26,12,55.16,10,54.61,11
6284,58.29,11,51.88,13,49.39,6,45.33,5,43.52,6
6286,42.22,17,35.04,20,37.84,17,39.41,7,36.65,8
6289,60.27,10,59.67,12,57.88,12,50.04,4,47.54,4
6297,53.87,18,53.87,18,40.94,9,45.76,5,43.47,5
6299,19.76,13,22.53,12,20.18,6,21.27,7,19.14,6
6308,14.4,11,13.68,10,9.3,5,2.35,1,2.21,1
6309,32.73,9,34.69,9,28.45,9,22.73,8,23.41,8
6311,41.25,22,33,24,22.18,5,23.99,5,23.99,5
6314,65.65,12,57.77,12,61.81,11,62.08,8,67.05,9
6322,62.03,21,59.55,23,71.46,23,72.32,22,78.11,24
6324,25.59,14,28.15,15,20.94,6,22.27,7,24.05,8
6325,31.02,12,36.6,13,41.36,12,31.05,10,29.19,10
6327,20.3,11,18.68,12,14.94,12,5.45,12,5.78,14
6333,10.08,4,10.79,4,12.3,4,3.09,1,3.18,1
6334,45.99,13,36.79,12,31.64,10,28.97,9,26.94,11
6339,35.82,14,42.98,15,45.13,14,29.46,12,30.34,13
6341,22.35,10,26.6,11,24.69,5,27.64,4,29.57,4
6343,25.17,10,25.17,12,24.16,5,20.18,5,18.57,5
6345,59.12,20,53.8,20,39.6,5,42.5,5,40.8,5
6353,13.75,6,12.1,6,11.5,6,3.58,2,3.72,2
6354,51.18,15,42.48,16,49.28,14,36.34,7,36.7,8
6362,49.82,14,39.86,13,32.21,6,26.01,6,24.97,6
6367,50.46,14,51.97,13,44.07,7,40.93,7,40.93,7
6369,40.7,12,37.04,11,29.63,5,26.71,6,26.18,5
6379,19.26,7,15.41,6,12.94,3,10.31,3,9.59,3
6386,18.4,7,16.74,7,16.07,6,7.46,5,6.94,4
6395,36.68,27,33.75,26,35.78,24,32.07,23,33.67,20
6396,19.19,10,16.89,9,16.05,9,11.1,9,10.66,11
6398,43.43,12,40.39,10,44.83,10,43.9,4,46.53,4
6403,9.3,7,9.11,7,10.39,6,4.91,1,4.76,1
6405,19.82,9,23.19,7,25.97,7,17.75,3,18.11,3
6409,35.64,25,36.71,25,35.61,22,30.88,19,31.19,15
6421,67.44,15,57.32,18,38.98,9,47.1,5,43.8,4
6422,63.58,14,71.21,12,79.04,11,77.15,10,79.46,9
6426,36.26,20,37.71,20,38.09,21,22.23,20,22.23,23
6427,10.13,5,11.65,5,11.53,5,6.26,4,6.01,3
6433,75.61,16,70.32,17,70.32,15,55.88,14,51.97,11
6434,46.81,10,38.38,8,38,8,30.38,6,30.38,6
6438,23.24,8,20.68,7,19.65,6,12.63,3,13.14,2
6441,66.41,18,53.79,17,53.25,15,37.86,12,37.1,13
6451,18.06,8,19.5,6,14.04,3,14.01,2,12.75,2
6458,38.06,14,33.11,15,27.15,13,20.61,10,19.37,11
6462,12.86,8,14.53,7,16.13,6,11.9,5,11.54,5
6472,30,8,31.5,7,30.56,6,23.78,3,24.02,3
6474,16.92,5,17.77,6,14.5,3,8.59,3,8.5,3
6475,55.96,25,57.08,24,53.88,5,50.92,5,55.5,5
6477,60.57,9,64.2,10,58.42,10,37.74,9,34.34,11
6482,23.18,11,21.79,11,18.96,9,6.74,5,6.74,6
6486,25.26,20,29.81,20,23.85,17,13.32,14,12.12,13
6492,57.77,19,67.59,18,61.64,9,64.43,8,64.43,9
6500,14.86,9,17.39,9,11.41,5,10.54,5,11.17,5
6503,44.98,15,47.68,15,53.4,15,40.06,11,40.46,12
6528,23.55,11,23.79,13,22.12,13,11.69,5,10.64,6
6536,48.69,24,54.05,27,62.16,24,63.11,19,58.06,15
6540,22.24,9,19.13,8,16.07,7,8.03,2,7.63,2
6546,7.84,3,8.31,3,9.97,3,3.87,2,4.18,2
6550,21.5,8,19.14,7,12.4,3,7.97,4,8.69,4
6560,28.7,9,32.72,8,25.66,4,20.5,4,19.89,3
6561,51.43,13,42.69,13,29.03,6,21.76,6,21.11,6
6570,21.49,8,18.27,8,17.25,4,9.68,4,8.71,3
6571,41.77,11,40.93,12,27.5,5,31.47,6,28.95,6
6578,67.64,12,66.29,11,61.65,9,42.94,8,44.23,7
6582,20.39,7,17.94,7,20.63,7,9.36,6,9.27,6
6591,20.69,10,21.31,9,18.75,5,18.25,6,16.97,6
6597,23.06,13,24.21,13,23,10,18.45,5,19.19,5
6598,14.45,8,12.86,7,12.24,3,9.61,3,10.09,3
6602,15.76,5,12.77,6,14.17,6,8.17,3,7.43,3
6607,27.75,8,30.8,9,35.42,9,25.17,8,22.65,8
6621,17.94,7,16.33,7,15.02,3,15.54,3,14.14,3
6623,13.07,5,13.07,5,12.29,5,5.52,2,5.41,2
6628,38.27,13,34.06,11,30.25,6,32.21,7,34.14,8
6632,40.22,9,45.85,8,47.68,7,34.53,5,33.84,5
6635,12.71,3,12.33,4,14.3,4,9.59,1,10.07,1
6648,72.7,18,58.89,17,57.71,15,59.52,12,56.54,10
6649,42.58,16,40.88,13,43.74,11,40.11,9,44.12,10
6660,72.2,19,67.15,18,42.98,9,40.96,7,38.91,6
6662,16.2,4,19.44,4,16.33,3,7.06,1,6.35,1
6663,68.78,13,70.16,12,66.65,11,49.65,5,47.66,6
6667,32.97,15,36.6,15,35.87,15,28.87,6,29.16,6
6669,29.76,11,35.12,10,39.33,9,34.26,8,36.32,9
6677,46.67,15,41.07,15,48.87,12,45.76,11,42.1,13
6682,33.7,10,32.35,9,25.1,4,28.46,4,25.9,5
6687,60.14,20,69.16,19,56.02,18,55.98,16,56.54,15
6689,17.59,5,17.41,3,15.46,1,14.84,1,15.14,1
6693,11.27,5,13.3,4,15.83,3,5.14,1,4.93,1
6694,39.01,12,44.47,12,46.69,12,38.76,11,41.86,10
6695,22.51,4,21.61,4,20.53,3,9.07,2,8.89,2
6700,11.43,10,12.12,8,12.36,7,2.12,0,2,0
6706,23.94,6,20.35,4,22.79,4,12.19,4,12.68,3
6708,41.94,19,47.81,20,42.55,20,42.21,19,45.16,23
6710,23.32,16,20.52,16,24.01,16,19.89,15,19.69,18
6711,49.12,15,56.98,15,50.6,7,69.9,7,75.49,8
6715,26.44,5,31.46,5,37.12,4,35.32,2,38.15,2
6716,80,16,77.85,14,64,7,80,7,80,8
6719,24.67,6,28.62,7,31.48,6,20.39,4,19.37,4
6730,30.6,14,34.58,14,37,11,25.82,11,27.37,10
6734,32.22,8,28.35,7,30.05,6,21.45,2,21.66,2
6736,50.51,9,43.44,8,51.26,7,45.26,4,45.71,4
6737,35.73,8,34.3,6,38.76,6,24.56,5,22.84,5
6740,24.13,6,24.85,7,25.84,6,24.49,2,24.98,2
6742,21.13,9,25.36,10,29.42,8,15.42,3,14.49,3
6753,35.95,9,40.62,8,35.1,4,26.53,4,23.88,4
6756,44.57,10,42.34,12,40.22,12,32.22,9,29.64,11
6757,35.09,10,38.25,9,33.28,8,32.6,3,29.99,3
6759,70.36,20,67.55,20,71.6,18,54.29,13,59.72,16
6763,60.95,10,67.05,8,59.67,7,61.41,6,59.57,5
6780,34.46,9,32.39,8,28.25,4,29.02,4,26.99,5
6787,14.26,8,16.97,7,20.02,6,17.42,5,15.68,6
6789,34.74,12,29.53,14,24.21,14,22.81,12,23.27,10
6791,30.31,14,31.52,15,30.57,12,30.07,9,30.07,10
6794,69.8,26,70.5,28,58.66,5,60.92,5,57.26,5
6797,36.57,15,29.62,16,33.77,13,24.43,6,26.63,5
6804,46.17,16,45.25,17,48.42,14,39.03,7,42.93,7
6809,18.68,6,19.24,4,15.39,2,15.93,2,14.81,2
6810,20.64,15,23.94,13,19.34,7,21.02,7,20.39,7
6821,57.3,14,57.3,15,56.73,15,43.06,15,42.63,17
6823,36.42,10,30.96,9,27.86,8,18.3,5,16.47,5
6827,56.32,14,50.12,13,41.1,11,34.1,8,33.42,8
6828,19.06,5,21.16,4,20.74,4,9.8,1,9.02,1
6829,38.22,12,30.96,12,35.29,11,31.17,10,32.73,11
6833,45.84,12,39.42,11,39.03,10,24.61,7,25.35,7
6836,41.09,23,47.25,24,41.11,20,31,18,30.07,17
6838,39.75,6,42.53,5,42.53,4,30.58,2,31.8,2
6840,25.73,9,29.59,7,28.11,7,17.58,5,17.76,4
6846,41.18,11,41.18,10,41.18,9,27.41,4,26.04,5
6851,61.63,16,51.77,16,39.76,8,51.14,8,56.25,9
6856,28.6,9,31.75,9,27.94,9,22.73,8,20.68,9
6857,16.42,6,14.12,6,13.27,6,8.33,4,7.75,4
6861,28.8,9,28.51,8,22.81,8,11.48,6,10.45,6
6864,28.78,12,27.05,14,32.46,15,31.33,6,29.45,5
6869,44.58,16,53.05,14,63.13,14,45.29,6,48.91,6
6874,54.62,14,64.45,13,77.34,14,75.3,7,77.56,6
6879,31.97,14,30.05,13,24.04,6,18.14,5,19.41,4
6882,12.95,6,15.28,4,16.96,3,6.26,2,6.39,2
6895,41.63,17,42.88,18,40.14,8,36.14,9,39.39,10
6896,24.76,9,29.46,11,24.75,11,22.96,9,20.89,9
6905,16.94,11,18.8,13,21.43,11,12.5,6,13.38,5
6908,57.85,13,64.79,12,71.27,12,67.83,9,68.51,9
6915,16.7,9,18.04,7,20.02,7,12.02,5,11.54,6
6920,45.2,10,45.2,11,42.49,11,36.46,10,37.55,11
6922,21.5,7,20.43,7,18.39,6,9.65,2,8.88,2
6929,31.3,9,28.8,7,25.34,4,19.61,4,17.85,5
6930,31.2,8,34.63,7,36.02,7,26.58,7,25.78,6
6948,30.96,16,28.48,16,28.76,14,24.36,6,22.17,6
6952,18.88,10,16.99,8,16.48,7,6.35,4,5.91,4
6957,30.15,11,31.36,12,26.03,12,22.67,9,23.8,8
6960,11.7,7,9.71,6,7.62,0,2,1,2,1
6965,24.55,5,24.3,6,26.49,6,21.99,2,21.33,2
6966,15.33,4,16.86,4,12.54,2,9.5,2,9.79,2
6967,53.45,19,58.8,19,57.62,19,55.96,18,61,15
6977,13.06,4,11.23,4,13.14,4,7.01,1,7.15,1
6980,22.7,12,19.3,11,21.04,10,13.88,5,14.16,5
6981,34.9,10,41.88,9,42.3,9,31.49,8,29.29,7
6984,9.89,5,9.79,5,9.2,5,2.75,2,3,2
6985,37.72,16,37.72,15,40.74,13,32.55,6,32.55,7
6988,28.39,11,24.13,13,20.66,6,20.63,5,22.69,5
6992,76.93,15,67.7,15,67.7,13,68.5,10,73.3,11
6997,17.79,5,19.75,4,17.58,4,15.1,3,16.01,3
6999,57.67,15,66.9,14,57.53,13,49.95,5,46.95,5
7003,62.67,16,75.2,16,80,13,79.21,11,77.63,13
7007,36.18,10,30.39,9,23.82,4,26.76,3,29.17,3
7015,52.72,13,50.61,14,46.56,7,47.87,6,44.52,6
7025,31.53,8,28.06,6,24.13,5,16.16,2,16.48,2
7031,60.48,19,53.83,20,62.44,20,65.43,9,67.39,7
7033,47.65,15,47.65,18,52.89,15,44.3,8,40.31,9
7034,29.65,5,33.5,4,30.29,2,24.05,2,24.29,2
7042,21.39,7,21.39,8,21.6,8,16.76,7,15.08,7
7047,6.91,5,6.84,4,6.09,0,2,1,2,1
7050,21.49,5,18.7,4,22.25,4,19.03,2,17.51,2
7053,26.96,8,27.23,7,25.32,7,20.09,3,20.09,3
7083,59.07,12,66.75,11,77.43,11,69.2,10,71.28,8
7087,15.09,7,12.07,6,8.59,3,5.49,3,5.76,3
7088,74.07,19,62.22,21,72.18,17,71.68,8,78.85,7
7090,47.37,14,50.21,16,56.24,13,39.93,12,39.53,13
7094,58.28,14,69.35,12,61.58,6,71.83,5,79.01,4
7095,16.95,8,15.09,6,13.88,6,8.96,2,9.5,2
7097,41.77,9,43.44,7,36.49,7,28.95,7,26.34,8
7107,38.62,9,43.64,9,41.54,5,49.64,5,52.62,5
7119,47.5,22,40.38,23,35.86,5,33.13,5,34.46,5
7124,29.17,11,28,11,23.97,6,21.26,5,19.98,5
7134,31.66,9,28.49,7,27.35,4,21.09,3,20.04,3
7135,39.36,6,35.82,6,30.81,6,29.05,2,29.05,2
7139,42.94,9,39.93,7,32.26,3,26.89,3,29.58,3
7140,24.06,12,27.91,12,29.58,10,22.95,5,21.57,4
7148,28.77,20,29.92,19,25.38,5,29.48,8,29.48,8
7149,28.94,9,32.41,9,28.84,9,27.03,4,27.03,4
7152,23.39,8,24.79,7,19.63,3,12.35,3,11.98,3
7162,45.65,9,40.63,8,33.72,8,30.1,7,31,6
7164,14.4,7,13.1,7,15.72,7,5.36,6,5.63,7
7175,60.4,16,54.96,16,63.2,17,56.46,6,59.28,6
7176,26.05,8,26.57,7,19.13,3,21.69,3,22.34,3
7178,26.4,4,21.38,5,18.17,5,11.44,2,11.33,2
7181,13.68,8,12.72,7,14.5,6,9.81,3,10.2,3
7183,29.72,4,30.91,4,29.67,2,34.54,2,37.99,2
7186,19.44,4,16.72,4,17.22,3,12.63,1,12.25,1
7189,64.66,13,71.77,13,68.18,13,55.73,12,51.27,10
7208,37.34,27,33.61,32,25.01,5,21.63,5,22.71,6
7216,38.34,13,34.89,12,26.52,5,21.18,5,23.3,5
7217,23.49,8,19.26,8,19.84,8,10.65,5,9.59,5
7220,20.27,8,18.65,8,19.58,6,13.54,3,12.19,3
7231,17.11,7,16.25,5,16.58,4,10.41,1,10.1,1
7239,55.79,18,60.81,18,62.03,17,42.86,7,39.43,6
7243,39.44,20,32.34,24,37.19,20,29.45,5,31.22,4
7244,38.31,9,40.23,10,39.02,10,24.78,8,22.8,8
7259,29.6,7,26.64,7,30.1,7,20.6,6,21.42,5
7268,61.56,18,65.25,16,67.21,15,65.93,14,60,13
7272,52.96,7,60.37,7,51.68,4,67.94,4,74.73,4
7277,53.76,10,62.9,12,45.29,5,45.35,6,45.35,5
7278,55.9,25,54.78,30,45.47,26,41.93,5,40.67,5
7282,39.5,15,42.27,13,49.46,12,42.93,10,39.92,8
7284,31.86,7,27.72,7,26.06,7,25.27,3,26.79,3
7285,15.85,7,16.01,7,14.34,4,10.93,3,10.16,3
7286,29.65,10,24.61,11,22.15,11,17.59,9,18.12,10
7287,22.29,4,23.4,4,25.27,3,19.54,1,19.54,1
7289,46.53,13,53.97,13,47.49,12,41.44,6,43.51,6
7290,24.7,7,21.49,7,23.42,7,15.19,5,15.95,6
7295,48.07,12,42.3,11,38.49,10,33.03,4,31.71,4
7303,29.08,11,23.26,12,27.45,12,20.82,10,22.49,8
7307,33.44,9,39.46,9,44.98,8,30.88,6,29.95,6
7316,39.72,14,44.49,16,35.59,13,25.81,5,27.1,6
7318,42.02,12,40.34,10,33.56,5,35.89,5,34.81,5
7322,9.31,5,8.84,3,9.11,2,4.11,2,4.19,2
7323,38.14,11,36.61,12,26.66,6,20.99,6,21.2,5
7330,18.92,5,16.46,5,17.78,4,9.6,4,8.64,5
7333,62.02,19,64.5,17,44.9,9,51.61,7,47.48,8
7335,46.36,12,52.85,13,47.78,6,58.5,7,53.82,8
7343,43.72,7,48.53,6,41.25,5,33.08,5,30.76,5
7345,36.9,19,32.84,19,35.14,20,32.41,9,32.41,10
7355,21.93,7,20.18,7,19.37,7,14.66,6,16.13,6
7360,55.23,9,51.92,8,51.4,7,41.83,5,40.16,4
7363,35,14,36.05,14,39.29,12,35,9,34.3,10
7366,73.43,16,80,14,80,12,63.65,5,63.65,5
7367,22.84,9,23.53,9,26.12,8,24.82,8,26.31,7
7375,67.56,17,65.53,20,74.7,16,69.19,11,75.42,12
7380,13.28,3,14.87,3,16.36,3,4.09,1,4.25,1
7385,60.95,18,50.59,21,47.55,18,47.11,7,47.58,7
7393,42.84,14,39.84,17,43.82,16,31.25,8,29.69,9
7395,10.29,5,9.78,4,11.25,4,6.6,4,6.67,4
7398,46.31,11,47.24,10,45.82,10,34.07,8,34.41,9
7403,54.42,19,62.04,21,63.28,21,60.61,18,60,21
7405,68.04,27,74.84,29,79.33,23,80,19,80,22
7411,48.97,7,46.52,7,46.52,6,34.01,4,31.29,4
7414,38.99,11,38.21,10,30.57,10,25.49,5,28.04,6
7418,25.7,11,29.56,10,30.74,10,23.74,8,24.69,7
7420,37.53,14,34.15,15,39.96,13,24.17,12,24.41,11
7421,53.83,11,50.6,10,60.21,9,40.37,8,38.35,9
7428,14.18,5,15.74,4,18.89,4,14.29,2,14.58,2
7430,36.76,16,43.74,14,41.55,13,29.64,9,29.64,11
7432,69.15,10,76.07,10,73.03,10,59,9,63.13,10
7433,19.94,5,17.95,4,16.69,4,11.19,4,10.41,5
7437,41.87,10,39.36,10,43.3,10,45.96,5,47.8,6
7440,40,14,46,15,38.18,15,35.38,12,32.55,12
7445,37.48,22,32.98,23,38.92,20,22.14,8,20.37,9
7446,15.29,3,14.37,3,15.38,3,8.07,1,8.72,1
7449,41.81,19,45.99,17,38.26,8,41.31,7,44.2,7
7450,42.43,13,36.91,12,43.55,11,35.55,10,38.04,11
7454,41.14,12,43.2,11,43.2,11,40.52,9,40.11,9
7456,43.52,12,44.83,11,41.24,10,42.49,5,40.79,5
7465,22.93,13,27.52,12,23.12,12,12.11,5,12.59,4
7466,33.96,12,32.6,10,25.56,5,26.55,4,27.35,4
7468,25.98,13,21.04,12,22.72,12,14.17,4,15.16,4
7477,19.85,6,16.08,6,15.6,5,5.35,4,5.51,5
7481,45.65,16,45.65,16,50.67,17,49.23,14,49.23,16
7490,47.02,18,39.03,19,33.18,18,32.49,9,33.79,9
7497,25.03,6,25.28,4,23.51,4,17.39,2,18.61,2
7498,44.03,23,39.63,23,40.82,19,38.72,18,40.66,16
7501,27.35,7,32,8,26.88,7,24.99,5,23.49,5
7505,29.35,21,30.82,21,35.44,21,21.06,21,20.22,23
7514,35.8,11,30.07,10,35.48,8,22.16,3,23.49,2
7519,70.26,15,68.15,16,46.34,8,38.5,9,41.97,9
7520,23.43,8,27.18,8,30.17,8,23.57,3,24.75,3
7537,24.86,8,20.63,7,24.14,7,18.28,6,18.83,6
7548,61.28,22,51.48,19,49.42,16,33.51,7,32.84,6
7549,27.38,9,29.84,7,34.32,7,32.15,3,33.44,3
7553,20.68,7,21.3,6,16.36,3,9.81,3,10.5,4
7562,30.76,10,25.53,11,30.38,11,28.54,5,28.25,5
7563,7.65,5,6.27,3,4.22,1,8,2,10,2
7564,68.67,18,66.61,17,60.62,15,53.62,15,55.23,15
7569,38.99,8,33.53,8,34.87,7,30.01,6,32.71,7
7570,80,14,80,15,80,12,80,11,80,11
7580,56.38,13,67.66,13,61.57,13,51.49,5,48.4,6
7584,52.11,22,44.29,25,37.65,21,25.89,15,28.22,14
7586,34.59,6,41.51,7,47.74,6,32.58,3,30.3,3
7587,41.49,13,38.59,15,45.54,13,44.28,10,39.85,9
7592,48.91,14,56.74,13,49.36,12,42.37,11,38.98,11
7596,32.28,14,27.44,12,22.61,5,23.24,4,24.17,3
7600,39.31,11,38.13,10,38.51,10,35.13,5,33.02,6
7604,42.04,10,36.15,10,37.96,9,25.65,8,23.09,9
7606,32.27,10,33.56,9,26.85,4,21.2,3,20.56,3
7614,42.4,18,36.46,19,40.47,18,38.54,9,38.93,9
7615,34.08,15,36.12,15,34.1,6,32.77,5,33.1,6
7621,17.75,8,15.98,8,17.74,8,8.37,5,8.87,4
7623,42.8,14,44.94,15,45.84,12,44.17,11,48.59,12
7624,80,13,68.06,11,63.3,10,56.03,5,50.99,6
7628,12.34,11,13.57,10,13.3,0,2,1,2,1
7633,40.68,9,44.75,7,46.54,7,36.82,3,33.14,3
7634,50.78,19,43.67,21,37.73,5,48.65,5,50.6,6
7644,55.04,14,50.09,16,40.07,16,38.28,13,40.19,13
7653,29.07,8,31.4,9,25.12,9,17.62,6,16.74,5
7668,30.18,7,25.05,7,23.05,4,17.78,5,18.67,5
7669,26.89,12,22.32,11,21.87,9,13.21,7,14.4,6
7671,36.77,8,41.92,6,36.89,6,29.89,4,31.38,5
7677,19.02,12,17.69,11,14.3,5,12.3,5,11.19,6
7680,62.98,7,60.46,8,55.62,4,55.66,4,57.33,4
7689,8.35,7,8.43,8,7.75,0,2,0,2,0
7695,22.08,6,24.29,7,25.26,7,24.06,5,24.06,5
7697,42.53,8,39.55,9,37.65,5,46.18,6,49.87,7
7698,36.25,10,31.18,10,24.94,5,23.43,5,22.49,4
7699,40.69,6,44.35,6,39.47,5,24.94,4,26.44,5
7700,45.33,12,43.06,10,34.45,9,27.79,8,25.84,7
7708,46.71,13,53.25,14,43.13,13,38.15,11,34.34,12
7722,51.86,10,53.93,9,48.54,9,37.63,7,39.14,6
7738,40.11,17,42.12,18,47.6,19,39.55,15,37.18,13
7741,17.3,8,13.84,7,15.5,6,7.28,6,7.57,6
7743,43.6,17,52.32,15,49.18,15,40.18,14,37.37,15
7752,29.06,15,25.86,15,20.95,15,13.53,5,14.48,4
7754,36.24,10,33.34,10,29.67,10,20.97,5,22.02,5
7761,41.25,11,41.25,11,41.25,10,26.06,8,24.76,9
7762,42.48,13,42.48,14,38.4,6,49.12,6,47.16,7
7765,18.16,7,21.61,8,18.8,7,12.8,3,13.31,3
7766,21.87,8,19.46,8,23.35,7,13.72,5,12.62,4
7770,80,20,66.82,21,72.17,18,74.11,7,67.44,8
7779,43.85,11,43.41,11,35.16,11,28.62,9,26.33,9
7780,27.32,12,24.04,13,25,13,19.5,10,17.55,11
7786,29.55,7,23.94,5,23.7,5,16.23,1,16.55,1
7793,53.34,13,57.07,13,46.8,13,30.38,10,27.34,10
7795,62.07,10,52.76,11,56.98,10,43.14,8,40.98,7
7802,14.23,11,15.37,9,15.37,8,10.83,7,10.18,7
7806,58.91,16,68.34,17,64,8,69.8,9,69.1,9
7813,15.25,6,16.93,4,18.28,4,11.66,3,11.66,3
7814,18.42,6,19.16,4,16.67,3,11.34,2,11.23,2
7824,62.5,19,50.63,18,51.64,17,44.64,7,48.66,8
7825,53.85,14,45.77,13,50.35,11,34.8,9,33.06,10
7826,20.8,7,19.55,7,22.68,6,14.36,2,13.93,2
7837,48.31,13,57.49,15,52.43,7,63.75,8,66.94,8
7845,22.04,11,19.84,10,16.03,5,14.44,5,15.16,5
7852,31.33,11,31.64,10,26.07,5,19.03,4,19.22,4
7872,27.68,9,31.83,7,31.83,7,24.51,6,23.77,6
7885,47.46,14,54.58,17,61.13,16,49.07,17,45.64,19
7886,35.9,10,36.98,11,42.53,11,31.98,9,34.54,9
7887,66.64,14,71.3,15,68.45,12,47.76,9,51.1,9
7889,10.39,4,10.91,4,6.98,2,4.48,1,4.61,1
7892,19.96,6,20.16,4,16.93,3,13.98,1,14.96,1
7894,42.56,11,51.07,11,44.43,10,32.21,10,32.21,12
7895,11.17,3,9.27,3,9.83,3,5.7,2,5.42,2
7897,23,6,27.6,6,23.18,3,18.82,3,17.69,2
7899,35.38,8,39.27,9,45.55,9,35.91,6,34.83,5
7907,27.78,13,28.06,11,19.08,5,16.18,5,16.83,4
7908,49.69,19,50.19,17,52.7,16,57.24,6,52.09,6
7911,30.01,8,25.51,9,17.96,4,12.88,4,12.24,4
7915,39.68,15,38.09,16,38.09,14,26.14,12,23.79,11
7917,52.01,9,57.21,8,49.2,8,46.1,3,44.26,3
7920,46.63,11,39.64,13,44.4,13,41.84,12,45.19,14
7924,23.07,6,27.45,4,20.42,2,12.7,2,12.32,2
7926,24.01,8,25.93,8,16.8,4,14.63,4,15.51,3
7939,31.75,15,28.26,13,31.65,11,28.35,5,25.8,6
7949,42.01,11,40.75,11,44.83,10,37.62,8,41.38,9
7954,26.5,10,26.24,9,24.93,7,22.42,6,22.87,6
7963,44.08,22,48.49,21,33.75,5,27.71,9,27.16,8
7964,28.35,5,22.96,6,18.83,5,8.95,4,9.76,4
7966,37.02,9,33.32,10,38.98,10,31.42,8,33.93,7
7969,32.38,13,30.11,13,31.31,11,22.12,5,19.91,5
7972,15.26,3,18.01,3,21.07,3,9.12,3,8.21,3
7975,29.74,4,29.15,4,26.12,2,28.55,2,29.12,2
7979,44.34,14,51.43,15,57.09,14,40.67,14,42.7,15
7981,9.77,7,10.16,5,10.77,5,2.66,0,2.66,0
7987,54.99,16,57.19,15,60.05,14,53.45,10,58.8,9
7998,80,12,80,10,77.66,9,75.54,3,70.25,4
8012,10.73,5,11.7,3,12.17,3,3.93,2,3.81,2
8015,24.94,9,24.69,10,27.9,10,16.44,7,17.43,6
8026,19.94,4,23.73,4,28.48,4,24.61,4,22.64,3
8031,33.53,14,29.84,12,33.12,12,28.78,11,27.34,9
8033,12.62,6,13,5,12.06,3,7.38,3,7.45,3
8034,49.01,17,46.56,19,36.5,5,39.37,5,41.73,5
8047,30.51,18,30.51,19,20.74,5,20.71,5,20.3,6
8055,16.14,8,18.72,8,17.6,7,13.77,5,13.63,6
8057,29.79,16,34.26,15,26.58,8,22.57,9,21.67,10
8060,12.02,3,14.06,3,16.59,2,5.93,0,5.46,0
8064,48.46,14,58.15,14,45.59,7,59.11,7,57.93,6
8067,37.2,12,34.6,14,31.83,14,25.42,10,27.96,10
8071,21.33,7,24.96,6,28.7,5,19.27,5,18.88,5
8074,31.34,14,31.03,14,26.07,12,13.38,10,13.38,9
8101,35.24,11,40.88,9,34.02,4,28.99,4,28.12,3
8102,20.1,5,19.7,5,22.26,4,11.03,1,11.36,1
8103,14.02,4,14.72,3,14.02,2,9.99,2,10.69,2
8114,16.13,5,13.39,6,11.52,6,2.79,2,3.01,2
8116,17.15,11,18.69,12,16.15,6,10.37,5,9.64,6
8119,43.93,17,39.98,18,37.18,17,35.39,7,36.81,7
8123,45.9,13,38.1,13,32,12,32.4,10,30.13,9
8125,80,11,80,11,80,11,80,11,80,9
8126,34.88,9,30.69,9,25.78,8,14.98,7,16.48,7
8128,40.25,19,32.2,23,34.13,23,21.72,5,20.42,4
8129,48.2,20,40.49,18,31.42,8,30.14,8,28.63,8
8135,50.7,25,45.12,29,43.32,25,36.49,20,40.14,20
8140,26.49,6,29.67,6,28.19,6,27.83,4,25.05,5
8143,26.84,6,22.28,4,20.67,2,16.74,2,16.24,2
8147,65.44,18,68.71,19,64.59,17,68.28,13,74.43,12
8149,12.08,3,10.75,3,12.26,2,5.38,0,5.49,0
8154,24.85,12,20.87,12,21.91,11,15.76,10,15.92,9
8159,42.6,15,51.12,14,42.12,7,57.18,8,54.89,9
8161,34.04,12,35.06,12,35.41,12,22.39,10,24.18,9
8165,80,20,77.9,21,80,20,73.63,17,78.05,16
8166,21.66,17,24.26,18,22.08,17,11.31,7,10.63,6
8168,32.01,13,37.13,13,35.05,6,28.24,7,31.06,8
8173,59.62,14,51.87,14,42.01,14,36.27,7,34.09,8
8177,8.68,4,7.12,5,8.05,0,2,1,2,1
8179,21.65,4,18.84,3,22.42,3,13.63,1,12.95,1
8197,12.15,9,10.08,7,8.77,0,2,1,2,1
8202,28.22,9,22.58,7,23.48,7,16.36,7,15.54,6
8206,29.46,12,25.04,13,21.83,6,17.56,6,16.68,6
8208,29.93,13,26.04,14,24.74,13,19.71,10,18.53,12
8212,18,6,15.48,6,18.42,6,14.18,4,13.9,4
8214,23.88,7,24.36,7,22.41,6,13.94,4,13.24,4
8217,14.32,5,12.17,3,14,3,4.34,2,3.91,2
8220,27.34,14,28.43,12,33.55,11,19.85,11,21.04,13
8226,33.77,22,38.5,21,44.66,17,35.98,8,35.98,9
8227,66.68,16,63.35,19,75.39,18,75.18,19,72.92,22
8229,35.45,9,37.93,7,32.62,6,22.03,2,22.91,2
8230,28.49,7,27.92,6,31.83,5,29.33,4,31.97,4
8231,8.71,7,9.49,6,6.15,0,2,0,2,0
8252,41.93,14,50.32,14,40.76,14,26.65,5,25.58,4
8253,39.46,13,38.28,11,36.37,9,24.55,4,24.55,4
8260,9.02,5,10.73,3,8.69,3,2.86,0,3,0
8276,20.35,5,16.48,3,14.01,3,7.87,3,7.79,3
8277,47.51,17,43.71,19,43.71,17,36.84,12,33.89,10
8287,9.04,5,7.32,4,6.56,2,2.76,0,2.7,0
8288,68.32,18,70.37,18,54.61,8,60.94,5,66.42,4
8290,30.49,9,31.1,8,28.92,7,25.26,3,24.75,3
8293,29.91,15,35.29,15,39.52,14,38.24,12,38.24,11
8294,51.08,13,54.66,12,61.77,11,46.98,10,50.74,8
8296,50.3,22,48.79,21,45.37,20,43.72,17,47.65,14
8306,25.77,18,28.09,17,27.25,14,14.98,11,13.48,13
8307,40.67,6,38.23,7,44.35,6,35.35,5,32.17,5
8308,39.08,12,44.16,10,32.5,5,41.76,5,38,4
8310,56.19,9,59,8,68.44,8,71.71,3,72.43,3
8313,57.77,19,54.88,19,58.17,18,45.35,13,42.18,15
8323,46.02,11,38.66,12,46.39,10,35.07,9,31.91,7
8326,41.05,12,40.23,11,46.67,9,46.54,6,44.21,6
8330,52.98,16,47.15,18,33.57,9,42.09,9,41.67,8
8331,20.37,10,22.61,8,20.35,8,11.3,4,11.41,4
8333,39.28,14,36.14,16,36.86,15,24.59,6,27.05,5
8335,35.79,13,41.87,13,48.99,11,38.03,4,34.99,5
8337,37.09,16,37.09,17,39.32,15,25.82,12,23.24,11
8338,38.9,23,40.46,26,38.44,25,35.67,25,33.17,23
8339,52.44,11,41.95,13,34.4,12,25.34,6,25.09,7
8345,62.84,8,57.81,9,66.48,8,63.13,4,61.24,4
8346,80,16,80,15,80,14,78.82,13,73.3,11
8351,57.63,11,48.41,10,56.16,9,41.17,3,41.17,4
8353,44.69,7,53.18,7,48.39,7,39.94,4,35.95,5
8360,29.57,12,25.43,14,29.5,12,25.81,9,23.49,9
8362,35.86,9,38.37,9,37.6,8,33.48,8,36.49,6
8364,7.47,9,7.69,7,6.15,0,2,1,2,1
8368,32.47,10,25.98,10,22.6,9,18.31,4,16.85,4
8371,28.79,10,29.37,10,24.38,9,21.52,4,21.74,5
8372,26.44,6,24.59,4,28.28,4,16.04,4,17.16,3
8374,11.68,7,13.78,6,11.58,3,6.46,3,5.94,3
8377,23.77,8,24.25,9,28.37,8,20.79,8,18.92,7
8378,26.11,9,28.72,10,24.7,10,14.97,8,15.72,9
8379,34.16,9,39.28,9,34.17,7,21.34,6,21.13,5
8382,26.94,12,26.4,14,26.14,13,22.37,10,23.26,10
8386,53.56,12,50.88,13,32.97,6,28.5,6,29.93,6
8402,47.44,14,38.43,15,27.36,7,27.17,8,26.08,7
8404,31.8,8,33.39,7,31.05,7,30.26,5,31.47,5
8409,22.28,10,26.74,10,29.15,9,17.24,6,17.93,6
8410,14.85,5,13.81,3,12.57,2,5.58,0,5.52,0
8413,40.02,18,45.62,21,38.78,20,26.58,18,24.99,21
8416,80,12,80,14,64,7,80,7,80,7
8423,34.49,8,35.52,9,31.26,4,35.37,4,32.19,5
8427,27.27,6,23.45,7,26.73,6,21.07,5,20.86,5
8432,32.49,14,37.04,14,40,13,35.6,11,32.04,12
8435,20.75,7,16.6,7,13.78,6,9.02,3,9.2,3
8451,21.32,6,22.6,4,23.5,4,12.04,2,12.64,2
8455,15.88,6,17.31,5,15.37,3,13.86,3,12.89,3
8458,38.3,14,41.75,15,35.49,12,31.97,8,28.77,7
8467,34.6,7,36.33,6,30.52,6,24.44,2,25.17,2
8475,12.87,16,13.9,15,11.34,7,2.63,1,2.84,1
8477,19.01,13,19.2,14,18.05,13,12.59,9,13.85,9
8479,12,5,11.76,4,11.29,3,4.27,1,4.57,1
8480,41.14,12,40.73,13,40.32,12,36.74,10,34.17,11
8481,20.48,6,19.87,5,18.28,5,12.2,5,11.96,6
8483,9.35,5,9.82,4,8.94,0,2,1,2,1
8489,38.42,9,32.66,9,22.99,5,25.76,5,23.18,5
8497,27.02,9,22.43,10,17.05,5,12.95,6,13.21,6
8505,52.86,18,54.45,20,53.36,19,54.3,16,54.84,15
8510,41.96,19,49.93,21,40.44,22,27.16,17,25.8,19
8514,52.65,13,50.54,13,60.14,12,58.35,11,52.52,11
8515,39.23,10,38.84,10,40.78,9,41.94,8,40.68,7
8516,42.77,9,46.19,10,43.88,10,41.58,5,44.49,5
8520,31.48,14,26.13,12,23.42,6,25.49,7,24.73,8
8523,44.45,18,52.45,18,35.66,8,38.03,7,37.65,8
8525,37.9,8,35.25,8,41.95,8,42.34,7,38.11,8
8526,10.79,4,12.3,4,10.62,2,5.35,2,4.98,2
8535,38.86,17,34.2,17,30.92,8,37.45,7,35.95,7
8544,22.14,12,19.26,14,18.87,11,12.3,10,11.44,10
8546,23.21,11,26.92,10,23.96,10,18.12,7,19.21,6
8548,16.03,4,16.99,3,18.86,2,13.44,2,12.23,2
8549,27.9,11,22.6,10,21.02,10,16.17,4,15.36,4
8550,63.02,16,57.98,14,56.24,14,39.93,12,38.33,12
8552,27.23,9,29.14,9,31.47,9,20.38,3,19.77,3
8556,21.77,10,23.95,9,19.64,8,13.84,4,15.22,4
8558,58.28,12,57.7,13,67.51,13,47.01,13,44.19,12
8559,19.85,7,23.82,6,23.82,6,12.44,4,13.56,3
8563,75.01,12,76.51,11,80,10,57.93,4,59.09,4
8566,17.58,5,18.46,5,21.6,4,18.41,2,16.75,2
8567,15.29,5,12.69,3,13.32,3,6.65,1,5.99,1
8568,43.19,23,51.83,26,48.72,27,34.44,5,37.88,5
8571,19.28,5,22.94,5,20.42,5,10.99,2,10.99,2
8573,15.74,6,17.63,6,17.63,5,15.16,4,15.77,4
8584,21.49,7,17.41,6,17.24,5,8.03,3,8.27,2
8585,65.81,20,57.25,24,38.93,5,41.69,5,37.52,6
8587,34.79,9,30.27,10,28.45,9,26.29,7,24.19,6
8591,16.63,6,16.46,7,13.3,3,8.29,3,8.62,4
8596,63.11,11,64.37,9,56.65,9,49.78,8,47.29,8
8598,26.33,6,21.85,5,18.57,4,8.23,2,8.97,2
8610,35.98,11,28.78,11,23.6,11,19.08,8,20.61,7
8623,29.29,12,24.02,11,27.86,10,24.09,5,25.29,4
8629,35.17,16,34.11,16,38.89,16,24.5,9,26.71,11
8635,45.35,17,36.28,20,29.02,20,22.63,18,23.99,17
8637,24.53,9,27.96,9,22.65,9,19.14,9,17.42,9
8638,28.39,10,25.27,9,23.05,4,21.67,4,23.84,5
8652,20.27,5,23.11,4,20.34,4,14.56,3,13.4,3
8653,16.51,7,17.83,7,17.83,7,13.26,6,12.6,7
8665,43.41,18,35.6,18,30.26,17,22.17,14,22.61,15
8666,48.31,16,49.76,16,43.39,8,45.07,8,49.13,9
8672,16.83,9,13.97,7,14.11,7,5.97,6,5.97,7
8676,15.8,7,15.64,5,15.01,4,8.51,2,8.77,2
8677,26.01,10,30.43,9,25.26,8,22.81,4,22.35,4
8678,40.45,14,33.57,13,35.92,13,23.81,12,22.62,12
8685,48.02,15,44.18,16,42.42,8,33.95,8,34.29,9
8688,21.27,6,21.7,6,24.3,5,18.24,4,17.15,3
8690,24.45,7,22.98,6,19.76,6,14.92,5,14.47,4
8695,50.99,15,53.54,14,34.7,6,36.5,7,40.15,8
8703,31.27,5,27.52,5,25.32,5,15.79,3,16.42,3
8709,44.93,12,47.63,11,39.53,10,25.39,9,23.61,8
8714,54.28,11,61.88,10,46.04,5,41.77,4,39.26,5
8719,32.47,9,30.85,8,31.47,7,22.47,3,20.67,3
8721,14.33,9,11.61,9,8.36,0,2,0,2,0
8722,38.67,9,31.32,9,23.3,5,23.3,6,22.6,5
8724,9.58,6,7.66,6,7.12,0,2,1,2,1
8732,23.03,8,25.79,7,21.92,6,10.76,2,10.54,2
8733,44.4,12,49.73,11,56.19,11,55.06,7,50.66,7
8735,41.88,23,39.79,21,44.96,22,36.96,18,36.59,20
8738,39.62,14,36.45,12,34.63,10,31.48,8,30.54,8
8740,38.49,8,37.34,8,36.22,7,32.65,6,30.36,6
8749,17.49,8,17.49,9,14.27,4,7.06,4,6.71,4
8756,36.62,12,31.86,10,35.36,9,36.43,9,34.24,8
8762,20.56,6,20.35,4,16.89,4,5.02,1,5.22,1
8769,34.77,16,38.25,19,38.25,19,32.16,18,33.45,19
8771,9.19,3,10.11,3,9.5,0,2,1,2,1
8773,28.83,10,32.87,9,36.16,7,31.69,7,32.32,6
8774,60.24,8,52.41,8,57.13,8,52.99,6,54.05,5
8779,32.67,9,29.73,7,29.43,6,20.37,2,19.35,2
8781,22.47,7,21.35,7,17.29,7,10.85,3,10.74,3
8782,54.79,19,46.02,20,31.66,5,25.04,5,23.54,5
8783,30.06,6,30.96,4,35.6,4,32.65,3,29.39,3
8792,61.49,10,53.5,10,43.87,9,28.73,7,28.73,6
8793,17.45,4,14.66,4,9.38,0,2,0,2,0
8796,46.9,14,55.81,14,49.11,14,40.15,10,40.95,10
8801,52.71,23,57.98,25,66.68,23,50.68,9,50.68,7
8803,31.24,15,30.93,15,20.54,6,17.16,5,15.79,6
8813,16.88,5,15.19,4,15.95,4,9.11,1,9.75,1
8815,19.13,7,19.13,5,20.85,5,15.27,3,14.35,3
8816,47.12,15,44.76,16,40.73,13,36.77,11,40.45,10
8823,22.99,6,20.23,5,17.97,3,15.71,4,16.02,4
8825,43.33,16,47.23,16,42.03,13,41.33,10,41.74,11
8826,31.9,10,32.54,8,34.49,7,29.18,5,26.55,6
8843,62.04,6,52.11,6,57.84,5,58.67,2,61.6,2
8850,19.84,6,18.85,7,15.27,7,8.2,4,8.28,4
8852,38,8,42.94,9,42.08,8,41.39,6,44.7,6
8854,30.74,17,27.36,16,30.64,13,26.48,10,26.74,8
8856,39.69,5,40.48,6,46.15,5,34,4,37.4,4
8866,61.12,15,60.51,14,63.54,13,47.28,10,46.33,11
8877,9.63,4,8.96,3,7.88,0,2,0,2,0
8882,49.05,15,40.71,16,34.2,17,26.54,13,27.87,14
8889,63.39,10,66.56,8,55.91,7,39.29,5,41.65,6
8890,50.98,24,54.04,23,52.42,19,51.81,18,52.33,21
8896,46.8,21,46.8,20,52.42,19,43.32,14,47.22,13
8897,43.48,10,38.7,10,34.83,10,32.01,4,28.81,4
8899,14.73,3,16.94,4,14.06,3,4.53,2,4.58,2
8902,9.11,5,7.93,5,7.53,0,2,0,2,0
8904,57.82,17,57.24,17,61.82,15,55.82,15,55.82,13
8908,24.43,6,20.52,5,24.42,4,13.25,4,12.06,3
8917,54.51,12,54.51,13,44.15,11,32.18,11,33.47,11
8918,31.62,15,34.78,17,24.76,9,25.81,9,25.04,10
8919,16.74,6,19.25,4,21.18,4,13.12,1,12.07,1
8921,22.87,5,27.22,5,23.68,5,13.5,2,14.18,2
8931,15.04,4,15.94,3,13.26,2,10.4,2,10.19,2
8936,30.25,9,28.44,7,26.73,6,17.39,4,16,4
8944,21.51,5,23.45,6,27.2,6,26.64,4,24.51,4
8948,48.4,21,51.3,19,53.35,18,43.62,15,44.49,12
8950,21.41,10,17.56,10,14.93,8,7.42,4,8.16,4
8953,8.92,4,8.12,3,6.75,2,3.2,0,3.2,0
8955,44.08,16,41.44,15,36.47,14,24,11,24.24,12
8959,44.84,17,53.81,14,45.74,14,46.89,12,46.42,11
8962,53.04,18,55.69,20,46.22,18,40.99,18,38.94,16
8966,31.36,9,33.87,8,37.6,8,28.6,7,25.74,8
8970,19.16,12,20.31,12,19.5,10,11.53,4,10.95,4
8980,23.58,7,19.1,7,22.92,6,10.02,2,9.42,2
8984,49.24,16,56.63,18,49.27,15,36.34,12,34.89,14
8989,33.24,8,39.22,9,35.69,8,26.55,6,24.69,5
8995,35.32,11,28.61,10,25.18,10,15.16,5,15.16,4
8997,36.67,12,29.7,10,30.29,9,21.59,3,23.1,3
9003,51.94,20,50.9,20,42.76,18,26.49,15,25.17,13
9007,31.94,7,29.38,6,20.68,3,22.18,3,22.85,3
9015,51.12,15,52.14,14,49.53,14,36.6,13,36.23,15
9032,40.75,17,46.86,18,54.83,16,50.47,14,47.44,16
9036,70.16,9,56.83,10,51.38,5,55.65,5,60.66,5
9039,47.68,13,41,11,45.92,11,37.92,10,39.82,10
9047,17.08,10,15.88,11,14.45,11,10.76,4,10.01,4
9052,55.91,15,55.35,14,60.89,11,41.32,11,40.49,12
9055,50.78,15,59.41,15,59.41,14,45.28,6,49.81,7
9065,36.48,5,41.59,4,46.16,3,48.01,3,47.05,3
9074,80,19,77.79,17,63.79,15,50.32,6,52.33,7
9076,26.24,7,25.72,6,23.41,5,16.94,2,16.6,2
9079,60.72,15,69.22,15,65.07,15,43.71,6,44.15,7
9080,49.75,15,56.22,14,52.85,13,46.32,13,47.25,12
9081,24.91,6,29.39,7,24.1,7,12.49,5,11.24,5
9085,26.18,9,23.56,7,23.32,6,15.32,3,15.47,3
9088,13.79,12,11.58,10,9.38,0,2,1,2,1
9094,51.23,8,49.18,8,45.25,7,38.7,6,36.38,6
9098,25.93,8,24.37,10,27.29,8,18.11,4,19.02,3
9100,18.69,12,21.12,11,25.13,10,16.88,4,15.53,5
9104,66.33,21,78.27,21,75.92,21,76.27,9,80,8
9106,31.85,14,31.21,13,30.9,11,25.68,5,28.25,5
9107,38.08,19,36.94,21,33.98,21,19.88,19,19.28,15
9113,37.84,12,39.35,13,32.27,13,25.53,10,23.74,11
9114,39.25,10,45.92,11,39.95,10,36.55,7,35.82,8
9132,18.2,7,17.65,7,21.18,7,17.99,7,17.81,6
9135,40.54,11,45,9,34.2,5,40.45,6,41.66,6
9143,35.76,10,37.19,11,43.88,10,34.56,9,38.02,7
9144,40.18,13,39.78,13,46.14,14,37.14,12,40.48,13
9145,61.42,24,63.88,23,54.3,19,57.07,9,56.5,11
9161,29.74,13,34.5,13,37.26,14,30.89,12,28.73,12
9166,48.64,11,52.04,13,48.3,6,61.61,7,56.07,8
9171,10.34,4,11.48,3,11.48,3,2.94,2,2.79,2
9175,20.89,7,19.85,7,16.36,3,12.27,3,13.25,3
9187,31.44,11,26.72,11,21.64,10,18.45,8,19.74,8
9188,12.02,5,9.86,4,10.16,0,2,0,2,0
9195,14.68,7,12.92,8,10.34,7,3.31,2,3.64,2
9196,20.9,7,20.06,7,16.85,6,12.21,4,12.09,3
9197,57.91,11,55.01,12,48.96,12,52.75,8,57.5,7
9203,14.54,6,16.87,7,12.42,4,9.31,5,10.05,4
9215,24.87,9,25.86,11,20.69,5,23.74,4,26.11,4
9217,51.57,15,51.05,14,54.11,13,41.7,9,39.62,10
9219,60.07,9,52.86,9,51.27,8,42.71,7,43.99,6
9220,45.73,15,42.07,13,43.75,12,35.31,10,38.84,9
9225,40.63,19,42.66,19,39.25,19,38.35,8,37.58,9
9228,55.96,15,47.57,15,43.76,13,36.64,12,35.17,13
9234,51.22,11,46.61,11,50.34,11,47.86,5,50.25,6
9239,31.55,9,25.56,9,17.58,4,12.32,4,11.21,4
9241,35.46,9,37.23,10,41.33,9,31.68,4,31.36,5
9242,32.81,15,39.04,16,35.14,16,33.41,16,34.08,13
9253,26.83,16,28.98,15,29.85,15,26.52,5,23.87,4
9262,26.12,14,29.25,14,29.54,12,25.49,11,28.04,10
9272,38.29,7,39.82,8,35.68,4,43.4,5,46,5
9274,40.71,15,37.45,15,38.2,15,34.93,14,31.79,14
9275,30,10,31.2,9,21.71,4,23.21,3,21.59,3
9276,66.38,15,53.77,16,50.76,8,68.14,7,69.5,7
9278,35.84,13,35.12,13,36.88,12,30.99,9,32.23,9
9289,19.16,6,18.78,5,21.41,5,10.98,2,10.76,2
9308,17.66,15,17.31,14,16.62,14,7.79,12,7.09,12
9312,15.46,9,17.78,10,17.6,9,7.96,4,7.56,4
9314,28.38,14,27.53,13,28.36,13,24.2,13,25.89,11
9316,28.42,10,24.44,9,23.46,5,18.98,5,19.17,5
9326,46.58,21,48.91,24,52.82,23,50.57,23,46.02,28
9330,13.55,6,13.14,4,12.22,4,4.26,2,4,2
9332,22.95,3,26.39,3,30.35,3,24.08,1,25.77,1
9339,40.74,7,41.55,8,38.23,7,37.96,4,37.58,4
9340,29.69,10,31.17,11,27.74,10,13.47,5,14.55,5
9344,45.2,13,36.61,14,33.68,12,23.99,11,25.67,9
9346,16.49,10,19.46,10,17.51,9,11.86,6,12.69,6
9348,35.1,15,32.29,13,28.74,13,20.59,5,21,5
9349,50.8,9,53.34,8,51.74,8,36.46,7,32.81,6
9350,38.04,18,36.9,18,33.21,18,26.87,16,29.56,15
9354,56.75,13,52.21,13,43.33,12,33.16,9,32.17,9
9355,38.89,10,37.33,8,35.84,7,26.97,4,27.78,3
9357,28.54,9,26.26,9,28.1,8,20.82,5,22.07,5
9359,30.17,9,30.77,10,32,9,23.64,7,26,6
9387,52.57,16,47.31,14,55.83,13,47.04,11,51.27,13
9389,40.43,16,41.24,17,32.99,14,31.28,5,32.22,5
9398,48.33,14,43.01,14,36.13,13,29.85,6,28.36,6
9401,25.69,12,30.31,10,27.58,10,24.27,5,25.24,6
9407,45.33,8,43.52,8,37.43,8,29.18,7,27.43,7
9415,41.37,13,35.16,12,29.53,12,16.69,5,16.36,4
9425,24.75,7,24.75,8,29.7,8,17.43,4,17.26,4
9432,55.43,12,48.78,12,47.8,10,43.67,7,43.67,8
9436,57.84,9,53.79,11,52.18,11,54.53,5,51.8,4
9443,71.41,16,62.13,17,60.27,14,56.89,13,51.2,10
9447,16.04,7,14.44,5,12.27,5,5.87,2,5.81,2
9454,69.37,13,70.06,14,58.29,6,60.22,7,60.82,8
9455,55.62,20,47.83,18,49.74,18,46.22,14,42.98,12
9461,33.81,15,35.16,13,31.64,12,28.44,12,27.3,11
9464,41.69,11,50.03,10,45.53,9,38.9,5,35.4,5
9469,56.37,25,64.26,23,63.62,19,56.62,9,62.28,8
9472,13.36,8,11.36,7,9.63,4,5.12,4,4.86,3
9473,30.92,10,32.78,9,33.11,8,20.49,3,19.67,3
9477,14.24,9,15.81,8,16.13,7,6.16,4,6.47,4
9480,56.4,14,52.45,15,54.55,14,40.37,12,37.54,12
9481,24.55,6,25.04,4,25.29,3,14.5,1,14.36,1
9494,78.51,23,69.09,25,54.72,5,60.4,5,55.57,4
9496,61.26,20,73.51,19,66.89,15,67.92,7,67.92,8
9509,31.19,9,26.82,11,26.28,10,16.23,4,16.39,3
9514,13.52,6,13.38,5,11.91,4,2.55,2,2.78,2
9517,60.7,15,65.56,15,58.22,8,70.41,8,76.75,7
9524,41.72,23,44.22,24,40.68,6,34.73,5,37.16,4
9527,22.06,10,19.85,9,22.63,8,16.86,7,16.35,6
9533,80,20,79.37,22,64,5,80,5,80,6
9536,13.02,4,13.54,3,11.7,2,5.77,2,6.06,2
9539,40.94,6,39.71,7,32.17,6,23.27,5,21.64,4
9550,43.14,8,45.3,8,48.47,7,34.17,6,30.75,5
9554,37.93,15,31.86,15,22.43,7,22.97,7,21.36,8
9558,30.57,11,34.24,9,21.91,5,22.58,5,24.39,5
9559,39.12,19,44.21,20,40.23,19,29.4,16,29.11,13
9560,31.31,10,28.49,9,21.2,5,15.65,5,15.02,4
9570,9.13,3,7.4,3,8.44,0,2,1,2,1
9575,8.96,3,9.5,3,7.89,3,2.13,1,2.15,1
9576,11.43,4,13.49,4,12.14,4,7.2,2,7.42,2
9577,33.43,9,32.43,10,21.02,4,22,4,21.34,4
9588,49.96,10,40.47,9,42.09,9,36.46,4,35,4
9594,11.8,6,10.38,6,9.3,3,2,1,2.14,1
9595,33.13,11,34.46,11,34.8,11,27.45,5,29.37,5
9597,18.21,11,18.76,9,16.7,9,9.37,7,8.9,7
9598,38.66,9,42.91,8,41.19,7,29.07,5,27.62,4
9603,61.74,16,59.27,14,65.79,12,53.87,9,58.72,9
9605,37.11,9,30.8,10,35.73,9,30.16,7,30.46,6
9610,21.96,12,19.32,12,18.74,11,12.55,7,13.05,7
9628,64.19,8,55.2,7,55.75,6,37.83,2,37.07,2
9630,43.96,27,48.8,25,52.7,26,40.48,5,39.27,4
9631,37.79,16,43.84,15,39.98,6,44.48,6,48.04,6
9635,25.26,6,29.05,4,33.12,4,24.13,4,22.44,4
9639,33.98,9,30.58,7,31.5,6,18.2,3,19.84,4
9645,19.46,11,21.02,9,18.92,9,14.81,9,15.4,10
9662,27.99,8,32.75,8,24.89,4,18.2,4,19.47,4
9664,80,11,80,10,80,10,80,7,80,7
9669,12.24,6,10.65,4,9.59,0,2,1,2,1
9677,32.2,13,26.08,13,29.21,13,24.84,9,24.34,9
9686,29.27,6,29.56,7,35.47,6,33.73,4,33.06,4
9688,62.28,14,59.79,15,69.95,13,54.16,5,56.87,5
9690,19.7,5,18.52,5,12.15,3,10.47,3,9.42,3
9692,16.51,5,17.67,6,19.79,5,11.81,3,12.87,3
9693,20.25,11,17.82,9,20.67,7,14.26,3,15.69,3
9699,42.06,18,40.8,17,44.88,15,29.6,13,26.94,14
9701,35.88,14,34.8,12,32.71,10,27.31,8,30.04,7
9702,16.69,9,13.85,9,15.65,8,5.93,6,6.46,6
9712,16.25,4,18.36,3,16.16,2,12.42,0,12.42,0
9716,29.61,13,31.98,13,33.58,12,25.57,11,25.83,9
9720,53.35,13,52.28,13,40.15,6,35.66,6,36.02,6
9721,78.29,21,80,22,80,21,80,5,80,5
9722,11.14,8,9.47,7,9.19,7,3.56,2,3.42,2
9723,57.19,25,60.05,29,50.44,28,41.94,5,41.52,5
9725,17.78,7,20.27,6,23.72,6,19.04,3,20.37,3
9741,31.95,8,34.83,9,32.74,9,22.76,9,21.39,8
9744,27.94,12,27.66,10,24.62,10,21.81,10,20.5,9
9745,23.79,8,21.89,8,24.3,8,15.54,4,13.99,4
9751,11.99,5,10.55,4,8.86,4,2.42,0,2.64,0
9754,57.1,12,53.67,12,47.23,6,50.27,7,45.75,7
9764,13.79,4,16.27,3,10.8,2,7.18,2,7.04,2
9770,18.64,9,17.15,8,19.89,8,14.67,3,15.84,4
9773,36.58,10,34.02,8,31.57,4,27.91,4,27.35,4
9775,43.96,9,44.84,10,30.14,5,24.27,6,22.81,7
9781,33.88,19,29.81,22,28.62,23,22.48,23,21.58,22
9785,42.14,14,50.15,14,34.5,6,40.15,7,39.35,6
9789,34.06,9,39.51,7,35.16,7,25.75,2,26.27,2
9798,9.84,7,9.54,5,10.3,5,3.17,2,3.27,2
9807,31.91,7,37.97,7,30.38,6,27.63,6,29.01,7
9810,44.21,14,47.75,15,36.67,7,27.67,7,27.39,8
9812,42.54,6,42.54,6,50.2,5,39.68,1,40.08,1
9814,21.93,8,25.44,7,24.42,7,20.37,5,20.57,5
9815,30.33,15,30.03,13,24.02,11,16.5,9,17.33,10
9817,21.83,11,22.27,11,18.48,9,7.15,7,7.15,6
9821,33.71,12,33.37,13,31.37,13,23.94,13,24.9,12
9825,61.04,10,51.27,9,50.76,8,45.79,5,46.25,4
9831,21.65,11,17.97,10,19.23,9,12.23,9,12.23,11
9833,38.78,19,33.35,19,33.35,18,24.02,16,21.62,18
9837,60.26,12,59.05,14,55.51,15,47.29,13,48.24,11
9839,37.49,15,38.99,14,26.51,6,27.8,6,28.91,5
9847,19.78,5,21.76,3,21.32,2,18.16,0,17.98,0
9856,28.23,8,26.54,7,27.87,7,14.97,7,14.52,8
9859,71.17,17,75.44,15,78.46,13,60.69,6,58.26,5
9860,32.99,10,30.68,10,27,10,21.51,5,22.8,6
9862,80,7,70.77,8,74.31,7,65.08,6,71.59,6
9864,41.68,9,44.18,9,40.3,4,53.94,4,53.94,4
9869,32.99,6,32.66,5,31.35,4,19.96,2,20.96,2
9870,24.94,8,28.68,8,24.38,7,16.92,7,15.57,7
9873,54.26,11,47.75,11,52.05,10,49.73,6,53.71,6
9877,25.89,6,24.85,6,24.35,6,17.13,4,18.5,4
9886,32.73,6,37.31,6,41.41,6,29.61,4,26.95,4
9887,51.84,8,59.62,7,63.2,6,61.15,6,58.09,7
9889,11.43,7,13.14,6,14.06,6,6.89,4,6.82,4
9895,80,23,80,23,80,22,76.51,18,80,16
9898,74.25,17,79.45,16,51.48,7,67,8,61.64,8
9899,30.33,8,32.76,8,25.68,4,27.31,4,29.77,4
9906,44.18,12,49.48,12,58.88,12,63.48,6,61.58,6
9908,53.83,15,49.52,15,44.07,15,28.9,12,30.92,11
9909,13.06,6,12.15,4,11.06,4,3.84,1,4.11,1
9912,9.61,8,11.34,6,12.93,5,5.67,3,5.9,3
9914,22.1,12,18.56,11,18.75,11,8.5,5,8.5,4
9915,73.76,12,80,11,64,5,80,5,80,4
9917,17.96,9,20.12,8,22.53,7,15.18,5,13.66,5
9924,20.13,7,19.73,7,16.57,7,9.4,3,9.4,3
9925,49.15,12,40.79,12,47.72,10,51.26,4,48.18,4
9932,46.76,16,39.28,16,26.08,8,25.27,9,24.01,8
9935,36.22,10,34.77,11,40.68,10,31.65,9,28.49,8
9939,45.11,14,46.91,13,52.07,12,52.36,12,52.36,13
9950,64.63,13,76.26,12,68.63,10,65.43,7,63.47,8
9955,21.38,7,17.96,8,20.47,7,16.56,4,17.22,4
9957,72.76,13,75.67,16,68.86,17,74.25,17,71.28,19
9961,55.08,12,63.89,13,69.64,13,64.43,12,66.36,13
9962,36.11,15,36.47,16,34.14,8,39.94,7,43.14,7
9967,55.21,13,62.39,12,58.02,10,46.54,10,46.54,9
9981,52.05,9,52.05,8,60.9,8,60.99,7,64.04,7
9982,34.66,16,35.01,17,29.06,16,16.99,13,15.63,15
9984,51.49,20,45.83,20,34.1,5,28.23,5,29.08,5
9990,56.98,9,67.81,8,54.25,8,57.1,4,61.67,4
9992,55.56,10,63.34,10,67.77,10,62.45,7,58.08,8
9993,30.24,9,26.61,7,20.65,4,16.97,5,16.63,5
9995,26.59,6,31.11,5,25.63,2,22.72,2,20.45,2
9996,55.1,23,55.65,26,47.3,24,44.03,24,44.03,20
9999,17.87,9,14.47,8,15.34,8,7.5,7,7.65,6
