File Date,Loan ID,Pool,Total Balance (UPBA),Original Loan Balance,Current Interest Rate %,Current P&I,Origination or Note Date,Current Maturity Date,Bankruptcy Flag,Bankruptcy Chapter,BK Filing Date,Modification Flag,Modification Date,"Vacant Flag
(8-31-21)","As-Is BPO
(8-31-21)",Prior Mo P&I,2mo Prior P&I,3mo Prior P&I,4mo Prior P&I,5mo Prior P&I,6mo Prior P&I,7mo Prior P&I,8mo Prior P&I,9mo Prior P&I,10mo Prior P&I,11mo Prior P&I,12mo Prior P&I,24mo Paystring
10/31/2021,3171568,Pool 6:  Nonperforming 2nds,301.1,"14,300",9.95,303.48,1/12/2004,2/1/09,N,,,N,,N,"175,000",-,-,-,-,-,-,-,-,-,-,-,-,555555555555555555555555
10/31/2021,3171576,Pool 4:  Nonperforming,"42,523.20","43,000",9.5,6.53,3/8/1997,4/1/22,N,,,Y,3/1/12,N,"55,000",-,-,-,-,-,-,-,-,-,-,-,-,555555555555555555555555
10/31/2021,3171617,Pool 4:  Nonperforming,"2,498.78","100,000",6.95,896.04,10/30/1998,11/1/13,Y,13,4/29/21,N,,N,"116,000",-,-,-,-,-,-,-,-,-,-,-,-,555555555555555555555555
10/31/2021,3171667,Pool 6:  Nonperforming 2nds,1,"18,000",10,237.87,8/30/2005,10/1/15,Y,13,4/11/16,N,,N,"147,000",-,-,-,-,-,-,-,-,-,-,181.24,-,555555555555555555555555
10/31/2021,3171670,Pool 4:  Nonperforming,57.75,"25,000",9.5,261.06,12/16/1999,1/1/15,Y,13,10/31/19,N,,N,"75,000",-,-,-,-,261.06,-,-,783.18,-,-,453.15,522.12,555555555555555555555555
10/31/2021,3171685,Pool 4:  Nonperforming,"17,334.87","111,000",9.5,"1,159.09",5/14/1997,6/1/12,N,,,Y,4/1/10,Y,"90,000",-,-,-,-,-,-,-,-,-,-,-,-,555555555555555555555555
10/31/2021,3171691,Pool 6:  Nonperforming 2nds,"6,817.98","10,000",9.95,107.15,8/10/2005,9/1/20,N,,,N,,N,"148,000",-,-,-,-,-,-,-,-,-,-,-,-,555555555555555555555555
10/31/2021,3171707,Pool 6:  Nonperforming 2nds,"7,647.23","7,700",6.875,50.58,6/22/2007,7/1/37,N,,,N,,N,"83,000",-,-,-,-,-,-,-,-,-,-,-,-,555555555555555555555555
10/31/2021,3171724,Pool 6:  Nonperforming 2nds,"8,373.72","18,332",9.95,241.75,10/14/2005,11/1/15,N,,,N,,N,"153,000",-,-,-,-,-,-,-,-,-,-,-,-,555555555555555555555555
10/31/2021,3171726,Pool 6:  Nonperforming 2nds,"1,780.85","25,300",8.45,313.01,9/12/2005,10/1/15,N,,,Y,2/1/10,N,"80,000",-,-,-,-,-,-,-,-,-,-,-,-,555555555555555555555555
10/31/2021,3171761,Pool 6:  Nonperforming 2nds,"10,393.66","11,000",8.45,84.19,9/28/2005,10/1/35,N,,,N,,N,"106,000",-,-,-,-,-,-,-,-,-,-,-,-,555555555555555555555555
10/31/2021,3171772,Pool 6:  Nonperforming 2nds,"11,041.82","17,000",10.45,187.39,1/28/2004,2/1/19,N,,,N,,N,"88,000",-,-,-,-,-,-,-,-,-,-,-,-,555555555555555555555555
10/31/2021,3171775,Pool 6:  Nonperforming 2nds,"12,556.62","11,250",11.25,104.05,1/14/2009,2/1/49,N,,,Y,1/1/12,N,"92,000",-,-,-,-,-,-,-,-,-,-,-,-,555555555555555555555555
10/31/2021,3171777,Pool 2:  Reperforming,"19,873.04","15,000",10.5,111.39,6/24/2004,12/1/35,N,,,Y,1/1/16,N,"80,000",111.39,111.39,111.39,111.39,111.39,111.39,111.39,111.39,111.39,111.39,111.39,111.39,111111111111111111111112
10/31/2021,3171783,Pool 6:  Nonperforming 2nds,"11,333.20","11,800",6.75,76.53,6/10/2008,7/1/18,N,,,Y,6/1/12,N,"57,000",-,-,-,-,-,-,-,-,-,-,-,-,555555555555555555555555
10/31/2021,3171787,Pool 6:  Nonperforming 2nds,"11,387.83","13,000",7.5,90.9,1/31/2006,2/1/13,N,,,N,,N,"74,000",-,-,-,-,-,-,-,-,-,-,-,-,555555555555555555555555
10/31/2021,3171790,Pool 4:  Nonperforming,1.25,"29,000",7.5,268.83,7/29/1998,8/1/13,Y,13,5/6/16,N,,N,"82,000",-,-,-,-,-,-,-,-,-,-,-,-,555555555555555555555555
10/31/2021,3171791,Pool 6:  Nonperforming 2nds,"11,552.18","14,000",9.95,150.02,4/30/2005,5/1/20,N,,,N,,N,"113,000",-,-,-,-,-,-,-,-,-,-,-,-,555555555555555555555555
10/31/2021,3171793,Pool 5:  Reperforming 2nds,"6,340.23","20,000",7.5,172.98,9/24/2004,9/1/25,Y,13,12/22/14,Y,10/1/15,N,"80,000",172.98,172.98,172.98,172.98,172.98,172.98,172.98,172.98,172.98,172.98,172.98,172.98,111111111111111111111111
10/31/2021,3171798,Pool 6:  Nonperforming 2nds,"14,363.31","20,000",3.042,29.78,8/29/2005,9/1/25,N,,,Y,4/1/11,N,"78,000",-,-,-,-,-,-,-,-,-,-,-,-,555555555555555555555555
10/31/2021,3171800,Pool 6:  Nonperforming 2nds,"11,835.50","13,000",6.25,80.04,6/2/2005,6/1/35,N,,,N,,N,"92,000",-,-,-,-,-,-,-,-,-,-,-,-,555555555555555555555555
10/31/2021,3171804,Pool 5:  Reperforming 2nds,"15,689.54","12,000",7,108.8,2/27/2002,3/1/48,N,,,Y,4/1/18,N,"140,000",108.8,108.8,108.8,108.8,108.8,108.8,108.8,108.8,-,217.63,108.8,110,111111111111111113332143
10/31/2021,3171807,Pool 6:  Nonperforming 2nds,"12,040.44","15,000",9.95,277.51,2/4/2005,3/1/11,N,,,N,,N,"168,000",-,-,-,-,-,-,-,-,-,-,-,-,555555555555555555555555
10/31/2021,3171817,Pool 5:  Reperforming 2nds,"5,528.85","15,700",8.45,135.75,10/17/2005,11/1/25,N,,,N,,N,"102,700",155.75,155.75,155.75,155.75,135.75,135.75,135.75,135.75,135.75,135.75,135.75,135.75,111111111111111111112222
10/31/2021,3171823,Pool 6:  Nonperforming 2nds,"12,724.55","14,000",6.25,86.2,9/20/2005,10/1/35,N,,,N,,N,"75,000",-,-,-,-,-,-,-,-,-,-,-,-,555555555555555555555555
10/31/2021,3171826,Pool 3:  Core Payers,"6,195.38","22,700",4.875,178.76,4/4/2005,6/1/25,N,,,Y,7/1/15,N,"65,000",-,357.52,-,357.52,-,-,357.52,-,536.28,-,178.76,178.76,323232121322222223212121
10/31/2021,3171841,Pool 5:  Reperforming 2nds,"10,213.07","15,500",7,160.12,1/23/2006,5/1/28,N,,,Y,7/1/19,N,"130,000",160.12,160.12,-,320.24,-,320.24,-,160.12,160.12,160.12,160.12,160.12,222121211111111111121111
10/31/2021,3171843,Pool 6:  Nonperforming 2nds,"13,318.57","22,000",8.5,216.64,4/15/2005,5/1/20,N,,,N,,N,"146,000",-,-,-,-,-,-,-,-,-,-,-,-,555555555555555555555555
10/31/2021,3171844,Pool 6:  Nonperforming 2nds,"13,326.49","13,454",9.5,113.13,12/19/2005,1/1/36,N,,,N,,N,"185,000",-,-,-,-,-,-,-,-,-,-,-,-,555555555555555555555555
10/31/2021,3171857,Pool 6:  Nonperforming 2nds,"12,637.42","22,000",8.45,216,9/30/2005,10/1/20,N,,,N,,N,"115,000",-,-,-,-,-,-,-,-,-,-,-,-,555555555555555555555555
10/31/2021,3171858,Pool 5:  Reperforming 2nds,"11,599.18","15,000",8.75,117.9,3/23/2006,4/1/36,N,,,Y,5/1/16,N,"49,000",117.9,117.9,117.9,-,117.9,117.9,235.8,117.9,119.92,117.9,117.9,-,111111111111111111111111
10/31/2021,3171860,Pool 6:  Nonperforming 2nds,"14,173.79","45,729",7.95,333.95,1/25/2006,2/1/16,N,,,N,,N,"600,000",-,-,-,-,-,-,-,-,-,-,-,-,555555555555555555555555
10/31/2021,3171865,Pool 5:  Reperforming 2nds,95.89,"30,000",5.5,121.3,6/3/2005,5/1/20,Y,13,5/2/18,Y,6/1/15,N,"140,000","3,994.65",121.3,554.18,508.08,508.09,890.73,505.33,554.44,554.82,555.21,599.4,555.98,111111111111111111111111
10/31/2021,3171869,Pool 6:  Nonperforming 2nds,"14,442.05","15,770",11.45,183.72,12/23/2004,1/1/20,N,,,N,,N,"109,000",-,-,-,-,-,-,-,-,-,-,-,-,555555555555555555555555
10/31/2021,3171878,Pool 6:  Nonperforming 2nds,"14,704.68","15,000",10.45,136.65,6/28/2005,8/1/20,N,,,N,,N,"68,000",-,-,-,-,-,-,-,-,-,-,-,-,555555555555555555555555
10/31/2021,3171884,Pool 2:  Reperforming,"11,632.74","17,000",6.5,107.45,12/6/2004,12/1/34,N,,,Y,11/1/10,N,"60,000",107.45,207.45,107.45,107.45,107.45,107.45,107.45,107.45,107.45,107.45,107.45,107.45,111111111111111111121111
10/31/2021,3171888,Pool 6:  Nonperforming 2nds,"14,906.39","15,400",10.125,136.57,10/31/2007,11/1/17,N,,,N,,N,"67,000",-,-,-,-,-,-,-,-,-,-,-,-,555555555555555555555555
10/31/2021,3171891,Pool 6:  Nonperforming 2nds,"14,931.25","33,200",9.5,346.68,1/31/2002,2/1/17,N,,,N,,N,"144,000",-,-,-,-,-,-,-,-,-,-,-,-,555555555555555555555555
10/31/2021,3171892,Pool 6:  Nonperforming 2nds,"14,985.81","20,000",9.95,214.31,9/20/2005,10/1/20,N,,,N,,N,"116,000",-,-,-,-,-,-,-,-,-,-,-,-,555555555555555555555555
10/31/2021,3171896,Pool 6:  Nonperforming 2nds,"15,146.02","17,000",10.5,155.51,11/6/2007,12/1/17,N,,,N,,N,"69,000",-,-,-,-,-,-,-,-,-,-,-,-,555555555555555555555555
10/31/2021,3171898,Pool 6:  Nonperforming 2nds,"15,170.28","20,000",8.45,196.36,9/24/2005,10/1/20,N,,,N,,N,"77,000",-,-,-,-,-,-,-,-,-,-,-,-,555555555555555555555555
10/31/2021,3171911,Pool 6:  Nonperforming 2nds,"9,318.34","19,500",6,134.38,5/20/2006,11/1/27,Y,13,6/11/20,Y,12/1/12,N,"72,000",-,-,-,134.38,-,134.38,134.38,134.38,134.38,134.38,-,-,555555555555555555555543
10/31/2021,3171919,Pool 6:  Nonperforming 2nds,"15,780.15","20,000",9.95,263.75,9/12/2003,10/1/13,N,,,N,,N,"142,000",-,-,-,-,-,-,-,-,-,-,-,-,555555555555555555555555
10/31/2021,3171922,Pool 6:  Nonperforming 2nds,"15,812.22","16,500",11.5,163.4,5/5/2005,5/1/20,N,,,Y,12/15/10,N,"120,000",-,-,-,-,-,-,-,-,-,-,-,-,555555555555555555555555
10/31/2021,3171932,Pool 6:  Nonperforming 2nds,"16,227.76","21,700",6.75,192.03,12/15/2005,1/1/21,N,,,N,,N,"150,000",-,-,-,-,-,-,-,-,-,-,-,-,555555555555555555555555
10/31/2021,3171938,Pool 5:  Reperforming 2nds,"12,767.51","22,000",5,128.97,4/30/2007,6/1/29,N,,,Y,7/1/14,N,"123,000",-,257.94,-,257.94,-,257.94,128.97,-,257.94,-,257.94,128.97,212121221212211111111111
10/31/2021,3171939,Pool 6:  Nonperforming 2nds,"16,149.62","25,000",8.45,245.45,2/18/2006,3/1/21,N,,,N,,N,"133,000",-,-,-,-,-,-,-,-,-,-,-,-,555555555555555555555555
10/31/2021,3171955,Pool 6:  Nonperforming 2nds,"20,859.01","35,000",9.95,198.43,5/28/2004,6/1/24,N,,,Y,8/1/10,N,"176,000",-,-,-,-,-,-,-,-,-,-,-,-,555555555555555555555555
10/31/2021,3171958,Pool 6:  Nonperforming 2nds,"17,389.23","17,437",9.95,152.38,8/26/2005,9/1/35,N,,,N,,N,"160,000",-,-,-,-,-,-,-,-,-,-,-,-,555555555555555555555555
10/31/2021,3171968,Pool 6:  Nonperforming 2nds,"17,794.58","18,400",9.75,158.08,2/28/2008,3/1/18,N,,,N,,N,"140,000",-,-,-,-,-,-,-,-,-,-,-,-,555555555555555555555555
10/31/2021,3171974,Pool 6:  Nonperforming 2nds,"20,415.47","20,350",9.95,167.7,8/23/2005,9/1/35,N,,,Y,2/1/11,N,"120,000",-,-,-,-,-,-,-,-,-,-,-,-,555555555555555555555555
10/31/2021,3171979,Pool 6:  Nonperforming 2nds,"18,359.08","19,000",8.75,149.47,5/13/2005,6/1/35,N,,,N,,N,"90,000",-,-,-,-,-,-,-,-,-,-,-,-,555555555555555555555555
10/31/2021,3171988,Pool 6:  Nonperforming 2nds,"18,538.17","20,000",8.45,153.07,11/23/2005,12/1/35,N,,,N,,N,"121,000",-,-,-,-,-,-,-,-,-,-,-,-,555555555555555555555555
10/31/2021,3171991,Pool 6:  Nonperforming 2nds,"18,642.05","18,846",12.95,207.74,8/15/2005,9/1/35,N,,,N,,N,"321,000",-,-,-,-,-,-,-,-,-,-,-,-,555555555555555555555555
10/31/2021,3171998,Pool 6:  Nonperforming 2nds,"18,868.59","26,200",8.625,259.93,6/24/2005,7/1/20,N,,,N,,N,"125,000",-,-,-,-,-,-,-,-,-,-,-,-,555555555555555555555555
10/31/2021,3171999,Pool 6:  Nonperforming 2nds,"18,883.96","20,000",9.95,174.78,10/29/2003,11/1/33,N,,,N,,N,"118,000",-,-,-,-,-,-,-,-,-,-,-,-,555555555555555555555555
10/31/2021,3172012,Pool 6:  Nonperforming 2nds,153.59,"30,000",9.95,321.46,7/30/2004,8/1/19,Y,11,7/30/13,Y,8/1/09,N,"265,000",-,-,-,-,642.92,-,-,-,642.92,-,768.19,-,555555555555555555555555
10/31/2021,3172020,Pool 6:  Nonperforming 2nds,"19,221.99","21,300",9.625,224.03,12/24/2007,1/1/23,N,,,Y,8/1/11,N,"98,500",-,-,-,-,-,-,-,-,-,-,-,-,555555555555555555555555
10/31/2021,3172021,Pool 6:  Nonperforming 2nds,"19,375.39","28,500",8.95,360.26,5/26/2004,6/1/14,N,,,N,,N,"160,000",-,-,-,-,-,-,-,-,-,-,-,-,555555555555555555555555
10/31/2021,3172035,Pool 2:  Reperforming,"29,639.47","22,000",5.17,110.51,11/23/2004,2/1/43,N,,,Y,7/1/16,Y,"25,000",110.51,110.51,110.51,110.51,110.51,110.51,110.51,110.51,110.51,110.51,110.51,110.51,111111111111111111111111
10/31/2021,3172040,Pool 2:  Reperforming,"15,846.38","22,400",6.625,143.43,12/13/2005,1/1/36,N,,,N,,N,"114,000",143.43,143.43,143.43,143.43,143.43,143.43,143.43,143.43,143.43,143.43,143.43,143.43,111111111111111111211111
10/31/2021,3172041,Pool 5:  Reperforming 2nds,"27,669.38","25,000",6.5,150.25,7/27/2005,6/1/37,N,,,Y,7/1/17,N,"110,000",150.25,150.25,150.25,150.25,150.25,150.25,150.25,150.25,150.25,150.25,150.25,150.25,111111111111111111111111
10/31/2021,3172058,Pool 6:  Nonperforming 2nds,"21,095.59","21,700",8.95,173.82,8/31/2005,9/1/35,N,,,N,,N,"103,000",-,-,-,-,-,-,-,-,-,-,-,-,555555555555555555555555
10/31/2021,3172063,Pool 6:  Nonperforming 2nds,"27,305.11","26,500",10.95,194.69,3/14/2005,4/1/30,N,,,Y,12/1/10,N,"180,000",-,-,-,-,-,-,-,-,-,-,-,-,555555555555555555555555
10/31/2021,3172072,Pool 6:  Nonperforming 2nds,"21,848.45","32,000",10.95,362.71,5/21/2002,6/1/17,Y,13,6/28/19,N,,N,"118,000",-,-,-,-,-,-,-,-,-,-,-,-,555555555555555555555555
10/31/2021,3172088,Pool 5:  Reperforming 2nds,"17,753.91","25,198",5,184.4,3/23/2005,2/1/32,N,,,Y,7/1/21,N,"135,500",184,-,184.4,-,-,-,-,-,-,-,-,-,211121111121211111111122
10/31/2021,3172097,Pool 5:  Reperforming 2nds,"16,185.57","29,000",7,181.76,11/12/2005,4/1/32,N,,,Y,5/1/17,N,"89,500",181.76,181.76,181.76,181.76,181.76,181.76,181.76,181.76,181.76,181.76,181.76,181.76,111111111111111111111111
10/31/2021,3172099,Pool 2:  Reperforming,"31,749.27","25,400",4,116.41,1/31/2006,3/1/57,N,,,Y,1/1/17,N,"134,000",116.41,116.41,116.41,116.41,116.41,116.41,116.41,116.41,116.41,116.41,116.41,116.41,111111111111111243211111
10/31/2021,3172103,Pool 6:  Nonperforming 2nds,"31,423.62","27,113",4.475,86.14,12/6/2005,1/1/36,N,,,Y,2/29/12,N,"109,000",-,-,-,-,-,-,-,-,-,-,-,-,555555555555555555555555
10/31/2021,3172105,Pool 2:  Reperforming,"18,023.45","35,500",9.5,242.51,10/10/1998,11/1/28,Y,13,4/29/21,Y,8/1/10,N,"52,000",242.51,242.51,242.51,242.51,242.51,242.51,242.51,242.51,242.51,242.51,242.51,242.51,111111111111115432121111
10/31/2021,3172107,Pool 6:  Nonperforming 2nds,"23,296.93","27,400",9.95,293.6,12/29/2005,1/1/21,N,,,N,,N,"179,000",-,-,-,-,-,-,-,-,-,-,-,-,555555555555555555555555
10/31/2021,3172118,Pool 6:  Nonperforming 2nds,"23,722.46","35,400",7.95,337.28,6/28/2005,7/1/20,N,,,N,,N,"147,000",-,-,-,-,-,-,-,-,-,-,-,-,555555555555555555555555
10/31/2021,3172123,Pool 6:  Nonperforming 2nds,"23,582.27","30,000",8.625,297.62,4/27/2007,5/1/22,N,,,N,,N,"122,000",-,-,-,-,-,-,-,-,-,-,-,-,555555555555555555555555
10/31/2021,3172144,Pool 4:  Nonperforming,"24,955.21","25,000",10,219.39,11/27/2007,12/1/17,N,,,N,,N,"132,000",-,-,-,-,-,-,-,-,-,-,-,-,555555555555555555555555
10/31/2021,3172152,Pool 6:  Nonperforming 2nds,"25,198.12","26,980",7.125,181.77,10/30/2006,11/1/16,N,,,N,,N,"125,000",-,-,-,-,-,-,-,-,-,-,-,-,555555555555555555555555
10/31/2021,3172153,Pool 6:  Nonperforming 2nds,"25,200.45","26,200",7.95,191.33,9/26/2003,10/1/33,N,,,N,,N,"152,000",-,-,-,-,-,-,-,-,-,-,-,-,555555555555555555555555
10/31/2021,3172157,Pool 6:  Nonperforming 2nds,"25,446.00","26,000",9.75,223.38,12/14/2007,1/1/18,N,,,N,,N,"180,000",-,-,-,-,-,-,-,-,-,-,-,-,555555555555555555555555
10/31/2021,3172162,Pool 6:  Nonperforming 2nds,"24,595.28","30,598",7.5,236.01,3/10/2006,6/1/29,N,,,Y,7/1/14,N,"123,000",-,-,-,-,-,-,-,-,-,-,-,-,555555555555555555555434
10/31/2021,3172169,Pool 6:  Nonperforming 2nds,"25,876.66","27,600",6.75,179.01,1/25/2006,2/1/16,N,,,N,,N,"140,000",-,-,-,-,-,-,-,-,-,-,-,-,555555555555555555555555
10/31/2021,3172170,Pool 6:  Nonperforming 2nds,"26,117.57","27,780",7,184.82,7/17/2006,8/1/36,N,,,N,,N,"120,000",-,-,-,-,-,-,-,-,-,-,-,-,555555555555555555555555
10/31/2021,3172173,Pool 6:  Nonperforming 2nds,"38,463.38","33,781",8.45,184.71,7/27/2005,8/1/30,N,,,Y,1/1/11,N,"120,000",-,-,-,-,-,-,-,-,-,-,-,-,555555555555555555555555
10/31/2021,3172181,Pool 6:  Nonperforming 2nds,"35,692.05","28,800",10.95,326.44,6/29/2005,9/1/42,N,,,Y,10/1/12,N,"89,000",-,-,-,-,-,-,-,-,-,-,-,-,555555555555555555555555
10/31/2021,3172183,Pool 6:  Nonperforming 2nds,"26,707.40","28,950",6.95,191.63,8/22/2005,8/1/35,N,,,N,,N,"170,000",-,-,-,-,-,-,-,-,-,-,-,-,555555555555555555555555
10/31/2021,3172198,Pool 6:  Nonperforming 2nds,"26,321.67","29,000",8.95,232.3,1/25/2006,2/1/21,N,,,N,,N,"156,000",-,-,-,-,-,-,-,-,-,-,-,-,555555555555555555555555
10/31/2021,3172217,Pool 6:  Nonperforming 2nds,"32,688.12","29,600",9.95,258.67,10/31/2005,11/1/35,N,,,Y,1/1/11,N,"150,000",-,-,-,-,-,-,-,-,-,-,-,-,555555555555555555555555
10/31/2021,3172220,Pool 4:  Nonperforming,"32,010.26","36,880",5.75,174.84,11/30/2004,5/1/55,N,,,Y,6/1/15,N,"132,000",-,-,-,-,-,-,-,-,-,-,174.84,174.84,555555543211111111112111
10/31/2021,3172221,Pool 6:  Nonperforming 2nds,"28,348.75","31,000",7.95,226.39,11/2/2005,12/1/35,N,,,N,,N,"280,000",-,-,-,-,-,-,-,-,-,-,-,-,555555555555555555555555
10/31/2021,3172239,Pool 6:  Nonperforming 2nds,"28,863.03","31,200",6.75,202.36,4/30/2005,5/1/35,N,,,N,,N,"147,000",-,-,-,-,-,-,-,-,-,-,-,-,555555555555555555555555
10/31/2021,3172246,Pool 2:  Reperforming,"40,254.06","30,171",7,244.84,10/24/2005,11/1/45,N,,,Y,2/1/16,N,"48,000",244.84,244.84,244.84,244.84,244.84,244.84,244.84,244.84,244.84,244.84,244.84,244.84,111111111111111111111111
10/31/2021,3172261,Pool 6:  Nonperforming 2nds,"29,429.93","30,139",8.45,260.6,9/27/2005,10/1/25,N,,,N,,N,"83,000",-,-,-,-,-,-,-,-,-,-,-,-,555555555555555555555555
10/31/2021,3172273,Pool 6:  Nonperforming 2nds,"29,611.63","30,600",8.95,245.11,11/23/2005,12/1/35,N,,,N,,N,"175,000",-,-,-,-,-,-,-,-,-,-,-,-,555555555555555555555555
10/31/2021,3172277,Pool 6:  Nonperforming 2nds,"29,698.35","30,600",10.25,274.21,10/22/2007,11/1/17,N,,,N,,N,"125,000",-,-,-,-,-,-,-,-,-,-,-,-,555555555555555555555555
10/31/2021,3172281,Pool 6:  Nonperforming 2nds,"29,740.90","31,000",9.95,270.9,4/28/2006,5/1/16,N,,,N,,N,"136,000",-,-,-,-,-,-,-,-,-,-,-,-,555555555555555555555555
10/31/2021,3172289,Pool 6:  Nonperforming 2nds,"30,059.03","30,480",10.95,289.12,11/11/2005,12/1/35,N,,,N,,N,"94,000",-,-,-,-,-,-,-,-,-,-,-,-,555555555555555555555555
10/31/2021,3172301,Pool 6:  Nonperforming 2nds,"30,476.50","33,742",6.625,216.06,7/1/2005,8/1/35,N,,,N,,N,"170,000",-,-,-,-,-,-,-,-,-,-,-,-,555555555555555555555555
10/31/2021,3172307,Pool 6:  Nonperforming 2nds,"30,732.17","31,857",9.95,278.39,3/15/2006,4/1/21,N,,,N,,N,"125,000",-,-,-,-,-,-,-,-,-,-,-,-,555555555555555555555555
10/31/2021,3172321,Pool 3:  Core Payers,"38,969.11","36,800",7,243.99,2/16/1998,3/1/56,N,,,Y,4/1/16,N,"85,000",487.98,-,-,487.98,-,488.79,-,-,243.99,243.99,243.99,731.97,232121211111555555433353
10/31/2021,3172322,Pool 4:  Nonperforming,"27,112.88","40,000",8,293.51,2/25/1998,3/1/13,Y,13,3/12/21,N,,U,"68,000",-,-,-,-,-,-,-,-,-,-,-,-,555555555555555555555555
10/31/2021,3172331,Pool 6:  Nonperforming 2nds,"31,333.85","34,000",6.625,217.71,4/27/2007,5/1/17,N,,,N,,N,"158,000",-,-,-,-,-,-,-,-,-,-,-,-,555555555555555555555555
10/31/2021,3172335,Pool 6:  Nonperforming 2nds,"31,394.80","35,400",6.25,217.96,6/8/2005,7/1/35,N,,,N,,N,"169,000",-,-,-,-,-,-,-,-,-,-,-,-,555555555555555555555555
10/31/2021,3172340,Pool 6:  Nonperforming 2nds,"31,601.59","40,000",9.45,348.09,6/30/2005,7/1/30,N,,,N,,N,"162,000",-,-,-,-,-,-,-,-,-,-,-,-,555555555555555555555555
10/31/2021,3172342,Pool 6:  Nonperforming 2nds,"34,576.39","34,000",7.95,248.3,10/7/2005,10/1/35,N,,,Y,7/1/10,N,"149,000",-,-,-,-,-,-,-,-,-,-,-,-,555555555555555555555555
10/31/2021,3172357,Pool 2:  Reperforming,"44,638.28","33,100",7,248.27,3/27/2001,4/1/53,N,,,Y,3/1/18,U,"65,000",248.27,248.27,248.27,248.27,248.27,248.27,248.27,248.27,248.27,496.54,-,248.27,111111111121112222223222
10/31/2021,3172366,Pool 3:  Core Payers,"39,358.99","37,700",7,420.17,10/31/2001,12/1/31,N,,,Y,12/1/17,N,"33,000",420.17,420.17,420.17,840.34,-,420.17,420.17,420.17,420.17,420.17,420.17,420.17,111121111111111111111111
10/31/2021,3172380,Pool 6:  Nonperforming 2nds,"47,150.81","36,000",6.75,212.97,7/20/2005,8/1/45,N,,,Y,11/1/10,N,"165,000",-,-,-,-,-,-,-,-,-,-,-,-,555555555555555555555555
10/31/2021,3172391,Pool 6:  Nonperforming 2nds,"34,147.69","46,750",8.375,456.95,4/4/2006,5/1/21,N,,,N,,N,"229,000",-,-,-,-,-,-,-,-,-,-,-,-,555555555555555555555555
10/31/2021,3172393,Pool 6:  Nonperforming 2nds,"39,096.49","45,000",8.5,242.95,9/30/2007,10/1/27,N,,,Y,2/1/11,N,"300,000",-,-,-,-,-,-,-,-,-,-,-,-,555555555555555555555555
10/31/2021,3172401,Pool 2:  Reperforming,"33,833.24","52,000",7.75,283.98,10/28/2005,1/1/35,N,,,Y,2/1/15,N,"66,000",283.98,283.98,283.98,283.98,283.98,283.98,283.98,283.98,283.98,283.98,283.98,283.98,111111111111111111111111
10/31/2021,3172405,Pool 6:  Nonperforming 2nds,"34,805.46","39,000",6.95,129.08,2/25/2005,9/4/28,N,,,N,,N,"150,500",-,-,-,-,-,-,-,-,-,-,-,-,555555555555555555555555
10/31/2021,3172408,Pool 2:  Reperforming,"38,998.84","40,000",7,243.15,12/27/2002,5/1/55,N,,,Y,6/1/15,N,"120,000",243.15,243.15,243.15,243.15,243.15,243.15,243.15,243.15,243.15,243.15,243.15,243.15,111111111111111111111111
10/31/2021,3172409,Pool 6:  Nonperforming 2nds,"35,024.81","45,000",10.95,510.06,7/16/2005,8/1/20,N,,,N,,N,"386,000",-,-,-,-,-,-,-,-,-,-,-,-,555555555555555555555555
10/31/2021,3172411,Pool 6:  Nonperforming 2nds,"35,153.51","50,000",8.45,490.91,9/27/2005,10/1/20,N,,,N,,N,"159,000",-,-,-,-,-,-,-,-,-,-,-,-,555555555555555555555555
10/31/2021,3172417,Pool 6:  Nonperforming 2nds,"35,500.55","37,000",8.625,287.78,7/13/2005,8/1/11,N,,,N,,N,"160,000",-,-,-,-,-,-,-,-,-,-,-,-,555555555555555555555555
10/31/2021,3172425,Pool 2:  Reperforming,"54,864.78","40,150",7,400.08,1/22/2005,2/1/45,N,,,Y,11/1/20,N,"75,000",400.08,400.08,400.08,400.08,400.08,400.08,400.08,400.08,400.08,-,-,-,111111111155555555555555
10/31/2021,3172439,Pool 4:  Nonperforming,"53,241.04","38,000",6,201.7,1/9/2007,8/1/57,N,,,Y,9/1/17,N,"172,000",-,-,-,-,-,-,-,-,-,-,-,-,555555555555555555555555
10/31/2021,3172440,Pool 4:  Nonperforming,"34,793.96","47,546",7.5,332.45,8/25/1994,9/1/24,N,,,N,,0,"205,000",-,-,-,-,-,-,-,-,-,-,-,-,555555555555555555555555
10/31/2021,3172446,Pool 6:  Nonperforming 2nds,"36,945.62","45,000",7.5,362.52,8/31/2005,9/1/25,N,,,N,,N,"172,000",-,-,-,-,-,-,-,-,-,-,-,-,555555555555555555555555
10/31/2021,3172459,Pool 6:  Nonperforming 2nds,"37,659.30","40,000",9.95,428.62,8/20/2005,9/1/20,N,,,N,,N,"190,000",-,-,-,-,-,-,-,-,-,-,-,-,555555555555555555555555
10/31/2021,3172463,Pool 6:  Nonperforming 2nds,"44,054.33","40,500",6.875,250.73,6/30/2005,4/1/42,N,,,Y,3/1/12,N,"202,000",-,-,-,-,-,-,-,-,-,-,-,-,555555555555555555555555
10/31/2021,3172466,Pool 6:  Nonperforming 2nds,"37,846.30","38,000",9.5,319.52,9/25/2008,10/1/18,N,,,N,,N,"155,000",-,-,-,-,-,-,-,-,-,-,-,-,555555555555555555555555
10/31/2021,3172476,Pool 7:  REO Properties,"57,170.46","41,000",6.5,235.2,8/26/2005,9/1/45,N,,,Y,1/1/11,N,"60,000",-,-,-,-,-,-,-,-,-,-,-,-,555555555555555555555555
10/31/2021,3172487,Pool 6:  Nonperforming 2nds,"38,812.32","42,000",8.95,336.43,7/29/2005,8/1/15,Y,13,9/28/18,N,,N,"130,000",-,-,-,-,-,-,-,-,-,-,-,-,555555555555555555555555
10/31/2021,3172494,Pool 6:  Nonperforming 2nds,"39,115.18","44,000",6.375,274.5,7/31/2005,8/1/35,N,,,N,,N,"210,000",-,-,-,-,-,-,-,-,-,-,-,-,555555555555555555555555
10/31/2021,3172497,Pool 6:  Nonperforming 2nds,"43,973.81","40,000",9.875,322.73,8/29/2008,9/1/48,N,,,Y,11/1/11,N,"186,000",-,-,-,-,-,-,-,-,-,-,-,-,555555555555555555555555
10/31/2021,3172514,Pool 6:  Nonperforming 2nds,"58,663.52","55,000",7,333.58,4/14/2005,6/1/57,N,,,Y,7/1/17,N,"168,000",-,-,-,-,-,-,-,-,-,-,-,-,555555555555555555555555
10/31/2021,3172518,Pool 4:  Nonperforming,"82,256.04","55,000",7.95,265.5,2/3/2005,2/1/30,Y,13,5/26/21,Y,4/1/11,N,"65,000",-,-,-,-,-,-,-,-,-,-,-,-,555555555555555555555555
10/31/2021,3172522,Pool 4:  Nonperforming,"40,136.43","41,000",6.5,259.15,1/31/2006,2/1/36,N,,,Y,12/1/07,Y,"50,000",-,-,-,-,-,-,-,-,-,-,-,-,555555555555555555555555
10/31/2021,3172538,Pool 2:  Reperforming,"47,111.22","44,100",6.25,293.55,2/7/2003,3/1/43,N,,,Y,1/1/16,N,"38,000",293.55,293.55,293.55,293.55,293.55,293.55,293.55,293.55,293.55,293.55,-,293.55,111111111111143211111111
10/31/2021,3172545,Pool 4:  Nonperforming,"43,652.15","43,700",8.5,336.02,11/23/2004,12/1/34,N,,,Y,4/1/10,U,"30,000",-,-,-,-,-,-,-,-,-,-,-,-,555555555555555555555555
10/31/2021,3172554,Pool 2:  Reperforming,"9,921.88","55,000",5.75,456.73,8/29/2008,9/1/23,N,,,N,,N,"65,000",456.73,456.73,456.73,456.73,456.73,456.73,456.73,456.73,-,456.73,913.46,-,111111111111111111111111
10/31/2021,3172558,Pool 6:  Nonperforming 2nds,"42,153.84","44,503",7.95,325,5/31/2005,6/1/35,N,,,N,,N,"304,000",-,-,-,-,-,-,-,-,-,-,-,-,555555555555555555555555
10/31/2021,3172561,Pool 2:  Reperforming,"53,519.30","45,000",5,200.89,4/29/2003,1/1/55,N,,,Y,2/1/15,N,"52,000",200.89,200.89,200.89,200.89,200.89,200.89,200.89,200.89,200.89,176.7,176.7,176.7,111111111111121111111111
10/31/2021,3172562,Pool 4:  Nonperforming,"68,581.33","50,000",7,467.91,2/15/1996,8/1/48,N,,,Y,9/1/20,N,"85,000",-,-,-,-,-,-,-,-,-,-,467.91,937,555555543211255555555555
10/31/2021,3172565,Pool 6:  Nonperforming 2nds,"42,253.60","45,000",5.625,272.74,8/5/2005,8/1/35,N,,,N,,Y,"176,000",-,-,-,-,-,-,-,-,-,-,-,-,555555555555555555555555
10/31/2021,3172566,Pool 6:  Nonperforming 2nds,"42,333.92","48,400",8.95,380.1,6/24/2004,5/1/33,N,,,Y,6/1/13,N,"75,000",-,-,-,-,-,-,-,-,-,-,-,-,555555555555555555555555
10/31/2021,3172571,Pool 6:  Nonperforming 2nds,"42,661.64","43,500",9.95,380.14,10/11/2005,11/1/35,N,,,Y,1/1/10,N,"174,000",-,-,-,-,-,-,-,-,-,-,-,-,555555555555555555555555
10/31/2021,3172572,Pool 6:  Nonperforming 2nds,"42,805.35","48,800",7.95,406.67,2/24/2006,3/1/26,N,,,Y,2/28/09,N,"227,000",-,-,-,-,-,-,-,-,-,-,-,-,555555555555555555555555
10/31/2021,3172581,Pool 3:  Core Payers,"55,796.41","52,000",5,300.01,2/28/2006,5/1/34,N,,,Y,12/1/20,Y,"37,000",300.01,300.01,300.01,300.01,300.01,300.01,300.01,300.01,-,-,-,-,222222222155555555555555
10/31/2021,3172582,Pool 3:  Core Payers,"73,168.32","60,000",7,374.37,9/29/2000,11/1/52,N,,,Y,10/1/18,N,"99,500",374.37,374.37,-,374.37,748.74,374.37,374.37,748.74,-,-,748.74,374.37,333223334323322212333222
10/31/2021,3172594,Pool 6:  Nonperforming 2nds,"43,603.26","48,200",6.625,308.63,9/30/2005,10/1/35,N,,,N,,N,"174,000",-,-,-,-,-,-,-,-,-,-,-,-,555555555555555555555555
10/31/2021,3172601,Pool 2:  Reperforming,"12,930.37","73,490",7,488.93,2/10/1994,3/1/24,N,,,N,,N,"110,000",488.93,488.93,488.93,502.02,488.93,488.93,488.93,488.93,488.93,488.93,977.86,488.93,111111111112211112121111
10/31/2021,3172603,Pool 6:  Nonperforming 2nds,"43,836.84","46,424",7.125,328.76,7/30/2008,2/1/34,N,,,Y,7/21/09,N,"183,000",-,-,-,-,-,-,-,-,-,-,-,-,555555555555555555555555
10/31/2021,3172614,Pool 4:  Nonperforming,769.54,"100,000",6.5,871.11,1/28/2002,2/1/17,Y,13,10/20/16,N,,U,"100,000",-,-,-,-,-,871.11,"1,742.22",871.11,871.11,"2,613.33","1,783.38",871.11,555555555555555555555555
10/31/2021,3172621,Pool 6:  Nonperforming 2nds,"44,862.90","50,000",8.45,490.91,3/17/2005,4/1/20,N,,,N,,N,"104,000",-,-,-,-,-,-,-,-,-,-,-,-,555555555555555555555555
10/31/2021,3172625,Pool 3:  Core Payers,"35,125.73","50,200",6.625,321.44,12/31/2005,1/1/36,N,,,N,,N,"80,000",-,321.44,321.44,321.44,642.88,321.44,-,321.44,322.83,322.83,322.83,658.95,211112211111211111211111
10/31/2021,3172635,Pool 6:  Nonperforming 2nds,"44,806.43","48,000",8.45,367.38,10/13/2005,11/1/20,N,,,Y,1/29/09,N,"225,000",-,-,-,-,-,-,-,-,-,-,-,-,555555555555555555555555
10/31/2021,3172638,Pool 7:  REO Properties,"45,599.82","49,000",7,326,11/15/1996,12/1/26,N,,,N,,N,"51,000",-,-,-,-,-,-,-,-,-,-,-,-,555555555555555555555555
10/31/2021,3172640,Pool 6:  Nonperforming 2nds,"45,941.54","51,110",6.25,314.69,10/7/2005,10/1/35,N,,,N,,N,"190,000",-,-,-,-,-,-,-,-,-,-,-,-,555555555555555555555555
10/31/2021,3172662,Pool 7:  REO Properties,"46,215.05","55,521",7,369.38,5/19/1999,6/1/29,N,,,N,,N,"33,000",-,-,-,-,-,-,-,-,-,-,-,-,555555555555555555555555
10/31/2021,3172665,Pool 3:  Core Payers,"76,900.97","52,500",8.5,358.5,5/31/1999,1/1/45,N,,,Y,2/1/15,U,"50,000",358.5,358.5,358.5,358.5,358.5,717,-,358.5,358.5,329.7,329.7,659.4,111111211111212111212121
10/31/2021,3172678,Pool 6:  Nonperforming 2nds,"47,301.13","50,000",9.95,436.94,2/27/2006,3/1/36,N,,,N,,N,"225,500",-,-,-,-,-,-,-,-,-,-,-,-,555555555555555555555555
10/31/2021,3172680,Pool 6:  Nonperforming 2nds,"50,658.54","50,000",9.5,420.43,9/30/2005,10/1/35,N,,,Y,6/1/10,N,"152,000",-,-,-,-,-,-,-,-,-,-,-,-,555555555555555555555555
10/31/2021,3172687,Pool 4:  Nonperforming,"51,678.47","50,000",7.5,325.81,3/31/2006,4/1/46,N,,,Y,8/1/11,N,"90,000",-,-,-,-,-,-,-,-,-,-,-,-,555555555555555555555555
10/31/2021,3172697,Pool 4:  Nonperforming,"82,013.59","50,000",7,325.08,10/31/2005,7/1/47,N,,,Y,3/1/19,N,"230,000",-,-,-,-,-,-,-,-,-,-,-,-,555555555555555555555555
10/31/2021,3172708,Pool 6:  Nonperforming 2nds,"48,479.98","53,000",5.95,316.06,9/19/2005,10/1/35,N,,,N,,N,"240,000",-,-,-,-,-,-,-,-,-,-,-,-,555555555555555555555555
10/31/2021,3172709,Pool 6:  Nonperforming 2nds,"48,499.07","53,190",6.25,327.5,9/1/2005,9/1/35,N,,,N,,N,"157,000",-,-,-,-,-,-,-,-,-,-,-,-,555555555555555555555555
10/31/2021,3172712,Pool 6:  Nonperforming 2nds,"48,580.85","50,000",8.45,382.69,5/9/2006,6/1/16,N,,,Y,9/1/10,N,"212,000",-,-,-,-,-,-,-,-,-,-,-,-,555555555555555555555555
10/31/2021,3172713,Pool 6:  Nonperforming 2nds,"48,607.91","50,000",9.95,436.94,5/17/2006,6/1/16,N,,,Y,10/1/10,N,"165,000",-,-,-,-,-,-,-,-,-,-,-,-,555555555555555555555555
10/31/2021,3172714,Pool 6:  Nonperforming 2nds,"41,868.68","55,625",8.5,482.73,1/12/2006,2/1/26,N,,,N,,N,"155,000",-,-,-,-,-,-,-,-,-,-,-,-,555555555555555555555555
10/31/2021,3172718,Pool 6:  Nonperforming 2nds,"52,319.69","52,500",5.491,223.4,3/31/2005,4/1/45,N,,,Y,2/1/11,N,"375,000",-,-,-,-,-,-,-,-,-,-,-,-,555555555555555555555555
10/31/2021,3172725,Pool 4:  Nonperforming,"48,927.03","49,000",7.5,342.62,7/31/1997,8/1/27,N,,,N,,Y,"58,000",-,-,-,-,-,-,-,-,-,-,-,-,555555555555555555555555
10/31/2021,3172759,Pool 4:  Nonperforming,"37,406.53","60,000",7,399.18,9/26/2001,10/1/31,N,,,N,,N,"70,000",399.18,-,-,-,-,-,-,-,-,-,-,-,555555555555554443343332
10/31/2021,3172775,Pool 2:  Reperforming,"59,217.73","57,000",10,493.3,2/29/2000,3/1/35,N,,,Y,4/1/15,N,"65,000",493.3,493.3,493.3,493.3,493.3,493.3,493.3,493.3,493.3,493.3,493.3,493.3,111111111111111111111111
10/31/2021,3172790,Pool 2:  Reperforming,"47,530.04","56,000",6.75,356.58,8/12/2004,5/1/42,N,,,Y,10/1/18,N,"70,000",356.58,356.58,356.58,356.58,356.58,356.58,356.58,356.58,356.58,356.58,356.58,356.58,111111111111111122111111
10/31/2021,3172795,Pool 4:  Nonperforming,"69,613.86","52,000",7,314.43,12/26/2007,9/1/54,N,,,Y,10/1/14,N,"182,000",-,-,-,-,-,-,-,-,-,-,-,-,555555555555555543211111
10/31/2021,3172801,Pool 2:  Reperforming,"52,330.87","64,450",4,292.26,6/18/1999,7/1/44,N,,,Y,8/1/14,N,"90,000",292.26,292.26,292.26,292.26,292.26,292.26,292.26,292.26,292.26,292.26,292.26,292.26,111111111111112111111111
10/31/2021,3172815,Pool 2:  Reperforming,"71,748.61","55,350",7,546.41,12/30/2004,8/1/42,N,,,Y,10/1/19,N,"100,000",546.41,546.41,546.41,546.41,546.41,546.41,546.41,546.41,546.41,546.41,546.41,546.41,111111111111111111111111
10/31/2021,3172816,Pool 3:  Core Payers,"58,662.40","55,000",5.25,256.24,9/30/2004,6/1/56,N,,,Y,10/1/18,N,"80,000",-,-,512.48,256.24,-,256.24,256.24,512.48,256.24,-,512.48,-,321221112212121111433333
10/31/2021,3172821,Pool 2:  Reperforming,"56,920.47","56,000",7,308.69,1/5/2004,8/1/54,N,,,Y,9/1/14,N,"60,000",308.69,308.69,276.52,276.52,276.52,276.52,276.52,276.52,276.52,276.52,276.52,276.52,111111111111121111121111
10/31/2021,3172825,Pool 6:  Nonperforming 2nds,"51,740.76","67,849",9.95,429.02,2/27/2004,3/1/29,N,,,Y,9/1/10,N,"200,000",-,-,-,-,-,-,-,-,-,-,-,-,555555555555555555555555
10/31/2021,3172844,Pool 1:  Reperforming,"36,167.68","63,488",7,422.39,8/31/2001,9/1/31,N,,,N,,N,"75,000",422.39,-,844.78,422.39,422.39,422.39,422.39,422.39,422.39,422.39,422.39,422.39,111111111111111111111111
10/31/2021,3172849,Pool 4:  Nonperforming,"72,242.49","56,000",7,326.2,3/5/2004,9/1/55,N,,,Y,10/1/15,Y,"70,000",-,-,-,-,-,-,-,-,-,-,-,-,555555555555555555555555
10/31/2021,3172858,Pool 6:  Nonperforming 2nds,"62,188.40","55,500",3.085,135.58,10/31/2005,11/1/45,N,,,Y,7/1/12,N,"214,000",-,-,-,-,-,-,-,-,-,-,-,-,555555555555555555555555
10/31/2021,3172872,Pool 6:  Nonperforming 2nds,"57,425.50","38,000",4.5,270.55,10/20/2005,4/1/43,N,,,Y,5/1/13,N,"89,000",-,-,-,-,-,-,-,-,-,-,-,-,555555555555555555555555
10/31/2021,3172876,Pool 3:  Core Payers,"62,673.01","61,963",4,343.05,6/30/1999,8/1/45,N,,,Y,9/1/15,N,"75,000",686.1,343.05,-,343.05,343.05,686.1,343.05,343.05,686.1,343.05,-,343.05,122111222332222112222123
10/31/2021,3172883,Pool 3:  Core Payers,"60,406.46","56,000",5.724,285.38,3/26/2004,11/1/52,N,,,Y,12/1/12,N,"70,000",285.38,285.38,285.38,-,570.76,-,285.38,285.38,856.14,285.38,285.38,-,222212111333222222322222
10/31/2021,3172886,Pool 1:  Reperforming,"30,373.55","64,000",7.5,441.05,4/21/1999,5/1/29,N,,,Y,4/1/16,N,"80,000",441.05,441.05,441.05,441.05,441.05,441.05,441.05,441.05,441.05,441.05,441.05,441.05,111111111111111111111111
10/31/2021,3172890,Pool 1:  Reperforming,"62,298.52","61,968",4.5,343.86,1/28/2000,7/1/47,N,,,Y,8/1/17,U,"90,000",343.86,343.86,343.86,343.86,343.86,343.86,369.7,369.7,369.7,369.7,740.07,-,111111111111111111111111
10/31/2021,3172903,Pool 6:  Nonperforming 2nds,"72,994.87","86,000",5.5,702.69,4/28/2005,5/1/20,N,,,Y,2/1/11,N,"300,000",-,-,-,-,-,-,-,-,-,-,-,-,555555555555555555555555
10/31/2021,3172904,Pool 6:  Nonperforming 2nds,"54,033.34","54,900",8.5,422.13,10/20/2005,11/1/35,N,,,N,,N,"145,000",-,-,-,-,-,-,-,-,-,-,-,-,555555555555555555555555
10/31/2021,3172906,Pool 4:  Nonperforming,"92,407.79","56,400",6,299.95,2/28/2005,6/1/56,N,,,Y,9/1/17,U,"35,000",-,-,-,-,-,299.95,-,-,-,-,-,-,555432255555555555432323
10/31/2021,3172914,Pool 6:  Nonperforming 2nds,"54,368.65","55,000",12.5,586.99,1/25/2006,2/1/16,N,,,Y,10/1/09,N,"315,000",-,-,-,-,-,-,-,-,-,-,-,-,555555555555555555555555
10/31/2021,3172919,Pool 3:  Core Payers,"48,487.81","59,000",7,452.18,2/19/2005,11/1/35,N,,,Y,4/1/18,N,"105,000",452.18,452.18,452.18,452.18,904.36,-,452.18,452.18,454.52,453.52,456.52,453.52,111112111111122211111111
10/31/2021,3172922,Pool 6:  Nonperforming 2nds,"54,732.57","61,400",6,368.12,6/30/2005,7/1/35,N,,,N,,N,"258,000",-,-,-,-,-,-,-,-,-,-,-,-,555555555555555555555555
10/31/2021,3172926,Pool 4:  Nonperforming,"54,760.55","55,000",6.75,356.73,10/16/2003,11/1/33,N,,,N,,Y,"64,000",-,-,-,-,-,-,-,-,-,-,-,-,555555555555555555555555
10/31/2021,3172954,Pool 2:  Reperforming,"61,827.20","57,000",5,294.99,1/7/2009,3/1/55,N,,,Y,4/1/15,N,"60,000",294.99,294.99,294.99,294.99,294.99,294.99,294.99,294.99,294.99,294.99,294.99,294.99,111111111111111111111111
10/31/2021,3172981,Pool 2:  Reperforming,"90,737.10","68,500",7,656.25,10/31/2003,8/1/34,N,,,Y,12/1/17,N,"70,000",656.25,656.25,656.25,656.25,656.25,656.25,656.25,656.25,"1,312.50",656.25,656.25,656.25,111111111222222333333333
10/31/2021,3172989,Pool 4:  Nonperforming,"70,748.81","64,452",4,350.23,9/28/2001,7/1/45,N,,,Y,8/1/15,N,"65,000",-,227.49,350.23,"4,202.76",-,-,-,-,-,-,-,"1,751.15",211155555554555543232221
10/31/2021,3173012,Pool 3:  Core Payers,"53,494.18","63,620",3.75,268.72,12/21/2006,1/1/47,Y,13,1/29/20,Y,2/1/17,N,"77,000",268.72,268.72,268.72,268.72,268.72,268.72,268.72,268.72,268.72,-,537.44,268.72,555555555555555555555555
10/31/2021,3173038,Pool 3:  Core Payers,"50,137.48","62,473",4,278.73,4/25/2008,9/1/44,N,,,Y,10/1/14,N,"64,000",-,278.73,278.73,278.73,278.73,557.56,-,557.46,278.73,-,557.46,278.73,211111212212232332333321
10/31/2021,3173060,Pool 2:  Reperforming,"53,211.76","80,000",6.5,583.32,11/18/2004,12/1/31,N,,,Y,5/1/16,U,"120,000",584.15,613.32,613.32,583.32,612.5,612.5,584.15,613.32,613.32,651.33,680.5,680.5,111111111111111111111111
10/31/2021,3173065,Pool 1:  Reperforming,"44,412.83","69,426",5.95,414.01,7/13/2004,8/1/34,N,,,N,,N,"75,000",414.01,414.01,414.01,414.01,414.01,414.01,414.01,414.01,414.01,414.01,414.01,414.01,111111111111111111111111
10/31/2021,3173068,Pool 3:  Core Payers,"44,066.49","69,426",4,247.09,8/1/2003,8/1/44,N,,,Y,9/1/14,N,"80,000",988.36,-,503.03,-,494.18,-,494.18,247.09,-,-,247.09,247.09,143323233211111113232322
10/31/2021,3173086,Pool 1:  Reperforming,"64,101.21","66,600",7,453.07,4/10/2006,5/1/45,N,,,Y,6/1/16,N,"70,000",453.07,453.07,453.07,453.07,453.07,453.07,453.07,-,-,-,453.07,-,111111115544333221212111
10/31/2021,3173101,Pool 1:  Reperforming,"58,753.27","66,600",5.5,369.25,12/31/2004,9/1/45,N,,,Y,12/1/15,N,"67,000",369.25,469.25,469.25,369.25,369.25,369.25,369.25,369.25,369.25,369.25,369.25,369.25,111111111111111111111111
10/31/2021,3173118,Pool 4:  Nonperforming,"93,238.76","62,500",6.679,370.33,11/19/2004,4/1/57,N,,,Y,3/1/18,N,"52,000",370.33,370.33,-,-,-,-,-,-,-,-,-,-,555555555555555555555555
10/31/2021,3173124,Pool 3:  Core Payers,"64,142.35","66,600",7.5,427.06,7/31/2004,8/1/44,Y,13,10/18/18,Y,10/1/10,N,"50,000",-,427.06,854.12,"1,281.18",427.06,854.12,854.12,854.12,427.06,427.06,854.12,854.12,555555555555555555555555
10/31/2021,3173131,Pool 4:  Nonperforming,"62,123.72","67,396",5.95,401.91,3/15/2005,4/1/35,N,,,N,,N,"80,000",-,-,-,-,-,-,-,-,-,-,-,-,555555555555555555555555
10/31/2021,3173133,Pool 3:  Core Payers,"71,649.76","82,000",2,527.68,8/10/1998,11/1/33,N,,,Y,12/1/18,N,"90,000",527.68,527.68,"1,055.36",-,527.68,527.68,527.68,-,527.68,527.68,527.68,527.68,111211111111333332111111
10/31/2021,3173140,Pool 3:  Core Payers,"84,838.88","69,950",5,512.47,6/19/2000,9/1/45,N,,,Y,10/1/15,N,"62,000","2,232.66",-,-,512.47,512.47,"1,024.94",512.47,-,512.47,-,512.47,512.47,143222332211111111112215
10/31/2021,3173148,Pool 2:  Reperforming,"64,785.71","67,621",7.5,416.78,7/31/2005,3/1/55,N,,,Y,4/1/15,N,"75,000",416.78,416.78,416.78,416.78,416.78,476.78,476.78,476.78,476.78,476.78,-,579.26,111111111111111111111111
10/31/2021,3173154,Pool 1:  Reperforming,"72,481.36","68,000",6.5,459.33,12/22/2005,2/1/46,N,,,Y,7/1/18,N,"80,000",459.33,459.33,459.33,459.33,459.33,459.33,459.33,459.33,459.33,459.33,459.33,459.33,111111111111111111111111
10/31/2021,3173162,Pool 2:  Reperforming,"82,379.68","69,880",8,441.86,12/29/2000,5/1/54,N,,,Y,6/1/14,N,"100,000",441.86,441.86,441.86,441.86,441.86,441.86,441.86,441.86,441.86,441.86,441.86,441.86,111111111111111111111111
10/31/2021,3173163,Pool 6:  Nonperforming 2nds,"62,695.61","64,400",9.5,541.51,12/31/2008,1/1/19,Y,13,9/24/12,N,,N,"300,000",-,-,-,-,-,-,-,-,-,-,-,-,555555555555555555555555
10/31/2021,3173167,Pool 3:  Core Payers,"78,026.19","65,000",7,427.82,9/30/2005,4/1/45,N,,,Y,5/1/15,N,"108,000",855.64,-,"1,283.46",-,427.82,-,898.38,427.82,855.64,-,427.82,-,121322122322122132132221
10/31/2021,3173185,Pool 2:  Reperforming,"79,550.58","68,640",7,464.51,8/31/2004,12/1/56,N,,,Y,1/1/17,N,"100,000",464.51,464.51,464.51,464.51,464.51,464.51,464.51,464.51,464.51,464.51,464.51,464.51,111111111111111112222222
10/31/2021,3173219,Pool 2:  Reperforming,"50,420.68","75,668",5.5,429.63,10/18/2005,11/1/35,N,,,N,,N,"75,000",431.42,431.42,431.42,431.42,431.42,431.42,431.42,431.42,431.42,431.42,431.42,430.42,111111111111111111111111
10/31/2021,3173227,Pool 4:  Nonperforming,"77,939.73","67,200",7,495.2,9/14/2002,2/1/57,N,,,Y,8/1/20,N,"70,000",-,-,-,-,-,-,"2,476.00","-1,980.80","1,980.80",-,-495.2,495.2,555543251431155555555555
10/31/2021,3173251,Pool 2:  Reperforming,"80,292.81","66,300",5,316.16,2/28/2003,1/1/55,N,,,Y,2/1/15,N,"65,000",316.16,316.16,316.16,316.16,316.16,316.16,316.16,316.16,316.16,278.1,278.1,278.1,111111111111111111111111
10/31/2021,3173261,Pool 1:  Reperforming,"83,498.05","69,000",6.812,462.89,2/21/2006,2/1/53,N,,,Y,8/1/16,N,"90,000",462.89,462.89,462.89,462.89,462.89,462.89,462.89,462.89,462.89,462.89,462.89,462.89,111111111111143211111111
10/31/2021,3173267,Pool 3:  Core Payers,"57,310.22","76,632",4,320.78,9/30/2005,6/1/44,N,,,Y,7/1/14,N,"69,000",320.78,320.78,641.56,-,320.78,641.56,320.78,320.78,320.78,641.56,320.78,-,111211222233221111121122
10/31/2021,3173276,Pool 4:  Nonperforming,"84,749.61","77,799",2.875,356.02,4/29/2004,4/1/51,Y,13,6/14/19,Y,5/1/21,Y,"80,000",356.02,-,"1,068.06",-,-,-,-,-,-,-,-,-,111155555555555555555555
10/31/2021,3173293,Pool 3:  Core Payers,"44,113.42","76,074",5.5,467.16,8/9/2005,9/1/30,Y,13,4/13/18,N,,N,"75,000",934.32,934.32,467.16,467.16,467.16,467.16,934.32,467.16,"1,401.48",934.32,934.32,-,555555555555555555555555
10/31/2021,3173309,Pool 4:  Nonperforming,"87,391.60","60,000",5,466.52,9/9/2004,4/1/52,N,,,Y,2/1/21,N,"60,000",-,"1,399.56",-,466.52,-,466.52,"1,160.36",-,-,-,-,-,213221125555555555555555
10/31/2021,3173327,Pool 2:  Reperforming,"75,879.60","76,000",5,329.53,11/30/2005,4/1/55,N,,,Y,5/1/15,N,"80,000",479.53,479.53,529.53,329.53,485.53,329.53,329.53,289.86,289.86,289.86,579.72,289.86,111111111111111111111111
10/31/2021,3173330,Pool 2:  Reperforming,"39,450.50","283,000",6.5,"1,523.06",10/23/2002,2/1/24,N,,,Y,3/1/19,N,"200,000","1,523.06","1,523.06","1,523.06","1,523.06","1,523.06","1,523.06","1,523.06","1,523.06","1,523.06","1,523.06","1,523.06","1,523.06",111111111111111111111111
10/31/2021,3173334,Pool 4:  Nonperforming,"70,327.28","75,000",9.95,655.41,9/30/2005,10/1/35,N,,,N,,N,"135,000",-,-,-,-,-,-,-,-,-,-,-,-,555555555555555555555555
10/31/2021,3173343,Pool 3:  Core Payers,"73,291.24","75,000",6.569,421.01,7/7/2005,8/1/53,N,,,Y,9/1/13,N,"110,000",421.01,421.01,421.01,421.01,421.01,421.01,"1,263.03",-,421.01,421.01,-,421.01,111111132221111111121111
10/31/2021,3173360,Pool 1:  Reperforming,"80,084.60","80,400",6.25,530.27,8/4/2003,8/1/43,N,,,Y,11/1/18,N,"100,000",530.27,530.27,530.27,530.27,530.27,530.27,530.27,530.27,530.27,530.27,"1,060.54",-,111111111112111111133322
10/31/2021,3173399,Pool 3:  Core Payers,"102,665.40","84,000",7,659.9,11/30/2001,12/1/55,N,,,Y,7/1/20,N,"89,000",-,"1,352.90",659.9,659.9,-,"1,385.80",659.9,659.9,659.9,-,659.9,"1,319.80",212221222211255555555555
10/31/2021,3173409,Pool 3:  Core Payers,"104,165.04","75,200",5.75,486.88,4/29/2009,5/1/49,N,,,Y,1/1/17,N,"90,000",486.88,-,486.88,973.76,-,486.88,486.88,486.88,973.76,-,486.88,486.88,221121111211112232222221
10/31/2021,3173410,Pool 2:  Reperforming,"84,987.19","76,300",5.896,481.13,1/31/2006,4/1/56,N,,,Y,2/1/19,N,"85,000",481.13,481.13,481.13,481.13,481.13,481.13,481.13,481.13,481.13,481.13,481.13,481.13,111111111111111111111111
10/31/2021,3173426,Pool 2:  Reperforming,"74,628.90","80,000",7,643.32,10/31/2007,1/1/38,N,,,Y,3/1/16,N,"120,000",643.32,643.32,643.32,643.32,643.32,643.32,643.32,643.32,643.32,643.32,"1,286.64",-,111111111112111222321114
10/31/2021,3173428,Pool 2:  Reperforming,"84,757.31","94,000",7.5,490.43,4/28/1998,3/1/55,N,,,Y,4/1/15,N,"115,000",490.43,490.43,490.43,490.43,490.43,490.43,490.43,980.86,-,490.43,490.43,490.43,111111112111111111111111
10/31/2021,3173431,Pool 2:  Reperforming,"56,396.25","83,087",5.95,495.48,9/13/2005,10/1/35,N,,,Y,6/15/10,U,"70,000",495.48,495.48,495.48,495.48,495.48,495.48,495.48,495.48,495.48,495.48,495.48,495.48,111111111111111111111111
10/31/2021,3173436,Pool 3:  Core Payers,"60,442.73","83,300",6.5,526.51,10/14/2005,11/1/45,N,,,Y,12/1/11,N,"90,000","1,053.02",-,526.51,526.51,526.51,526.51,"1,053.02",526.51,-,"1,053.02",-,526.51,232222233232222222232322
10/31/2021,3173443,Pool 6:  Nonperforming 2nds,"75,314.78","57,000",7.5,529,11/6/2007,10/1/42,N,,,Y,11/1/12,N,"150,000",-,-,-,-,-,-,-,-,-,-,-,-,555555555555555555555555
10/31/2021,3173444,Pool 2:  Reperforming,"73,236.51","84,333",4,409.26,11/26/2004,7/1/44,N,,,Y,8/1/14,N,"80,000",409.26,409.26,409.26,409.26,409.26,409.26,409.26,409.26,409.26,409.26,409.26,409.26,111111111111111111111121
10/31/2021,3173465,Pool 3:  Core Payers,"105,537.49","84,333",4.25,573.89,7/31/2003,6/1/46,Y,13,6/27/17,Y,7/1/16,U,"90,000","1,147.78",573.89,"1,147.78",573.89,573.89,"1,147.78",573.89,"1,147.78",573.89,"1,147.78",573.89,573.89,344555555555555555555555
10/31/2021,3173491,Pool 2:  Reperforming,"77,021.94","91,200",4,410.57,12/13/2002,5/1/46,N,,,Y,6/1/16,N,"105,000",410.57,410.57,410.57,410.57,410.57,410.57,410.57,410.57,410.57,410.57,410.57,410.57,111111111111111111111111
10/31/2021,3173500,Pool 2:  Reperforming,"62,385.54","98,740",4.625,474.99,2/8/2005,3/1/35,N,,,Y,12/1/10,U,"75,000",474.99,474.99,474.99,474.99,474.99,474.99,474.99,474.99,474.99,474.99,474.99,474.99,111111111111111111111111
10/31/2021,3173525,Pool 2:  Reperforming,"131,010.08","82,100",3.09,290.58,11/29/2005,6/1/55,N,,,Y,7/1/15,N,"82,000",400.44,290.58,290.58,290.58,300.44,290.58,290.58,300.44,290.58,290.58,300.44,300.44,111111111111111111111111
10/31/2021,3173537,Pool 4:  Nonperforming,"79,858.98","195,000",6.5,475.83,8/9/2005,8/1/36,N,,,N,,N,"160,000",-,-,-,-,-,-,-,-,-,-,-,-,555555555555555555555555
10/31/2021,3173540,Pool 2:  Reperforming,"119,883.01","85,119",5,374.21,12/29/2005,2/1/55,N,,,Y,3/1/15,U,"95,000",374.21,374.21,374.21,748.42,374.21,374.21,-,374.21,374.21,658.32,329.16,329.16,111111111111111111111111
10/31/2021,3173573,Pool 1:  Reperforming,"92,140.26","80,900",6.333,469.58,11/15/2000,1/1/53,N,,,Y,2/1/13,N,"100,000",469.58,469.58,469.58,469.58,469.58,469.58,469.58,469.58,469.58,469.58,469.58,469.58,111111111111111111111111
10/31/2021,3173584,Pool 6:  Nonperforming 2nds,"89,509.94","86,500",7.95,542.82,11/30/2005,12/1/45,N,,,Y,4/1/11,N,"240,000",-,-,-,-,-,-,-,-,-,-,-,-,555555555555555555555555
10/31/2021,3173589,Pool 2:  Reperforming,"93,188.36","89,610",4,341.62,6/1/2004,6/1/54,N,,,Y,7/1/14,N,"95,000",341.62,341.62,341.62,341.62,341.62,341.62,341.62,341.62,341.62,341.62,-,-,111111111555555444322221
10/31/2021,3173590,Pool 4:  Nonperforming,"103,936.43","85,600",5,399.12,2/6/2008,4/1/55,Y,7,6/27/19,Y,5/1/15,Y,"80,000",-,-,-,-,-,-,-,-,-,-,-,-,555555555555555555555555
10/31/2021,3173592,Pool 4:  Nonperforming,"102,442.90","85,456",6.875,471.16,3/10/2006,4/1/46,N,,,Y,2/1/11,Y,"60,000",-,-,-,-,-,-,-,-,-,-,-,-,555555555555555555555555
10/31/2021,3173600,Pool 4:  Nonperforming,"82,818.67","86,516",5.5,491.23,3/16/2006,4/1/36,N,,,N,,Y,"68,000",-,-,-,-,-,-,-,-,-,-,-,-,555555555555555555555555
10/31/2021,3173644,Pool 4:  Nonperforming,"84,435.73","85,500",7.5,597.83,6/30/2005,7/1/35,N,,,N,,Y,"55,000",-,-,-,-,-,-,-,-,-,-,-,-,555555555555555555555555
10/31/2021,3173656,Pool 4:  Nonperforming,"89,083.00","94,000",7,786.79,6/29/2004,7/1/34,N,,,Y,2/1/16,N,"88,000",-,-,-,-,-,-,-,-,-,-,-,-,555555555555555555555555
10/31/2021,3173662,Pool 7:  REO Properties,"85,000.00","229,447",5.95,435.51,1/20/2004,2/1/35,N,,,N,,N,"55,000",-,-,-,-,-,-,-,-,-,-,-,-,555555555555555555555555
10/31/2021,3173679,Pool 6:  Nonperforming 2nds,"85,933.47","94,000",5.75,548.56,5/6/2005,5/1/12,N,,,N,,N,"380,000",-,-,-,-,-,-,-,-,-,-,-,-,555555555555555555555555
10/31/2021,3173683,Pool 2:  Reperforming,"85,390.63","99,450",4,473.7,4/12/2002,10/1/44,N,,,Y,11/1/14,N,"92,000",473.7,473.7,473.7,473.7,473.7,473.7,473.7,473.7,473.7,473.7,473.7,473.7,111111111111111111111111
10/31/2021,3173686,Pool 2:  Reperforming,"106,318.67","91,140",5.01,482.46,6/4/2007,1/1/55,N,,,Y,2/1/15,N,"85,000",482.46,482.46,482.46,482.46,482.46,482.46,482.46,482.46,482.46,424.41,424.41,424.41,111111111111111111111111
10/31/2021,3173702,Pool 4:  Nonperforming,"92,742.42","66,000",6.75,577.69,1/31/2003,10/1/52,N,,,Y,4/1/17,N,"90,000",-,-,-,-,-,-,-,-,-,-,-,-,555555555555555555555555
10/31/2021,3173711,Pool 4:  Nonperforming,"87,708.53","88,000",8.13,653.71,11/30/2007,12/1/14,Y,7,5/19/11,N,,N,"305,000",-,-,-,-,-,-,-,-,-,-,-,-,555555555555555555555555
10/31/2021,3173716,Pool 2:  Reperforming,"112,394.19","87,000",4.163,499.06,3/25/2011,8/1/58,N,,,Y,9/1/18,U,"95,000",499.06,499.06,499.06,499.06,-,998.12,499.06,499.06,-,998.12,499.06,499.06,111111111111111111111111
10/31/2021,3173722,Pool 2:  Reperforming,"88,714.31","96,000",6.625,544.61,11/29/2005,7/1/56,N,,,Y,8/1/16,N,"85,000",544.61,544.61,544.61,544.61,544.61,544.61,544.61,544.61,544.61,544.61,544.61,544.61,111111111111111111111111
10/31/2021,3173724,Pool 7:  REO Properties,"162,844.78","80,000",9.5,717.05,11/2/2000,10/1/51,N,,,Y,11/1/12,N,"79,000",-,-,-,-,-,-,-,-,-,-,-,-,555555555555555555555555
10/31/2021,3173739,Pool 6:  Nonperforming 2nds,"88,705.58","125,000",7.95,"1,190.96",8/25/2005,9/1/20,N,,,N,,N,"730,000",-,-,-,-,-,-,-,-,-,-,-,-,555555555555555555555555
10/31/2021,3173801,Pool 3:  Core Payers,"104,921.32","100,602",6.625,563.08,10/11/2006,9/1/54,N,,,Y,10/1/14,N,"65,000","1,088.28",-,"1,050.40",-,"1,050.40",-,525.2,525.2,"1,050.40",-,525.2,"1,050.40",121212111211211111122221
10/31/2021,3173828,Pool 4:  Nonperforming,"93,078.92","96,780",6,580.24,7/20/2007,8/1/37,N,,,N,,Y,"90,000",-,-,-,-,-,-,-,-,-,-,-,-,555555555555555555555555
10/31/2021,3173833,Pool 2:  Reperforming,"93,835.82","100,000",3,332.54,11/16/2007,8/1/54,N,,,Y,9/1/14,U,"165,000",332.54,332.54,332.54,332.54,332.54,332.54,332.54,332.54,332.54,332.54,332.54,332.54,111111111111111111111111
10/31/2021,3173842,Pool 1:  Reperforming,"63,895.39","110,000",6,659.51,10/30/2002,11/1/32,N,,,N,,N,"95,000",659.51,659.51,659.51,659.51,659.51,659.51,659.51,659.51,659.51,659.51,659.51,659.51,111111111111111111111111
10/31/2021,3173857,Pool 1:  Reperforming,"71,911.45","110,000",6.25,677.29,4/29/2004,5/1/34,N,,,N,,U,"100,000",677.29,677.29,677.29,677.29,677.29,677.29,677.29,677.29,677.29,677.29,677.29,677.29,111111111111111154321111
10/31/2021,3173888,Pool 4:  Nonperforming,"95,638.60","97,000",6.875,637.22,11/30/2007,12/1/37,N,,,N,,Y,"75,000",-,-,-,-,-,-,-,-,-,-,-,-,555555555555555555555555
10/31/2021,3173981,Pool 3:  Core Payers,"111,775.85","110,000",5.95,626.78,4/19/2005,7/1/45,Y,13,5/8/19,Y,2/1/16,N,"125,000",626.78,"1,253.56",626.78,"1,253.56","1,253.56",626.78,"1,253.56","1,253.56",626.78,"1,253.56",626.78,"1,880.34",555555555555555555555555
10/31/2021,3173988,Pool 2:  Reperforming,"96,114.00","108,900",6.95,601.27,3/15/2006,3/1/53,N,,,Y,4/1/13,N,"76,000",601.27,601.27,601.27,601.27,601.27,601.27,601.27,601.27,"1,202.54",-,601.27,601.27,111111111211111111111111
10/31/2021,3174079,Pool 2:  Reperforming,"124,328.63","108,772",5,511.11,10/22/2007,4/1/55,N,,,Y,5/1/15,N,"110,000",511.11,511.11,511.11,511.11,511.11,511.11,511.11,511.11,511.11,511.11,511.11,-,111111111111555555432222
10/31/2021,3174085,Pool 4:  Nonperforming,"105,820.48","110,400",7.25,753.12,11/30/2007,12/1/37,N,,,N,,U,"70,000",-,-,-,-,-,-,-,-,-,-,-,-,555555555555555555555555
10/31/2021,3174098,Pool 1:  Reperforming,"103,147.03","109,500",6.875,671.51,2/28/2006,2/1/48,N,,,Y,9/1/10,N,"135,000",671.51,671.51,671.51,671.51,671.51,761.51,671.51,671.51,671.51,671.51,671.51,671.51,111111111111111111111111
10/31/2021,3174135,Pool 6:  Nonperforming 2nds,"112,769.14","111,000",4.5,551.68,11/13/2008,9/1/42,N,,,Y,10/1/12,N,"325,000",-,-,-,-,-,-,-,-,-,-,-,-,555555555555555555555555
10/31/2021,3174146,Pool 1:  Reperforming,"82,722.27","145,000",5.75,956.12,5/12/2008,5/1/31,N,,,Y,6/1/16,N,"110,000","1,056.12","1,056.12","1,056.12","1,056.12","1,056.12","1,056.12","1,056.12","1,056.12","1,056.12","1,056.12","1,056.12",956.12,111111111111111111111111
10/31/2021,3174147,Pool 2:  Reperforming,"82,208.10","140,650",5,469.26,12/5/2003,12/26/47,N,,,Y,7/26/19,U,"120,000",469.26,469.26,469.26,469.26,469.26,469.26,469.26,469.26,469.26,469.26,469.26,469.26,111111111111111111111111
10/31/2021,3174169,Pool 1:  Reperforming,"64,921.61","125,000",4.375,782.4,12/30/2009,1/1/30,N,,,N,,N,"175,000",782.4,782.4,782.4,782.4,782.4,782.4,782.4,782.4,782.4,782.4,782.4,782.4,111111111111111111111111
10/31/2021,3174186,Pool 7:  REO Properties,"120,164.64","116,000",6.875,705.75,9/14/2007,10/1/47,N,,,Y,1/1/11,N,"84,000",-,-,-,-,-,-,-,-,-,-,-,-,555555555555555555555555
10/31/2021,3174190,Pool 2:  Reperforming,"108,597.87","118,000",5.375,606.33,12/16/2005,4/1/53,N,,,Y,3/1/11,N,"120,000",606.33,606.33,606.33,606.33,606.33,606.33,606.33,"1,212.66",606.33,606.33,606.33,606.33,111111112222212111212123
10/31/2021,3174214,Pool 7:  REO Properties,"129,006.44","126,100",3,403.33,4/30/2004,6/1/54,N,,,Y,7/1/14,N,"128,000",-,-,-,-,-,-,-,-,-,-,-,-,555555555555555555555555
10/31/2021,3174222,Pool 3:  Core Payers,"112,638.72","126,100",5.25,575.34,10/29/2004,4/1/52,N,,,Y,5/1/13,N,"115,000",575.34,575.34,575.34,575.34,575.34,575.34,575.34,"1,150.68",-,575.34,575.34,575.34,222222223222222111121111
10/31/2021,3174236,Pool 3:  Core Payers,"162,186.14","121,500",5.975,618.47,8/31/2005,1/1/55,N,,,Y,2/1/15,U,"120,000",-,618.47,-,"1,236.94",618.47,-,"1,236.94",-,618.47,"1,097.00",-,548.5,322122121121114444555543
10/31/2021,3174239,Pool 3:  Core Payers,"93,346.23","120,000",6.95,540.63,9/23/2005,7/1/60,N,,,Y,8/1/20,N,"96,000",540.63,540.63,-,"1,081.26",540.63,"1,136.11",-,"1,081.88",-,"1,081.88",-,540.94,111111212121155555555555
10/31/2021,3174288,Pool 4:  Nonperforming,"117,461.05","152,000",6.25,"1,303.28",5/13/2005,6/1/20,N,,,N,,U,"175,000",-,-,-,-,-,-,-,-,-,-,-,-,555555555555555555555555
10/31/2021,3174307,Pool 4:  Nonperforming,"118,662.72","120,000",6.95,794.34,8/12/2005,9/1/35,N,,,N,,U,"95,000",-,-,-,-,-,-,-,-,-,-,-,-,555555555555555555555555
10/31/2021,3174309,Pool 3:  Core Payers,"113,299.22","103,200",4,482.17,9/27/2005,1/1/55,N,,,Y,2/1/15,U,"105,000",482.17,482.17,-,482.17,482.17,420.38,-,840.76,-,-,420.38,420.38,333222545433344445555555
10/31/2021,3174315,Pool 2:  Reperforming,"149,448.23","124,000",7,784,4/30/2008,8/1/47,N,,,Y,9/1/17,N,"85,000",784.58,784,784,784,784,784,784,784,784,784,784,784,111111111111111111111111
10/31/2021,3174376,Pool 7:  REO Properties,"150,191.56","129,600",7.375,750.93,11/22/2005,12/1/45,N,,,Y,3/1/11,N,"57,000",-,-,-,-,-,-,-,-,-,-,-,-,555555555555555555555555
10/31/2021,3174393,Pool 2:  Reperforming,"147,714.55","125,000",6.875,918.28,8/12/2005,2/1/48,N,,,Y,9/1/16,N,"75,000",918.28,918.28,918.28,918.28,918.28,918.28,918.28,918.28,918.28,918.28,918.28,918.28,111111111111143213211111
10/31/2021,3174407,Pool 4:  Nonperforming,"120,696.35","135,850",4.125,652.99,9/29/2003,4/1/46,N,,,Y,5/1/16,U,"120,000",652.99,652.99,652.99,"2,611.96","2,611.96","5,223.92",-,-,-,-,-,-,111145555555555544322212
10/31/2021,3174410,Pool 4:  Nonperforming,"124,173.52","131,594",6,788.97,6/30/2004,7/1/34,N,,,N,,Y,"105,000",-,-,-,-,-,-,-,-,-,-,-,-,555555555555555555555555
10/31/2021,3174414,Pool 4:  Nonperforming,"124,283.70","132,000",7.25,900.47,3/14/2008,4/1/38,Y,7,10/23/14,N,,N,"125,000",-,-,-,-,-,-,-,-,-,-,-,-,555555555555555555555555
10/31/2021,3174417,Pool 2:  Reperforming,"137,973.64","126,350",4,518.87,4/18/2008,4/1/55,N,,,Y,5/1/15,N,"110,000",518.87,518.87,518.87,518.87,518.87,518.87,518.87,518.87,518.87,518.87,518.87,518.87,111111111111111111112222
10/31/2021,3174435,Pool 4:  Nonperforming,"169,375.52","126,000",3,447.53,4/27/2010,12/1/57,N,,,Y,2/1/20,N,"85,000",447.53,447.53,447.53,447.53,451.29,-,-,-,-,-,447.53,-,111115555555555543215555
10/31/2021,3174437,Pool 3:  Core Payers,"119,297.16","132,949",4.125,640.41,12/2/2006,8/1/46,N,,,Y,9/1/16,N,"90,000",640.41,640.41,640.41,640.41,"1,280.82",-,640.41,640.41,"1,280.82","6,404.10",-,-,111112111255555554322323
10/31/2021,3174486,Pool 4:  Nonperforming,"128,522.14","137,735",5.5,782.04,9/30/2004,10/1/34,N,,,N,,Y,"65,000",-,-,-,-,-,-,-,-,-,-,-,-,555555555555555555555555
10/31/2021,3174493,Pool 1:  Reperforming,"54,651.77","109,800",4.5,200.81,4/3/2006,9/1/59,N,,,Y,10/1/19,U,"70,000",-,200.81,200.81,200.81,200.81,200.81,200.81,200.81,200.81,200.81,200.81,200.81,211111111111115543211111
10/31/2021,3174498,Pool 4:  Nonperforming,"162,535.02","135,300",5.5,662.1,12/23/2004,3/1/55,N,,,Y,4/1/15,N,"120,000",-,-,-,-,-,-,-,-,-,-,-,-,555555555555555432111111
10/31/2021,3174502,Pool 2:  Reperforming,"188,998.41","141,000",5,563.75,8/31/2001,2/1/58,N,,,Y,3/1/18,Y,"25,000",563.75,563.75,563.75,563.75,563.75,563.75,563.75,563.75,563.75,563.75,563.75,563.75,111111111111111111111111
10/31/2021,3174508,Pool 2:  Reperforming,"170,701.04","135,685",6.625,986.68,7/31/2003,1/1/43,N,,,Y,5/1/17,N,"140,000",986.68,986.68,986.68,986.68,986.68,986.68,986.68,986.68,986.68,986.68,986.68,986.68,111111111111111111111111
10/31/2021,3174515,Pool 4:  Nonperforming,"142,824.76","133,900",5.375,892.95,8/16/2010,9/1/40,N,,,Y,8/1/16,N,"78,000",-,-,-,-,-,-,-,-,-,-,-,-,555555555555555555555555
10/31/2021,3174560,Pool 3:  Core Payers,"123,711.47","150,000",4.339,591.7,3/17/2005,5/1/53,N,,,Y,6/1/13,U,"85,000",-,-,591.7,"1,183.40",591.7,591.7,-,591.7,591.7,591.7,591.7,591.7,321122211111111111122222
10/31/2021,3174569,Pool 7:  REO Properties,"134,756.47","137,738",6,825.81,10/30/2007,11/1/37,N,,,N,,N,"65,000",-,-,-,-,-,-,-,-,-,-,-,-,555555555555555555555555
10/31/2021,3174584,Pool 3:  Core Payers,"132,939.87","140,000",6.75,972.99,6/30/2005,7/1/43,N,,,Y,7/1/20,U,"110,000",972.99,"1,945.98",-,972.99,972.99,"1,970.98",-,972.99,972.99,"1,945.98",972.99,972.99,112111211122255555555555
10/31/2021,3174585,Pool 4:  Nonperforming,"135,391.20","138,902",5.5,788.67,3/15/2007,4/1/37,N,,,N,,Y,"99,000",-,-,-,-,-,-,-,-,-,-,-,-,555555555555555555555555
10/31/2021,3174589,Pool 2:  Reperforming,"167,777.16","145,500",7.5,936.39,5/20/2005,6/1/45,N,,,Y,2/1/11,U,"120,000",936.39,936.39,936.39,936.39,936.39,936.39,936.39,936.39,936.39,936.39,936.39,936.39,111111111111112543211111
10/31/2021,3174591,Pool 4:  Nonperforming,"135,779.62","137,250",6.25,845.07,4/28/2005,5/1/35,N,,,N,,U,"125,000",-,-,-,-,-,-,-,-,-,-,-,-,555555555555555555555555
10/31/2021,3174594,Pool 1:  Reperforming,"101,235.77","155,876",5.95,929.55,12/31/2003,1/1/34,N,,,Y,5/1/08,N,"115,000",929.55,929.55,929.55,929.55,929.55,929.55,-,-,-,-,-,-,111111111111111111111111
10/31/2021,3174602,Pool 4:  Nonperforming,"136,480.82","140,019",5.5,795.01,2/28/2005,3/1/35,N,,,N,,Y,"137,000",-,-,-,-,-,-,-,-,-,-,-,-,555555555555555555555555
10/31/2021,3174609,Pool 2:  Reperforming,"137,139.18","152,000",4.75,631.52,10/27/2005,8/1/54,N,,,Y,9/1/14,N,"120,000",631.52,631.52,631.52,631.52,631.52,631.52,631.52,631.52,631.52,631.52,631.52,631.52,111111111111111111111111
10/31/2021,3174612,Pool 4:  Nonperforming,"151,860.46","150,000",5.75,583.41,3/17/2004,4/1/55,N,,,Y,5/1/15,U,"110,000",583.41,"3,433.50","1,549.35","1,549.35","1,549.35",-,-,-,-,-,-,-,115555555555543435554341
10/31/2021,3174620,Pool 6:  Nonperforming 2nds,"192,763.99","147,501",3.406,391.84,7/28/2005,9/1/45,N,,,Y,1/1/11,N,"400,000",-,-,-,-,-,-,-,-,-,-,-,-,555555555555555555555555
10/31/2021,3174624,Pool 4:  Nonperforming,"131,240.70","147,360",5,671.49,11/13/2002,9/1/52,N,,,Y,10/1/12,N,"122,000",-,-,-,-,-,-,-,-,-,-,-,-,555555555555555555555555
10/31/2021,3174636,Pool 6:  Nonperforming 2nds,"173,855.78","150,000",8.75,"1,215.49",12/17/2008,10/1/34,N,,,Y,12/1/10,N,"595,000",-,-,-,-,-,-,-,-,-,-,-,-,555555555555555555555555
10/31/2021,3174638,Pool 7:  REO Properties,"139,517.07","141,000",7.25,961.87,8/1/2008,7/1/38,N,,,Y,8/1/08,N,"105,000",-,-,-,-,-,-,-,-,-,-,-,-,555555555555555555555555
10/31/2021,3174663,Pool 2:  Reperforming,"147,571.63","153,000",5,667.93,6/9/2006,3/1/55,N,,,Y,4/1/15,N,"135,000",667.93,667.93,667.93,667.93,667.93,667.93,667.93,667.93,667.93,667.93,667.93,667.93,111111111111111111111111
10/31/2021,3174677,Pool 2:  Reperforming,"190,096.41","127,500",7.25,879.73,10/16/2001,7/1/53,N,,,Y,8/1/13,N,"75,000",879.73,879.73,879.73,879.73,879.73,879.73,879.73,879.73,879.73,879.73,879.73,879.73,111111111111111111111111
10/31/2021,3174678,Pool 2:  Reperforming,"186,684.31","147,710",6.125,759.44,9/30/2005,7/1/54,N,,,Y,8/1/14,N,"90,000",759.44,759.44,759.44,675.83,675.83,675.83,675.83,675.83,"1,427.45",595.1,"1,190.20",-,111111111555555543211111
10/31/2021,3174689,Pool 3:  Core Payers,"172,701.20","144,000",5,637.71,11/29/2005,9/1/58,N,,,Y,10/1/18,N,"95,000",-,637.71,637.71,637.71,637.71,637.71,637.71,637.71,"1,275.42",-,637.71,637.71,211111555555555443211111
10/31/2021,3174690,Pool 6:  Nonperforming 2nds,"143,669.13","145,885",8.25,"1,095.99",10/21/2006,11/1/13,N,,,Y,6/27/08,N,"450,000",-,-,-,-,-,-,-,-,-,-,-,-,555555555555555555555555
10/31/2021,3174708,Pool 2:  Reperforming,"154,413.99","154,432",7,868.87,12/27/2005,6/1/44,N,,,Y,7/1/14,N,"120,000",868.87,868.87,868.87,868.87,868.87,868.87,868.87,868.87,868.87,868.87,868.87,868.87,111111111111111111111111
10/31/2021,3174725,Pool 2:  Reperforming,"200,952.40","150,000",5.875,790.23,3/25/2008,9/1/55,N,,,Y,10/1/15,N,"100,000",790.23,790.23,790.23,790.23,790.23,790.23,790.23,790.23,790.23,790.23,790.23,790.23,111111111111111111111111
10/31/2021,3174730,Pool 4:  Nonperforming,"187,491.68","153,600",6.25,794.03,5/27/2006,9/1/54,N,,,Y,10/1/14,U,"180,000",794.03,707.28,707.28,707.28,-,-,-,-,-,-,-,-,111155555555555543211111
10/31/2021,3174736,Pool 4:  Nonperforming,"212,151.66","152,000",5,706.39,1/9/2007,8/1/57,N,,,Y,9/1/17,U,"135,000",-,-,-,-,-,-,-,-,-,-,-,-,555555555555555555555555
10/31/2021,3174747,Pool 3:  Core Payers,"145,239.52","175,000",6.5,"1,039.76",10/24/2005,11/1/35,Y,13,10/30/15,Y,4/1/11,N,"175,000",-,"2,079.52",-,"1,039.76","1,039.76","1,039.76","1,039.76","1,039.76","1,039.76","1,039.76","1,039.76","3,119.28",323222222222455555555555
10/31/2021,3174783,Pool 4:  Nonperforming,"207,127.54","181,600",7.75,972.93,5/29/1999,6/1/39,N,,,Y,9/1/11,N,"175,000",-,-,-,-,-,-,-,-,-,-,-,-,555555555555555555555555
10/31/2021,3174784,Pool 4:  Nonperforming,"186,135.80","155,000",5.466,773.51,4/30/2005,6/1/53,N,,,Y,7/1/13,N,"155,000",-,-,-,-,-,-,-,-,-,-,-,-,555555555555555555555555
10/31/2021,3174790,Pool 4:  Nonperforming,"129,368.09","158,700",6.5,"1,003.09",8/27/2004,9/1/34,Y,13,12/9/18,N,,N,"132,000",-,"1,003.09","2,006.18",-,-,"2,006.18",-,"1,003.09",-,"1,003.09",-,"1,003.09",555555555555555555555555
10/31/2021,3174895,Pool 4:  Nonperforming,"160,886.37","150,000",4.5,729.95,2/12/2008,8/1/52,N,,,Y,9/1/12,U,"220,000",-,-,-,-,-,-,-,-,-,-,-,-,555555555555555555555555
10/31/2021,3174914,Pool 2:  Reperforming,"220,351.90","173,880",6.75,977.4,10/14/2005,3/1/55,N,,,Y,4/1/15,U,"125,000",977.4,977.4,977.4,977.4,977.4,977.4,977.4,977.4,977.4,977.4,-,-,111111114443222224333222
10/31/2021,3174929,Pool 2:  Reperforming,"166,527.09","170,000",4.5,969.55,12/4/2009,10/1/44,N,,,Y,11/1/14,N,"120,000",969.55,969.55,969.55,969.55,969.55,969.55,969.55,969.55,969.55,969.55,969.55,969.55,111111111111111112111111
10/31/2021,3174934,Pool 4:  Nonperforming,"177,320.09","175,000",6.25,863.42,1/27/2006,2/1/53,N,,,Y,12/1/11,N,"118,000",-,-,-,-,-,-,-,-,-,-,-,-,555555555555555555555555
10/31/2021,3174937,Pool 2:  Reperforming,"174,122.42","182,600",6.375,"1,206.14",8/31/2005,12/1/42,N,,,Y,3/1/16,N,"158,000","1,206.14","1,206.14","1,206.14","1,206.14","1,206.14","1,206.14","1,206.14","1,206.14","1,206.14","1,206.14","1,206.14","1,206.14",111111111111111132211111
10/31/2021,3174952,Pool 2:  Reperforming,"160,072.55","190,000",6.25,"1,036.11",10/24/2003,5/1/43,N,,,Y,6/1/13,N,"140,000","1,036.11","1,036.11","1,036.11","1,036.11","1,036.11","1,036.11","1,036.11","1,036.11","1,036.11",-,"2,072.22","1,036.11",111111111111111111111111
10/31/2021,3174955,Pool 4:  Nonperforming,"167,374.45","171,000",4.625,879.18,8/31/2009,9/1/39,N,,,N,,N,"108,000",-,-,-,-,-,-,-,-,-,-,-,-,555555555555555555555555
10/31/2021,3174975,Pool 2:  Reperforming,"169,597.36","186,240",6.75,"1,091.19",7/30/2004,8/1/44,N,,,Y,2/1/11,U,"130,000","1,091.19","1,091.19","1,091.19","1,091.19","1,091.19","1,091.19","1,091.19","1,091.19","1,091.19","1,091.19","1,091.19","1,091.19",111111111111111111111111
10/31/2021,3174984,Pool 1:  Reperforming,"134,434.73","187,500",6.875,"1,319.09",10/31/2005,11/1/45,N,,,Y,9/1/10,N,"500,000","1,319.09","1,319.09","1,319.09",-,"2,638.18","1,319.09","1,319.09","1,319.09","1,319.09","1,319.09","1,319.09","1,319.09",111111111111111113333222
10/31/2021,3175009,Pool 3:  Core Payers,"177,231.87","172,597",3.887,709.65,6/17/2011,5/1/55,Y,13,3/31/19,Y,6/1/15,U,"100,000",709.65,"1,419.30",-,-,709.65,"2,128.95","1,419.30",709.65,"1,419.30",709.65,"1,419.30",-,555555555555555555555555
10/31/2021,3175012,Pool 2:  Reperforming,"227,392.12","180,000",7.5,"1,122.28",8/10/2006,8/1/54,N,,,Y,9/1/14,N,"125,000","1,122.28","1,122.28","1,122.28","1,122.28","1,122.28","1,122.28","1,122.28","1,122.28","1,122.28","2,244.56",-,"1,122.28",111111111121111111111111
10/31/2021,3175039,Pool 4:  Nonperforming,"175,426.84","162,000",4.5,795.75,8/23/2005,2/1/53,N,,,Y,3/1/13,N,"100,000",-,-,-,-,-,-,-,-,-,-,-,-,555555555555555555555555
10/31/2021,3175061,Pool 4:  Nonperforming,"178,545.64","192,600",5.95,"1,148.55",5/11/2005,6/1/20,Y,11,8/12/10,N,,U,"160,000",-,-,-,-,-,-,-,-,-,-,-,-,555555555555555555555555
10/31/2021,3175109,Pool 2:  Reperforming,"237,970.64","200,000",4.125,"1,290.01",6/30/2004,3/1/46,N,,,Y,4/1/16,Y,"160,000","1,290.01","1,290.01","1,290.01","1,290.01","1,290.01","1,290.01","1,290.01","1,290.01","1,290.01","1,290.01","1,290.01","1,290.01",111111111111111111111111
10/31/2021,3175130,Pool 3:  Core Payers,"186,333.61","184,000",5,917.36,4/20/2007,3/1/55,N,,,Y,4/1/15,N,"160,000",-,-,"1,834.72","2,752.08",-,-,"1,834.72",-,"1,834.72",-,917.36,-,321243232322111323433333
10/31/2021,3175144,Pool 2:  Reperforming,"247,581.82","206,000",6,"1,051.67",9/25/2004,2/1/55,N,,,Y,3/1/15,N,"160,000","1,051.67","1,051.67","1,051.67","1,051.67","1,051.67","1,051.67","1,051.67","1,051.67","1,051.67","1,051.67","1,051.67","1,051.67",111111111111111111111111
10/31/2021,3175150,Pool 4:  Nonperforming,"199,491.50","179,050",4.625,858.11,9/25/2010,9/1/54,N,,,Y,10/1/14,N,"135,000",-,-,858.11,-,-,-,-,-,-,-,-,-,321555555555555554321111
10/31/2021,3175168,Pool 4:  Nonperforming,"195,232.60","198,528",5.325,866.34,9/30/2008,10/1/48,N,,,Y,8/1/10,Y,"135,000",-,-,-,-,-,-,-,-,-,-,-,-,555555555555555555555555
10/31/2021,3175169,Pool 4:  Nonperforming,"272,974.38","193,421",4.017,824.42,4/19/2005,11/1/52,N,,,Y,12/1/12,N,"172,000",-,-,-,-,-,-,-,-,-,-,-,-,555555555555555555555555
10/31/2021,3175195,Pool 7:  REO Properties,"208,093.92","172,800",3,651.53,10/31/2007,5/1/54,N,,,Y,6/1/14,N,"155,000",-,-,-,-,-,-,-,-,-,-,-,-,555555555555555555555555
10/31/2021,3175238,Pool 4:  Nonperforming,"314,924.32","280,000",1.04,179.54,4/30/2005,5/1/45,N,,,Y,4/1/11,N,"280,000",-,-,-,-,-,-,-,-,-,-,-,-,555555555555555555555555
10/31/2021,3175251,Pool 2:  Reperforming,"167,946.09","230,900",6.5,"1,459.45",12/30/2005,1/1/36,N,,,Y,4/1/11,U,"165,000","1,459.45","1,459.45","1,459.45","1,459.45","1,459.45","1,459.45","1,459.45","1,459.45","1,459.45","1,459.45","1,459.45","1,459.45",111111111111111111111111
10/31/2021,3175266,Pool 4:  Nonperforming,"210,936.63","278,900",6.5,881.42,9/30/2002,10/19/26,N,,,N,,N,"200,000",-,-,-,-,-,-,-,-,-,-,-,-,555555555555555555555555
10/31/2021,3175281,Pool 4:  Nonperforming,"214,218.80","272,000",5.625,"1,890.31",6/30/2005,7/1/25,N,,,N,,N,"275,000",-,-,-,-,-,-,-,-,-,-,-,-,555555555555555555555555
10/31/2021,3175287,Pool 4:  Nonperforming,"205,996.85","175,500",6.375,"1,224.56",8/2/2003,5/1/52,N,,,Y,6/1/12,N,"135,000","1,224.56",-,"1,224.56",-,"1,224.56",-,"1,224.56",-,-,-,-,-,555555555555555555555555
10/31/2021,3175288,Pool 4:  Nonperforming,"216,174.04","218,079",2.99,779.43,6/30/2012,7/1/52,N,,,N,,U,"75,000",-,-,-,-,-,-,-,-,-,-,-,-,555555555555555555555555
10/31/2021,3175295,Pool 7:  REO Properties,"218,532.96","221,777",5.5,"1,259.23",5/31/2008,6/1/38,N,,,Y,4/9/10,N,"175,000",-,-,-,-,-,-,-,-,-,-,-,-,555555555555555555555555
10/31/2021,3175325,Pool 6:  Nonperforming 2nds,"222,438.20","240,000",6.25,"1,477.72",6/20/2005,7/1/35,N,,,N,,N,"280,000",-,-,-,-,-,-,-,-,-,-,-,-,555555555555555555555555
10/31/2021,3175334,Pool 4:  Nonperforming,"224,800.32","245,000",5.95,"1,461.03",6/30/2005,7/1/35,N,,,N,,U,"125,000",-,-,-,-,-,-,-,-,-,-,-,-,555555555555555555555555
10/31/2021,3175349,Pool 4:  Nonperforming,"226,359.28","240,550",6.25,"1,481.11",9/29/2004,10/1/19,N,,,Y,3/30/09,N,"195,000","1,481.11",-,-,-,-,-,-,-,-,-,-,-,555555555555555555555555
10/31/2021,3175384,Pool 4:  Nonperforming,"236,154.83","247,000",6.75,"1,602.04",10/18/2006,11/1/36,N,,,N,,Y,"125,000",-,-,-,-,-,-,-,-,-,-,-,-,555555555555555555555555
10/31/2021,3175404,Pool 2:  Reperforming,"276,047.14","276,000",6.375,"1,458.73",1/21/2005,2/1/57,N,,,Y,3/1/17,N,"195,000","1,458.73","1,458.73","1,458.73","1,458.73","1,458.73","1,458.73","1,458.73","1,458.73","1,458.73","1,458.73","1,458.73","1,458.73",111111111111111111111111
10/31/2021,3175409,Pool 4:  Nonperforming,"244,503.36","264,000",6.625,"1,690.42",12/1/2005,12/1/35,N,,,N,,Y,"175,000",-,-,-,-,-,-,-,-,-,-,-,-,555555555555555555555555
10/31/2021,3175469,Pool 7:  REO Properties,"294,463.30","273,600",5.95,"1,286.34",2/19/2004,1/1/47,N,,,Y,12/1/10,N,"160,000",-,-,-,-,-,-,-,-,-,-,-,-,555555555555555555555555
10/31/2021,3175532,Pool 1:  Reperforming,"293,153.92","322,700",4.5,"1,257.22",8/30/2003,10/1/55,N,,,Y,6/1/15,N,"400,000","1,257.22","1,257.22","1,257.22","1,257.22","1,257.22","1,257.22","1,257.22","1,257.22","1,257.22","1,257.22","1,257.22","1,257.22",111111111111111243211111
10/31/2021,3175540,Pool 2:  Reperforming,"228,093.95","297,419",3.99,"1,418.21",12/31/2010,1/1/41,N,,,N,,N,"270,000","1,418.21","1,418.21","1,418.21","1,418.21","1,418.21","1,418.21","1,418.21","1,418.21","1,418.21","1,418.21","1,418.21","1,418.21",111111111111111111111111
10/31/2021,3175544,Pool 4:  Nonperforming,"284,727.30","322,550",6.375,"2,152.75",10/25/2005,11/1/30,N,,,N,,U,"110,000",-,-,-,-,-,-,-,-,-,-,-,-,555555555555555555555555
10/31/2021,3175569,Pool 7:  REO Properties,"300,115.57","204,000",4.125,"1,277.73",7/21/2005,6/1/52,N,,,Y,7/1/12,N,"130,000",-,-,-,-,-,-,-,-,-,-,-,-,555555555555555555555555
10/31/2021,3175571,Pool 2:  Reperforming,"347,822.23","301,350",6.875,"1,824.39",4/30/2010,8/1/54,N,,,Y,9/1/14,N,"170,000","1,824.39","1,824.39","1,824.39","1,824.39","1,824.39","1,824.39","1,824.39","1,824.39","1,824.39","1,824.39","1,824.39","1,824.39",111111111111111111111111
10/31/2021,3175595,Pool 2:  Reperforming,"408,564.77","150,000",7,"1,915.69",2/27/2001,10/1/56,N,,,Y,11/1/16,N,"350,000","1,915.69","1,915.69","1,915.69","1,915.69","1,915.69","1,915.69","1,915.69","1,915.69","1,915.69","1,915.69","1,915.69","1,915.69",111111111111111111111111
10/31/2021,3175638,Pool 4:  Nonperforming,"343,243.06","350,000",5.5,"1,987.26",1/30/2009,2/1/39,Y,13,1/25/20,Y,4/1/11,N,"291,000","1,987.26","1,987.26",-,-,-,-,-,-,-,-,-,-,555555555555555555555555
10/31/2021,3175690,Pool 4:  Nonperforming,"437,839.66","428,000",5.95,"2,298.92",9/30/2005,10/1/45,N,,,Y,5/1/11,N,"200,000",-,-,-,-,-,-,-,-,-,-,-,-,555555555555555555555555
10/31/2021,3175694,Pool 4:  Nonperforming,"387,881.24","319,100",4.5,"1,978.46",2/7/2008,11/1/42,N,,,Y,12/1/12,N,"195,000",-,-,-,-,-,-,-,-,-,-,-,-,555555555555555555555555
10/31/2021,3175719,Pool 4:  Nonperforming,"421,313.14","432,000",7.125,"2,910.46",5/17/2006,6/1/36,N,,,Y,4/1/11,U,"345,000",-,-,-,-,-,-,-,-,-,-,-,-,555555555555555555555555
10/31/2021,3175726,Pool 4:  Nonperforming,"489,573.57","448,000",5.5,"2,510.01",2/20/2009,3/1/49,N,,,Y,10/1/16,N,"490,000",-,-,-,-,-,-,-,-,-,-,-,-,555555555555555555555555
10/31/2021,3175762,Pool 4:  Nonperforming,"851,323.28","512,229",9.95,"4,074.70",5/22/2004,4/1/45,N,,,Y,1/1/11,U,"525,000",-,-,-,-,-,-,-,-,-,-,-,-,555555555555555555555555
10/31/2021,3175770,Pool 4:  Nonperforming,"579,572.58","545,000",6.25,"2,638.15",6/30/2005,7/1/45,N,,,Y,11/1/10,U,"400,000",-,-,-,-,-,-,-,-,-,-,-,-,555555555555555555555555
10/31/2021,3175776,Pool 4:  Nonperforming,"513,542.12","588,800",3.87,"2,181.42",6/30/2005,8/1/52,N,,,Y,9/1/12,Y,"254,000",-,-,-,-,-,-,-,-,-,-,-,-,555555555555555555555555
10/31/2021,3175836,Pool 6:  Nonperforming 2nds,"59,985.49","61,800",7.5,432.11,8/8/2005,9/1/10,N,,,N,,N,"390,000",-,-,-,-,-,-,-,-,-,-,-,-,555555555555555555555555
10/31/2021,3175837,Pool 6:  Nonperforming 2nds,"13,297.90","15,000",11.95,179.54,10/20/2005,11/1/20,N,,,Y,1/31/09,N,"185,000",-,-,-,-,-,-,-,-,-,-,-,-,555555555555555555555555
10/31/2021,3175840,Pool 6:  Nonperforming 2nds,"12,612.38","22,000",9.95,235.74,6/12/2001,7/1/16,N,,,N,,N,"187,000",-,-,-,-,-,-,-,-,-,-,-,-,555555555555555555555555
10/31/2021,3175842,Pool 6:  Nonperforming 2nds,"43,743.42","60,000",6.125,510.37,3/17/2005,4/1/20,N,,,N,,N,"350,000",-,-,-,-,-,-,-,-,-,-,-,-,555555555555555555555555
10/31/2021,3175848,Pool 6:  Nonperforming 2nds,"60,139.46","62,000",6.95,410.41,7/28/2005,8/1/35,N,,,Y,1/31/09,N,"380,000",-,-,-,-,-,-,-,-,-,-,-,-,555555555555555555555555
10/31/2021,3175855,Pool 6:  Nonperforming 2nds,"52,312.60","55,000",5.04,217.09,10/14/2005,11/1/45,N,,,Y,5/14/10,N,"135,000",-,-,-,-,-,-,-,-,-,-,-,-,555555555555555555555555
10/31/2021,3175856,Pool 6:  Nonperforming 2nds,"37,884.22","44,552",7,400.45,12/7/2005,1/1/21,N,,,Y,12/23/08,N,"152,000",-,-,-,-,-,-,-,-,-,-,-,-,555555555555555555555555
10/31/2021,3175871,Pool 6:  Nonperforming 2nds,"24,726.96","25,300",8.45,193.64,8/31/2005,9/1/20,N,,,N,,N,"180,000",-,-,-,-,-,-,-,-,-,-,-,-,555555555555555555555555
10/31/2021,3175875,Pool 6:  Nonperforming 2nds,"11,801.07","17,400",10.95,239.19,10/28/2005,11/1/15,N,,,N,,N,"78,000",-,-,-,-,-,-,-,-,-,-,-,-,555555555555555555555555
10/31/2021,3175877,Pool 5:  Reperforming 2nds,"33,746.20","27,166",9.95,222.07,11/19/2005,5/1/31,N,,,Y,10/1/10,N,"110,000",222.07,222.07,222.07,222.07,222.07,222.07,222.07,222.07,222.07,222.07,222.07,222.07,111111111111111243211111
10/31/2021,3175880,Pool 6:  Nonperforming 2nds,"22,148.78","25,000",8.45,309.3,5/6/2006,6/1/16,N,,,N,,N,"245,000",-,-,-,-,-,-,-,-,-,-,-,-,555555555555555555555555
10/31/2021,3175882,Pool 6:  Nonperforming 2nds,"13,584.29","15,000",10,161.19,8/7/2006,9/1/21,N,,,N,,N,"130,000",-,-,-,-,-,-,-,-,-,-,-,-,555555555555555555555555
10/31/2021,3175883,Pool 6:  Nonperforming 2nds,"17,661.48","18,000",9.75,154.65,8/30/2006,9/1/13,N,,,N,,N,"184,000",-,-,-,-,-,-,-,-,-,-,-,-,555555555555555555555555
10/31/2021,3175884,Pool 6:  Nonperforming 2nds,"16,330.57","25,500",3.082,41.94,11/28/2006,12/1/26,N,,,Y,8/29/11,N,"92,000",-,-,-,-,-,-,-,-,-,-,-,-,555555555555555555555555
10/31/2021,3175885,Pool 6:  Nonperforming 2nds,"55,140.32","57,100",9.25,469.75,3/30/2007,4/1/14,N,,,Y,7/31/10,N,"140,000",-,-,-,-,-,-,-,-,-,-,-,-,555555555555555555555555
10/31/2021,3175890,Pool 6:  Nonperforming 2nds,"17,633.45","21,988",8.45,215.88,3/31/2006,5/1/21,N,,,N,,N,"170,000",-,-,-,-,-,-,-,-,-,-,-,-,555555555555555555555555
10/31/2021,3175895,Pool 6:  Nonperforming 2nds,"21,526.29","23,000",9.95,246.46,12/7/2005,1/1/21,N,,,N,,N,"127,000",-,-,-,-,-,-,-,-,-,-,-,-,555555555555555555555555
10/31/2021,3175896,Pool 6:  Nonperforming 2nds,"47,369.39","53,000",8.45,520.36,12/29/2005,1/1/21,N,,,N,,N,"110,000",-,-,-,-,-,-,-,-,-,-,-,-,555555555555555555555555
10/31/2021,3175898,Pool 6:  Nonperforming 2nds,"11,433.20","13,000",13.5,168.78,3/16/2006,4/1/21,N,,,N,,N,"120,000",-,-,-,-,-,-,-,-,-,-,-,-,555555555555555555555555
10/31/2021,3175911,Pool 6:  Nonperforming 2nds,"30,079.33","31,880",6.125,193.71,9/30/2005,10/1/35,N,,,N,,N,"160,000",-,-,-,-,-,-,-,-,-,-,-,-,555555555555555555555555
10/31/2021,3175927,Pool 6:  Nonperforming 2nds,"69,664.91","72,300",9.75,765.92,10/29/2007,11/1/22,N,,,N,,N,"200,000",-,-,-,-,-,-,-,-,-,-,-,-,555555555555555555555555
10/31/2021,3175929,Pool 6:  Nonperforming 2nds,"90,415.80","89,000",7.875,569.99,11/7/2007,12/1/47,N,,,Y,12/9/10,N,"180,000",-,-,-,-,-,-,-,-,-,-,-,-,555555555555555555555555
10/31/2021,3175953,Pool 6:  Nonperforming 2nds,"25,801.43","26,000",9.5,271.5,1/25/2002,2/1/17,N,,,N,,N,"146,000",-,-,-,-,-,-,-,-,-,-,-,-,555555555555555555555555
10/31/2021,3175980,Pool 6:  Nonperforming 2nds,"10,162.71","12,000",9.95,128.59,12/16/1999,1/1/15,N,,,N,,N,"134,000",-,-,-,-,-,-,-,-,-,-,-,-,555555555555555555555555
10/31/2021,3176072,Pool 6:  Nonperforming 2nds,"29,171.62","29,200",6.125,177.42,7/8/2005,8/1/35,N,,,N,,N,"124,000",-,-,-,-,-,-,-,-,-,-,-,-,555555555555555555555555
10/31/2021,3176080,Pool 6:  Nonperforming 2nds,"21,320.01","21,400",8.45,163.79,4/25/2005,5/1/35,N,,,N,,N,"78,000",-,-,-,-,-,-,-,-,-,-,-,-,555555555555555555555555
10/31/2021,3176083,Pool 6:  Nonperforming 2nds,"16,832.93","21,975",8.95,125.55,4/13/2005,5/1/30,N,,,Y,12/21/10,N,"144,000",-,-,-,-,-,-,-,-,-,-,-,-,555555555555555555555555
10/31/2021,3176096,Pool 6:  Nonperforming 2nds,"38,668.00","39,540",6.25,243.45,9/3/2003,9/1/33,N,,,N,,N,"205,000",-,-,-,-,-,-,-,-,-,-,-,-,555555555555555555555555
10/31/2021,3176119,Pool 6:  Nonperforming 2nds,"45,736.24","50,000",9.95,535.77,7/12/2005,8/1/20,N,,,Y,5/26/09,N,"215,000",-,-,-,-,-,-,-,-,-,-,-,-,555555555555555555555555
10/31/2021,3176123,Pool 6:  Nonperforming 2nds,"13,268.17","13,800",9.95,147.87,12/10/2004,1/1/20,N,,,N,,N,"97,000",-,-,-,-,-,-,-,-,-,-,-,-,555555555555555555555555
10/31/2021,3176130,Pool 6:  Nonperforming 2nds,"13,531.79","19,000",8.45,389.36,6/22/2005,7/1/10,N,,,N,,N,"169,000",-,-,-,-,-,-,-,-,-,-,-,-,555555555555555555555555
10/31/2021,3176145,Pool 6:  Nonperforming 2nds,"18,878.13","19,635",9.95,210.4,10/25/2005,11/1/20,N,,,N,,N,"105,000",-,-,-,-,-,-,-,-,-,-,-,-,555555555555555555555555
10/31/2021,3176175,Pool 6:  Nonperforming 2nds,"19,557.00","20,000",10.95,189.71,12/20/2002,1/1/18,N,,,N,,N,"159,000",-,-,-,-,-,-,-,-,-,-,-,-,555555555555555555555555
10/31/2021,3176185,Pool 6:  Nonperforming 2nds,"373,731.97","377,756",7.95,"2,758.68",9/30/2005,10/1/35,N,,,N,,N,"345,000",-,-,-,-,-,-,-,-,-,-,-,-,555555555555555555555555
10/31/2021,3176211,Pool 6:  Nonperforming 2nds,"119,323.70","122,000",6.5,771.12,8/10/2005,9/1/35,N,,,N,,N,"670,000",-,-,-,-,-,-,-,-,-,-,-,-,555555555555555555555555
10/31/2021,3176222,Pool 6:  Nonperforming 2nds,"33,360.79","40,000",9.95,527.5,6/29/2005,7/1/15,N,,,Y,12/1/07,N,"250,000",-,-,-,-,-,-,-,-,-,-,-,-,555555555555555555555555
10/31/2021,3176246,Pool 6:  Nonperforming 2nds,"22,847.41","27,500",10.95,282.92,5/17/2005,6/1/25,N,,,Y,2/18/10,N,"163,000",-,-,-,-,-,-,-,-,-,-,-,-,555555555555555555555555
10/31/2021,3176257,Pool 6:  Nonperforming 2nds,"46,814.67","48,000",6.375,299.46,8/22/2005,9/1/35,N,,,N,,N,"206,000",-,-,-,-,-,-,-,-,-,-,-,-,555555555555555555555555
10/31/2021,3176267,Pool 6:  Nonperforming 2nds,"16,172.52","20,000",9.5,208.84,2/28/2003,3/1/18,N,,,N,,N,"127,000",-,-,-,-,-,-,-,-,-,-,-,-,555555555555555555555555
10/31/2021,3176270,Pool 6:  Nonperforming 2nds,"12,961.65","13,300",6.95,88.04,9/29/2005,10/1/35,N,,,N,,N,"118,000",-,-,-,-,-,-,-,-,-,-,-,-,555555555555555555555555
10/31/2021,3176288,Pool 6:  Nonperforming 2nds,"14,562.88","15,750",8.5,155.1,11/28/2005,12/1/20,N,,,N,,N,"240,000",-,-,-,-,-,-,-,-,-,-,-,-,555555555555555555555555
10/31/2021,3176311,Pool 6:  Nonperforming 2nds,"15,056.22","21,000",7.5,194.67,10/28/2003,11/1/18,N,,,Y,4/28/10,N,"240,000",-,-,-,-,-,-,-,-,-,-,-,-,555555555555555555555555
10/31/2021,3176314,Pool 6:  Nonperforming 2nds,"40,716.63","41,700",6.625,267.01,1/31/2006,2/1/36,N,,,N,,N,"276,000",-,-,-,-,-,-,-,-,-,-,-,-,555555555555555555555555
10/31/2021,3176368,Pool 6:  Nonperforming 2nds,"61,921.34","62,000",10.25,555.58,1/18/2008,2/1/18,N,,,N,,N,"220,000",-,-,-,-,-,-,-,-,-,-,-,-,555555555555555555555555
10/31/2021,3176427,Pool 6:  Nonperforming 2nds,"64,759.56","67,350",5.375,377.14,7/8/2005,8/1/12,N,,,Y,7/2/08,N,"489,000",-,-,-,-,-,-,-,-,-,-,-,-,555555555555555555555555
10/31/2021,3176471,Pool 7:  REO Properties,"72,882.36","74,400",9.5,625.6,2/8/2006,3/1/36,N,,,N,,N,"35,000",-,-,-,-,-,-,-,-,-,-,-,-,555555555555555555555555
10/31/2021,3176480,Pool 6:  Nonperforming 2nds,"14,684.12","22,000",9.95,235.74,6/1/2001,6/1/16,N,,,N,,N,"154,000",-,-,-,-,-,-,-,-,-,-,-,-,555555555555555555555555
10/31/2021,3176484,Pool 6:  Nonperforming 2nds,"15,816.58","17,850",7.95,170.07,1/3/2006,2/1/21,N,,,N,,N,"184,000",-,-,-,-,-,-,-,-,-,-,-,-,555555555555555555555555
10/31/2021,3176493,Pool 6:  Nonperforming 2nds,"11,070.86","11,600",8.95,92.92,7/31/2004,8/1/34,N,,,Y,2/27/10,N,"63,000",-,-,-,-,-,-,-,-,-,-,-,-,555555555555555555555555
10/31/2021,3176508,Pool 6:  Nonperforming 2nds,"13,252.49","13,400",8.125,99.49,11/30/2007,12/1/17,N,,,N,,N,"79,000",-,-,-,-,-,-,-,-,-,-,-,-,555555555555555555555555
10/31/2021,3176587,Pool 6:  Nonperforming 2nds,"43,630.80","44,000",10.375,398.38,12/29/2007,1/1/18,N,,,N,,N,"205,000",-,-,-,-,-,-,-,-,-,-,-,-,555555555555555555555555
10/31/2021,3176593,Pool 6:  Nonperforming 2nds,"7,525.52","11,800",9.95,178.74,9/17/2005,10/1/13,N,,,N,,N,"100,000",-,-,-,-,-,-,-,-,-,-,-,-,555555555555555555555555
10/31/2021,3176595,Pool 6:  Nonperforming 2nds,"29,352.64","30,000",10.95,284.56,8/31/2005,9/1/35,N,,,N,,N,"110,000",-,-,-,-,-,-,-,-,-,-,-,-,555555555555555555555555
10/31/2021,3176720,Pool 6:  Nonperforming 2nds,"15,124.18","18,000",8.95,161.37,3/3/2006,4/1/26,N,,,N,,N,"124,000",-,-,-,-,-,-,-,-,-,-,-,-,555555555555555555555555
10/31/2021,3176729,Pool 6:  Nonperforming 2nds,"84,171.04","85,200",10.5,779.36,1/18/2008,2/1/18,N,,,N,,N,"240,000",-,-,-,-,-,-,-,-,-,-,-,-,555555555555555555555555
10/31/2021,3176730,Pool 6:  Nonperforming 2nds,"8,118.97","16,000",10.5,146.36,1/23/2008,2/1/18,N,,,N,,N,"85,000",-,-,-,-,-,-,-,-,-,-,-,-,555555555555555555555555
10/31/2021,3176731,Pool 6:  Nonperforming 2nds,"17,326.10","18,100",8.45,138.53,10/27/2005,11/1/35,N,,,N,,N,"118,000",-,-,-,-,-,-,-,-,-,-,-,-,555555555555555555555555
10/31/2021,3176763,Pool 6:  Nonperforming 2nds,"15,819.49","17,000",6,101.92,8/18/2005,9/1/35,N,,,N,,N,"96,000",-,-,-,-,-,-,-,-,-,-,-,-,555555555555555555555555
10/31/2021,3176791,Pool 6:  Nonperforming 2nds,"25,879.68","26,350",9.5,221.57,6/20/2008,7/1/18,N,,,N,,N,"120,000",-,-,-,-,-,-,-,-,-,-,-,-,555555555555555555555555
10/31/2021,3176819,Pool 6:  Nonperforming 2nds,"24,406.96","27,500",10.95,311.7,8/30/2005,9/1/20,N,,,N,,N,"110,500",-,-,-,-,-,-,-,-,-,-,-,-,555555555555555555555555
10/31/2021,3176874,Pool 6:  Nonperforming 2nds,"14,200.58","16,000",10.95,181.35,7/30/2005,8/1/20,N,,,Y,6/25/08,N,"103,000",-,-,-,-,-,-,-,-,-,-,-,-,555555555555555555555555
10/31/2021,3176975,Pool 6:  Nonperforming 2nds,"43,185.28","46,500",6.625,297.74,2/3/2006,2/1/36,N,,,N,,N,"320,000",-,-,-,-,-,-,-,-,-,-,-,-,555555555555555555555555
10/31/2021,3176994,Pool 6:  Nonperforming 2nds,"69,526.18","75,000",6.375,467.9,3/28/2006,4/1/16,N,,,N,,N,"310,000",-,-,-,-,-,-,-,-,-,-,-,-,555555555555555555555555
10/31/2021,3177055,Pool 6:  Nonperforming 2nds,"39,884.62","41,000",10,359.8,12/14/2007,1/1/18,N,,,N,,N,"110,000",-,-,-,-,-,-,-,-,-,-,-,-,555555555555555555555555
10/31/2021,3262267,Pool 3:  Core Payers,"70,918.43","88,190",4,318.49,12/28/1998,9/1/44,Y,13,2/28/21,Y,10/1/14,N,"107,000",-,318.49,318.49,318.49,-,318.49,318.49,318.49,-,-,-,"1,273.96",555555555555555555555555
10/31/2021,3262273,Pool 1:  Reperforming,"11,037.78","74,070",7.5,441.3,1/28/1997,8/1/24,N,,,Y,9/1/14,N,"100,000",441.3,441.3,541.3,541.3,541.3,541.3,541.3,513.65,541.3,541.3,541.3,541.3,111111111111111111111111
10/31/2021,3262275,Pool 4:  Nonperforming,"78,393.23","110,000",6.375,686.26,12/4/2002,12/1/32,N,,,N,,Y,"65,000",-,-,-,-,-,-,-,-,-,-,-,-,555555555555555555555555
10/31/2021,3262289,Pool 4:  Nonperforming,"40,064.50","40,000",3.235,146.29,9/30/2004,10/1/55,N,,,Y,10/1/18,N,"45,000",146.29,"4,981.17",-,-,-,-,-,-,-,-,-,-,115555555555555555555555
10/31/2021,3262291,Pool 2:  Reperforming,"73,482.62","76,000",4.25,295.6,9/30/2004,5/1/54,N,,,Y,6/1/14,U,"43,000",-,295.6,295.6,295.6,295.6,295.6,295.6,295.6,295.6,295.6,295.6,295.6,111111111111111111111111
10/31/2021,3262323,Pool 2:  Reperforming,"199,004.46","205,600",6,"1,002.17",12/31/2005,5/1/54,N,,,Y,6/1/14,U,"195,000","1,002.17","1,002.17","1,002.17","1,002.17","1,002.17",891.17,891.17,891.17,891.17,"1,782.34",-,783.88,111111111555555443211111
10/31/2021,3262330,Pool 3:  Core Payers,"65,055.99","64,000",4.5,325.03,3/31/2003,9/1/52,N,,,Y,10/1/12,N,"100,000",325.03,325.03,325.03,325.03,325.03,650.06,325.03,325.03,650.06,325.03,-,325.03,111111222332222222212222
10/31/2021,3262336,Pool 6:  Nonperforming 2nds,"29,036.98","30,000",6.75,194.58,10/22/2005,11/1/20,N,,,N,,0,"152,000",-,-,-,-,-,-,-,-,-,-,-,-,555555555555555555555555
10/31/2021,3262337,Pool 4:  Nonperforming,"177,370.32","112,000",4.5,878.57,12/29/2005,6/1/52,Y,13,12/12/18,Y,3/1/21,N,"110,000",-,878.57,-,-,878.57,878.57,-,-,-,-,-,-,211111155555555555555555
10/31/2021,3262348,Pool 1:  Reperforming,"60,671.52","60,000",9.5,504.51,11/30/1998,12/1/50,N,,,Y,3/1/16,N,"168,000",504.51,504.51,504.51,504.51,504.51,504.51,504.51,504.51,504.51,504.51,504.51,504.51,111111111111111111111111
10/31/2021,3262357,Pool 6:  Nonperforming 2nds,"10,314.19","10,000",13.5,63.8,11/15/1999,12/1/24,N,,,Y,5/1/11,0,"94,500",-,-,-,-,-,-,-,-,-,-,-,-,555555555555555555555555
10/31/2021,3262359,Pool 3:  Core Payers,"58,637.95","39,830",7,304.57,5/17/2000,11/1/28,N,,,Y,4/1/18,N,"90,000",-,304.57,304.57,609.14,304.57,304.57,-,609.14,304.57,-,304.57,304.57,211122212211122111112111
10/31/2021,3262361,Pool 1:  Reperforming,"68,624.18","75,000",7.5,377.56,12/30/2000,6/1/54,N,,,Y,7/1/14,N,"110,000",377.56,377.56,377.56,-,377.56,697.66,348.83,348.83,348.83,348.83,348.83,348.83,111111111111111111111111
10/31/2021,3262362,Pool 5:  Reperforming 2nds,"8,021.89","35,000",10.95,245.82,10/20/2001,1/1/25,N,,,Y,2/1/18,0,"315,000",-,491.64,-,-,491.64,-,-,737.46,-,-,737.66,245.82,111111111111111111111111
10/31/2021,3262363,Pool 2:  Reperforming,"84,443.38","52,000",5,415.43,11/30/2001,5/1/55,N,,,Y,6/1/15,N,"70,000",415.43,415.43,415.43,415.43,-,830.86,415.43,415.43,415.43,415.43,415.43,415.43,111111111111111111111111
10/31/2021,3262366,Pool 6:  Nonperforming 2nds,"16,155.88","16,405",12.95,207.02,3/27/2002,4/1/17,N,,,N,,0,"142,000",-,-,-,-,-,-,-,-,-,-,-,-,555555555555555555555555
10/31/2021,3262372,Pool 4:  Nonperforming,"169,405.72","153,830",8.95,"1,164.27",12/17/2002,1/1/45,N,,,Y,11/1/10,N,"165,000","1,164.27","1,164.27","1,164.27",-,"1,170.29",-,-,-,-,-,-,"1,164.27",111115555555555433211111
10/31/2021,3262398,Pool 4:  Nonperforming,"36,037.78","30,000",10.45,264.28,2/27/2005,3/1/45,N,,,Y,11/1/11,0,"60,000",-,-,-,-,-,-,-,-,-,-,-,-,555555555555555555555555
10/31/2021,3262401,Pool 5:  Reperforming 2nds,"13,625.46","19,100",8.375,124.56,4/30/2005,10/1/34,N,,,Y,11/1/14,0,"138,000",124.56,124.56,124.56,124.56,124.56,124.56,124.56,124.56,130.79,124.56,124.56,124.56,111111111111111111211111
10/31/2021,3262403,Pool 6:  Nonperforming 2nds,"23,463.52","24,000",9.95,209.73,8/31/2005,9/1/35,N,,,N,,0,"136,000",-,-,-,-,-,-,-,-,-,-,-,-,555555555555555555555555
10/31/2021,3262405,Pool 5:  Reperforming 2nds,"19,039.87","20,000",8,172.64,9/16/2005,6/1/37,N,,,Y,7/1/17,0,"125,000",172.64,345.28,-,172.64,172.64,172.64,172.64,172.64,172.64,172.64,345.28,-,112111111112111433222233
10/31/2021,3262412,Pool 3:  Core Payers,"69,344.81","74,100",7.95,458.06,11/30/2005,3/1/43,N,,,Y,10/1/12,N,"65,000",458.06,458.06,916.12,-,458.06,458.06,458.06,458.06,458.06,458.06,458.06,458.06,111211111111123254321111
10/31/2021,3262416,Pool 3:  Core Payers,"101,519.69","101,000",7.75,680.92,2/8/2006,9/1/44,N,,,Y,10/1/14,N,"95,000","1,361.84","1,361.84",680.92,680.92,680.92,680.92,680.92,680.92,680.92,680.92,680.92,680.92,112222222222222332332223
10/31/2021,3262452,Pool 2:  Reperforming,"176,234.19","156,200",7.5,951.73,12/30/2003,1/1/55,N,,,Y,10/1/14,Y,"125,000",-,867.42,867.42,867.42,867.42,867.42,867.42,867.42,867.42,867.42,867.42,867.42,211111111111111232111111
10/31/2021,3262454,Pool 6:  Nonperforming 2nds,"30,776.20","35,000",7.95,255.6,6/4/2004,6/1/34,N,,,N,,0,"230,000",-,-,-,-,-,-,-,-,-,-,-,-,555555555555555555555555
10/31/2021,3262466,Pool 3:  Core Payers,"82,313.60","61,750",6.5,410.84,12/2/2004,2/1/47,N,,,Y,3/1/17,Y,"45,000",-,-,-,410.84,410.84,410.84,821.68,"1,232.52",-,410.84,410.84,410.84,432111124333325443212111
10/31/2021,3262480,Pool 2:  Reperforming,"62,361.31","50,000",7,378.43,3/17/2005,4/1/45,N,,,Y,9/1/16,N,"60,000",756.86,-,378.43,378.43,378.43,378.43,378.43,378.43,378.43,-,-,-,121111111555555432321111
10/31/2021,3262484,Pool 3:  Core Payers,"91,240.40","90,000",6.95,517.6,7/30/2005,4/1/53,N,,,Y,5/1/13,N,"80,000","5,489.43",-,517.6,517.6,517.6,517.6,517.6,"1,035.20","1,035.20",517.6,517.6,-,155555555555555555555555
10/31/2021,3262487,Pool 6:  Nonperforming 2nds,"11,919.82","20,000",8.45,196.36,8/9/2005,9/1/20,N,,,N,,0,"86,000",-,-,-,-,-,-,-,-,-,-,-,-,555555555555555555555555
10/31/2021,3262491,Pool 6:  Nonperforming 2nds,"22,595.32","25,400",6.95,168.13,8/30/2005,9/1/35,N,,,N,,0,"158,000",-,-,-,-,-,-,-,-,-,-,-,-,555555555555555555555555
10/31/2021,3262498,Pool 2:  Reperforming,"90,113.35","103,500",6.125,553.34,9/28/2005,10/1/45,N,,,Y,3/1/11,N,"110,000",553.34,553.34,553.34,553.34,553.34,553.34,553.34,553.34,553.34,553.34,553.34,-,111111111111111111212141
10/31/2021,3262499,Pool 6:  Nonperforming 2nds,"12,821.07","16,000",7.375,71.18,9/29/2005,10/1/30,N,,,Y,11/1/11,0,"80,000",-,-,-,-,-,-,-,-,-,-,-,-,555555555555555555555555
10/31/2021,3262501,Pool 6:  Nonperforming 2nds,"11,836.01","12,000",11.5,118.83,9/29/2005,9/1/35,N,,,N,,0,"20,000",-,-,-,-,-,-,-,-,-,-,-,-,555555555555555555555555
10/31/2021,3262507,Pool 2:  Reperforming,"135,097.96","130,000",6.625,705.81,11/4/2005,8/1/54,N,,,Y,9/1/14,N,"89,000",705.81,705.81,705.81,705.81,705.81,705.81,705.81,705.81,705.81,705.81,705.81,705.81,111111111111125443211111
10/31/2021,3262512,Pool 6:  Nonperforming 2nds,"21,352.76","22,600",8.95,181.03,12/30/2005,1/1/36,N,,,N,,0,"103,000",-,-,-,-,-,-,-,-,-,-,-,-,555555555555555555555555
10/31/2021,3262513,Pool 6:  Nonperforming 2nds,"8,546.65","13,600",7.95,129.58,1/25/2006,2/1/21,N,,,N,,0,"86,000",-,-,-,-,-,-,-,-,-,-,-,-,555555555555555555555555
10/31/2021,3262578,Pool 3:  Core Payers,"133,423.21","111,200",5.95,601.41,12/9/2005,8/1/56,Y,7,6/16/21,Y,9/1/16,N,"100,000","1,202.82",601.41,"1,202.82",-,-,"1,202.82",601.41,601.41,601.41,601.41,601.41,601.41,111211111111111111211111
10/31/2021,3262579,Pool 6:  Nonperforming 2nds,"21,932.39","23,296",9.95,203.58,1/12/2006,2/1/36,N,,,N,,0,"150,000",-,-,-,-,-,-,-,-,-,-,-,-,555555555555555555555555
10/31/2021,3262591,Pool 5:  Reperforming 2nds,"15,331.93","22,000",9.95,185.19,3/10/2006,4/1/31,N,,,Y,6/1/11,0,"75,000",-,-,370.38,-,185.19,370.38,-,185.19,370.38,185.19,-,185.19,321211211221155555555345
10/31/2021,3262596,Pool 3:  Core Payers,"397,103.55","364,000",5,"1,803.40",3/28/2006,12/1/52,N,,,Y,1/1/16,U,"200,000","1,803.40","1,803.40","1,803.40","1,803.40",-,"1,803.40","1,803.40","1,803.40","1,803.40","1,803.40",-,-,111111155555555554322222
10/31/2021,3262603,Pool 6:  Nonperforming 2nds,"103,951.48","104,000",9.75,893.52,6/30/2006,7/1/13,N,,,N,,0,"550,000",-,-,-,-,-,-,-,-,-,-,-,-,555555555555555555555555
10/31/2021,3262609,Pool 6:  Nonperforming 2nds,"42,614.39","44,000",9.375,365.97,10/24/2006,11/1/16,N,,,N,,0,"190,000",-,-,-,-,-,-,-,-,-,-,-,-,555555555555555555555555
10/31/2021,3262645,Pool 6:  Nonperforming 2nds,"18,675.89","17,780",9.45,140.48,2/9/2006,3/1/46,N,,,Y,12/1/11,0,"118,000",-,-,-,-,-,-,-,-,-,-,-,-,555555555555555555555555
10/31/2021,3262655,Pool 4:  Nonperforming,"120,150.03","125,300",7.375,670.53,2/8/2002,9/1/54,N,,,Y,10/1/14,N,"110,000",670.53,670.53,670.53,670.53,670.53,"3,352.65","-1,786.17","1,786.17",-,-,-,-,111111515555555543211111
10/31/2021,3262661,Pool 6:  Nonperforming 2nds,"33,322.26","33,900",6.5,214.27,11/19/2003,12/1/33,N,,,N,,0,"170,000",-,-,-,-,-,-,-,-,-,-,-,-,555555555555555555555555
10/31/2021,3262665,Pool 3:  Core Payers,"48,319.10","55,000",6.375,307.63,3/30/2004,4/1/44,Y,13,5/21/19,Y,11/1/10,N,"100,000",307.63,307.63,307.63,307.63,307.63,307.63,307.63,307.63,307.63,307.63,615.26,615.26,222222222223455555555555
10/31/2021,3262684,Pool 3:  Core Payers,"169,133.02","166,980",7,979.8,5/28/2005,4/1/55,Y,13,7/22/16,Y,5/1/15,N,"125,000",979.8,979.8,-,"1,959.60",979.8,979.8,979.8,"1,959.60",-,979.8,979.8,979.8,333233334333333332211211
10/31/2021,3262710,Pool 3:  Core Payers,"22,709.80","29,350",6.125,148.63,11/4/2005,9/1/45,N,,,Y,10/1/15,N,"60,000",148.63,148.63,148.63,148.63,148.75,297.26,-,149.3,164.75,148.63,148.63,148.63,111111211111111111122333
10/31/2021,3262717,Pool 2:  Reperforming,"168,435.30","148,800",5.875,749.26,11/23/2005,8/1/54,N,,,Y,9/1/14,N,"160,000",749.26,749.26,749.26,749.26,749.26,749.26,749.26,749.26,749.26,749.26,749.26,-,111111111111114433433333
10/31/2021,3262719,Pool 3:  Core Payers,"97,691.62","72,000",5.5,513.66,12/21/2005,11/1/55,N,,,Y,12/1/15,U,"110,000",513.66,-513.66,513.66,513.66,"1,027.32",-,513.66,513.66,513.66,513.66,513.66,-,331112111111113434333333
10/31/2021,3262730,Pool 6:  Nonperforming 2nds,"48,109.66","49,000",6.75,317.81,3/16/2006,4/1/16,N,,,Y,8/25/09,0,"246,000",-,-,-,-,-,-,-,-,-,-,-,-,555555555555555555555555
10/31/2021,3262733,Pool 6:  Nonperforming 2nds,"28,326.14","31,510",6.625,201.76,3/21/2006,4/1/36,N,,,N,,0,"153,000",-,-,-,-,-,-,-,-,-,-,-,-,555555555555555555555555
10/31/2021,3262745,Pool 6:  Nonperforming 2nds,"40,763.17","41,600",7,276.77,12/18/2006,1/1/17,N,,,N,,0,"200,000",-,-,-,-,-,-,-,-,-,-,-,-,555555555555555555555555
10/31/2021,3262758,Pool 6:  Nonperforming 2nds,"48,884.91","45,000",7,304.61,8/18/2005,2/1/57,N,,,Y,3/1/17,U,"65,000",-,-,-,-,-,-,-,-,-,-,-,-,555555555555555555555555
10/31/2021,3262759,Pool 3:  Core Payers,"152,288.25","166,509",6.75,"1,342.23",8/23/2005,4/1/36,Y,13,3/28/18,Y,9/1/16,N,"148,000","1,342.23","1,342.23","4,026.69",-,-,"1,342.23","1,342.23","1,342.23","1,342.23","1,342.23","1,342.23","1,342.23",111321111111111222211111
10/31/2021,3262776,Pool 7:  REO Properties,"123,519.10","142,200",6.375,887.14,5/30/2003,6/1/33,N,,,N,,N,"133,000",-,-,-,-,-,-,-,-,-,-,-,-,555555555555555555555555
10/31/2021,3262780,Pool 2:  Reperforming,"139,496.71","142,000",3,506.2,8/28/2007,9/1/54,N,,,Y,10/1/14,N,"130,000",506.2,506.2,506.2,506.2,506.2,506.2,506.2,506.2,506.2,531.51,506.2,506.2,111111111111111111111111
10/31/2021,3262782,Pool 4:  Nonperforming,"366,766.17","352,000",7,"1,823.19",10/30/2007,3/1/56,N,,,Y,4/1/16,N,"230,000",-,-,-,-,-,-,-,-,-,-,-,-,555555555555555555555555
10/31/2021,3262789,Pool 6:  Nonperforming 2nds,"29,848.58","30,600",9.75,262.9,8/24/2007,9/1/14,N,,,N,,0,"148,000",-,-,-,-,-,-,-,-,-,-,-,-,555555555555555555555555
10/31/2021,3262790,Pool 2:  Reperforming,"25,727.02","24,800",7,153.88,10/31/2007,11/1/47,N,,,Y,11/1/10,U,"35,000",-,153.88,153.88,307.76,-,153.88,153.88,153.88,307.76,-,153.88,153.88,111111111111113543222222
10/31/2021,3262793,Pool 6:  Nonperforming 2nds,"38,687.89","46,000",9.75,487.31,9/29/2007,10/1/22,N,,,N,,0,"276,000",-,-,-,-,-,-,-,-,-,-,-,-,555555555555555555555555
10/31/2021,3262797,Pool 6:  Nonperforming 2nds,"93,513.54","95,000",1.073,83.16,11/2/2007,12/1/47,N,,,Y,12/31/10,0,"390,000",-,-,-,-,-,-,-,-,-,-,-,-,555555555555555555555555
10/31/2021,3262806,Pool 6:  Nonperforming 2nds,"18,841.07","19,000",9.75,163.24,10/2/2007,10/1/17,N,,,N,,0,"90,000",-,-,-,-,-,-,-,-,-,-,-,-,555555555555555555555555
10/31/2021,3262811,Pool 6:  Nonperforming 2nds,"57,896.08","58,000",10,508.99,11/8/2007,12/1/17,N,,,N,,0,"220,000",-,-,-,-,-,-,-,-,-,-,-,-,555555555555555555555555
10/31/2021,3262814,Pool 6:  Nonperforming 2nds,"45,456.47","45,700",9.75,389.83,11/21/2007,12/1/32,N,,,Y,12/1/10,0,"145,000",-,-,-,-,-,-,-,-,-,-,-,-,555555555555555555555555
10/31/2021,3262820,Pool 6:  Nonperforming 2nds,"14,906.93","15,000",9.875,130.25,11/30/2007,12/1/17,N,,,N,,0,"113,000",-,-,-,-,-,-,-,-,-,-,-,-,555555555555555555555555
10/31/2021,3262823,Pool 6:  Nonperforming 2nds,"35,473.42","36,000",10.875,339.44,12/19/2007,1/1/18,N,,,N,,0,"145,000",-,-,-,-,-,-,-,-,-,-,-,-,555555555555555555555555
10/31/2021,3262826,Pool 6:  Nonperforming 2nds,"39,873.15","40,000",9.25,329.07,12/27/2007,1/1/18,N,,,N,,0,"240,000",-,-,-,-,-,-,-,-,-,-,-,-,555555555555555555555555
10/31/2021,3262837,Pool 6:  Nonperforming 2nds,"67,757.33","68,200",9.25,561.06,1/23/2008,2/1/18,N,,,N,,0,"268,000",-,-,-,-,-,-,-,-,-,-,-,-,555555555555555555555555
10/31/2021,3262864,Pool 6:  Nonperforming 2nds,"58,189.64","58,500",9,593.35,7/11/2008,8/1/23,N,,,N,,0,"252,000",-,-,-,-,-,-,-,-,-,-,-,-,555555555555555555555555