Domicile,EBITDAUSD,EV_USD,WasteRecycledPct
Germany,20103271.78,315141383.1,53.69956787
Japan,2334421044,36674456445,36.14215517
USA,128988185.3,3812096117,45.63416096
Germany,193172873.7,5047317297,37.97562124
USA,149304213.2,3992157642,11.41463474
USA,122986883.8,1524257061,16.39013835
Japan,147813378.5,2770762170,46.85352672
USA,43251957.65,1066445181,35.13453924
USA,664716287.7,53769969072,20.71694634
USA,580290542.2,16104566156,43.42887748
UK,233041839.8,13037738529,35.41237939
Australia,1289515125,49612306633,85.5245491
Japan,568507440.5,32515631584,48.24334014
Canada,13374557.54,76906285.71,14.98505567
South Korea,47415315.75,979204963.2,38.66219363
USA,324837003.4,8334456085,29.51220313
USA,1543619463,28314312595,83.48233835
Germany,123956260.5,6771890071,52.07318799
South Korea,870492614.8,70704370438,47.04842959
USA,242846799.3,3800416546,52.78050535
USA,521783864.9,26360789544,41.87772578
UK,95755563.63,1035494756,50.80489479
South Korea,58837612.67,631863749,43.92377985
USA,142243914.8,1532986181,59.17042172
Canada,110572166.6,1373385227,50.94919326
USA,141791993.6,1062866106,11.27802902
USA,146779693.2,2050604848,33.26830223
USA,435311243.4,9924186938,36.77320469
USA,66600603.52,2012492221,55.85203496
France,1456149063,56321991790,25.8659245
USA,261511192.4,7501151523,20.6412394
USA,142341966.5,2556584143,23.95122524
USA,174316393.9,12725952896,67.57734085
USA,188206911.8,3331674422,43.85367243
USA,1173428718,41146701633,40.92179735
Sweden,1058831173,13340918444,83.89512563
Netherlands,794595183.5,24072421099,24.86654477
USA,131173865.8,2182664192,5.807175168
USA,1717854818,25828568099,75.704557
USA,1797806120,54480724531,52.28431034
USA,185834201.7,13348825756,47.61032247
Netherlands,77244233.04,3746480446,46.5122101
Canada,222560634.8,4666704570,59.34148365
USA,2239674480,32673169188,70.03416333
USA,49419345.79,2081322738,8.109119137
USA,144381586.1,1265788239,59.75611797
USA,336289825.2,14329876442,45.11135239
USA,976771318.9,29132101953,87.61021114
Japan,150404185,3367128190,38.95123139
Canada,186206311,1484648726,24.09756677
USA,933854572,63387551064,20.15207953
Canada,492806399.9,46090788756,73.01057686
USA,102839811.9,4066003879,52.56099307
Japan,236532175.1,4314069863,17.92683253
Japan,97531837.2,1686963332,46.55457295
Canada,1339560589,48671427107,69.53447346
USA,204271890.5,1806858364,53.46343246
Canada,947058747.5,41483029171,75.44384924
USA,1216927638,23254679358,76.05216734
UK,2284557847,42694640242,42.37741565
France,98105763.68,2319003298,68.00002379
USA,298694433,9786348525,63.74228775
USA,334255080.1,7344303344,10.48780509
USA,226717989.1,1877008429,52.82928586
USA,120678282.5,3207570322,55.90245785
Canada,333681315.8,16378609723,60.649503
UK,125729547.9,2718247189,51.41465114
USA,1872045834,62624712610,76.94291883
USA,435779686.7,15587430353,58.02682152
USA,1261692155,21554381335,23.21539566
USA,1722539683,32793327206,72.70641781
Sweden,93673295.02,788266181.3,39.26010116
USA,208128045.7,5978405974,56.17075065
USA,157102826.7,3150208310,22.34146848
USA,152876757.5,3244798876,56.31709217
USA,347872891.5,3438072690,43.00001354
USA,166746989.7,2571326025,16.12195374
USA,235171192.5,4828984954,52.63416383
USA,159067129.2,18843973100,65.02888621
Japan,324817788.7,14028140892,67.47837174
USA,89785847.61,4500892515,15.70731942
USA,355524879.1,8086524700,17.89484654
USA,207904416.6,2720259204,58.51221502
USA,923800409.9,9130982993,69.16084664
USA,293300288.9,1711111132,19.56097954
UK,236688214.3,9757558366,66.09280417
USA,143362283.3,4664185568,39.6341585
Canada,146842083.5,5370274551,16.02439272
UK,1182509857,43276758593,25.64866804
USA,87173152.94,2864259488,63.24392428
UK,18183870.95,194698800.9,21.2331893
Canada,162062743.5,12971576598,57.11135724
France,165763450.5,1512523647,17.63414948
Germany,167878649.7,815344875.5,54.44695227
UK,474454266.8,12498116057,15.74226835
USA,1332289174,40691810910,28.51645334
USA,276617591.2,3163513880,33.75610731
UK,95162210.26,645653080.9,17.25710426
USA,1766186970,34541606607,60.73558673
USA,1087826546,53045340515,58.21541177
France,340288144.4,6719241511,42.09757415
USA,302694692.6,19396584705,65.00414393
UK,1485992445,51020910762,49.0254634
USA,2258972706,72868132648,75.24831843
USA,1202902933,16429239276,41.7908232
USA,236139656.3,6201642181,57.43904385
Sweden,286698371.7,23111161685,47.70929158
USA,349018605.5,16925975629,32.34433692
USA,166839555.7,6732065724,28.80619116
USA,658570794.6,25013648309,39.64330894
USA,591039006.1,12734936064,42.90928964
USA,160849197.9,1303711443,42.73172075
UK,61756097.66,2113765683,53.95123754
USA,50409876.72,1616907974,53.87806678
USA,31811944.04,384812897.1,5.23916302
USA,239569765.6,2779319942,64.6097785
USA,531436218.2,16791733729,34.12578094
Netherlands,10812715.44,77736802.46,51.87594992
UK,1265175473,31946262164,24.10614715
France,100443495.5,1848117956,32.50374613
USA,275824799.5,9615394218,36.89691608
Netherlands,290389199,7545819268,74.55466326
USA,167058131.1,2255055033,7.002990217
USA,210884319.8,8558117941,66.21953526
USA,40802121.85,479330168.2,58.84157258
USA,564915555.6,9717257869,42.78557825
USA,153565934.3,7991232127,16.55876353
USA,239200178.8,4307341067,38.78049961
Canada,1082603285,28084250739,25.06207559
USA,208754336.9,3317315232,67.07319414
USA,2316933050,63987146956,44.9844932
France,2171359330,69462965416,33.25264422
USA,1202876654,56430930930,47.80882721
USA,80032813.28,1649972469,60.75487666
USA,508665615.8,9999957689,59.6350696
USA,766593929.6,62343483202,26.82185293
USA,1203312538,16845993855,72.40225877
USA,97747571.07,2049319905,30.268301
Japan,832647469.4,34681191081,74.20548741
South Korea,1206578282,20563577686,69.99071203
USA,2071021347,28903426900,25.60521674
USA,135384999.7,4291744540,45.73172198
USA,948884728.1,60308634543,81.2011455
USA,851559345.4,11737588515,36.25361685
USA,619675608.2,24200712044,60.32785338
USA,86616951.65,642123343.4,16.92825512
USA,141076976,11294999686,71.98146634
USA,941557726.2,34256507985,68.77407584
Germany,283684911,24703528386,15.66804152
USA,853902195.5,15748047908,60.69898755
USA,248010697.5,8313248472,69.0000242
Japan,2189615030,51327185849,34.72998817
USA,415091122.6,13597996369,16.18762936
USA,62763480.43,4491895914,55.85367735
USA,277850318.1,9315975261,72.57528101
USA,8212515.417,65764444.17,30.5306513
USA,466202338,9987117143,23.98144694
UK,97437127.99,1600877395,25.14948358
USA,510191436.8,16861639244,71.88249723
USA,172765860.5,16358374780,53.00413908
Japan,110063737.8,4075175670,36.02440092
USA,102940250.8,12441845221,15.42061874
USA,21235479.33,132999706.8,50.50076261
Canada,36404120.28,623523605.4,43.02691856
USA,1042659544,38549585227,86.50220318
Sweden,214878054.7,9185263883,50.33197305
USA,257638273,4125064630,30.92683786
USA,292618936.2,8291572879,14.85366054
USA,924898573.6,69725927947,76.18252121
USA,19193401.84,339253256.2,36.95815719
Japan,681727231.8,21019562267,63.71754547
USA,1362773768,55484993759,50.87214333
USA,887088495.6,24805805382,71.03354305
Canada,129536634.1,2827642354,65.65855942
Netherlands,1038100225,37786859791,28.7337098
USA,850347058.7,46302122190,56.69461653
Japan,127295669.8,6395529411,52.51221256
USA,13977708.48,299876545.8,20.00747887
USA,1328339975,29889418245,63.62509768
USA,246848228.2,11679007836,69.85363043
Australia,328827708.1,10848369220,46.89279641
USA,114759269.3,2625638557,43.38566307
USA,117093631.9,1181715339,51.06877476
USA,349461361.2,6603112544,62.75259663
USA,86511624.05,774732769.1,63.32587901
USA,1280761643,66903881317,53.91373381
USA,362989192.1,10563799837,58.96702809
South Korea,228732293,4428844152,22.17073671
South Korea,106705323,6114416310,43.34147709
Japan,322509762.8,7731112806,36.17074245
USA,597810459.2,18405073209,20.22062068
UK,164993636.2,1341830902,41.05382373
UK,119417193.7,3055348944,61.68163332
USA,37579567.47,325500004,32.59343226
France,413930621.1,15304848659,73.4907453
USA,20977567.79,261884725.2,23.65471477
USA,821045753.3,24626206294,33.62198021
Germany,1358047326,59479562807,61.53943564
USA,1097546936,36685101226,89.36998849
France,8382825.24,116348537.4,15.91181233
USA,18805060.95,329539006.1,27.42153217
USA,1324987791,51267376657,56.17320102
USA,144241516.8,4719380887,21.53659011
USA,775197577.8,25807706246,71.9025689
USA,136549993.7,2704132572,15.09756308
USA,1244252170,29150624179,57.34638592
USA,153223728.7,14343915504,74.25775592
Canada,264776024,4489896430,30.75610608
Germany,75943459.79,633030125.2,8.139014513
USA,112516974.1,3499464719,34.95122975
USA,185210804.3,5786444860,69.24392674
USA,214707871,15741381876,43.30516609
USA,1205318372,21941971230,65.01553904
USA,14821474.27,448972651.5,15.7025447
France,1171099811,52578868117,60.97456884
USA,160216378,7584633846,52.80489561
USA,921695997,63787634878,43.31161844
USA,1301085164,44453443471,80.8752608
USA,991657448.5,39250791428,53.47922088
France,411178477.6,13621332120,54.51341804
USA,716991445.2,37406067810,26.17008355
USA,935376016.8,20072311771,26.32216307
USA,158060601.5,15520474961,64.50929837
USA,229985739.3,4734230488,23.90244473
USA,208378835.6,1785127940,14.17073343
USA,448412613.1,11104897625,23.11546721
South Korea,857083823.2,14124857297,59.2886777
USA,58078956.29,829595587.7,18.3333378
Australia,238071082.3,8260765754,46.20001262
USA,94262463.6,4087757443,56.97562903
USA,12914145.59,58896255.18,27.60090443
UK,202913387.2,10786335796,45.33403289
USA,165871181.4,3117009852,51.95123672
USA,222826411.6,15661432481,22.84330215
USA,65998204.25,460002826.2,27.21226454
USA,182012101,5754652268,32.09757005
USA,818376172.9,15795908727,28.41031471
Japan,59239487.71,2835142256,33.43050279
Canada,1138270998,40850125587,20.60831811
USA,679376139.6,11461363795,25.11959173
UK,192635522.4,4331237567,12.36585464
USA,1511944521,43142793748,36.98945538
USA,19030648.92,549928427.4,11.57698278
USA,957226583.2,38114724714,82.28742781
USA,24678648.89,610685141.8,13.90882212
Australia,1487541659,45037022171,51.80634612
USA,155107219.5,2018692577,53.93873088
USA,1943891833,62502516117,86.82808788
USA,184532794.2,5295608672,12.95122073
Canada,334201324.8,8567264010,34.20000777
France,276110882,10689360367,38.15877226
USA,421751783.4,18411450865,65.3752781
USA,34313244.86,374833474.6,22.33931822
USA,80524957.27,1802015904,46.64425908
USA,1626193470,65975107796,29.68963824
Canada,497911088.1,42235047326,26.34388872
USA,145429832,1979254378,16.68909211
USA,1031047589,13893353570,66.03664442
USA,929992751.6,18044991914,51.91497435
USA,319029767.2,3736288067,15.8780512
USA,926924698.9,36037382381,75.22659278
USA,1118100158,75613018081,62.19120503
France,215010895.5,1934283887,12.14634235
USA,2462795883,31622853951,73.79270013
USA,1218187837,40555405936,86.48047754
USA,105447486.7,3071310864,13.09756226
USA,18936707.17,244451126.2,61.32288881
Germany,388832298.5,16040387097,45.2103215
UK,695565047.7,9193258907,17.96907337
USA,971856937.7,30327298943,44.46307769
USA,446700202.5,11985416166,59.04125492
USA,2302482756,67098417214,89.47861672
Netherlands,254533895.5,13878166041,20.61649713
Germany,742647148.3,61644938587,22.36809545
USA,1277831756,31271737591,57.12912945
Japan,55729999.34,1010431547,46.19582844
USA,381010475.7,8585987538,71.38765167
USA,82838924.44,1584177158,48.22871402
USA,189671960.7,2734640165,33.51220477
UK,602119506.7,40230721122,21.36871572
USA,513229909.5,6092769382,47.26393058
USA,169120945.7,5457273461,66.29074239
Canada,530876529.6,6411001216,42.01856763
USA,467358057.5,40751306123,65.77593666
UK,867265230.6,37138195367,25.10552688
USA,247570007.6,3372556143,38.80488987
South Korea,246784017.1,6009539561,68.63417039
USA,423637391.1,20789634885,34.17526549
USA,645390844.4,20693252715,30.61237745
USA,639464343.4,10221629801,20.83917763
UK,236253464.5,21747000920,36.42681279
USA,520262724.3,18321860219,32.8144402
USA,74770349.61,2324609242,42.13005727
Sweden,2382872134,62261432635,69.57792475
USA,150939456.1,965496733.5,26.21951886
USA,1614496938,62936393661,87.17569822
USA,1131008336,77825651923,58.91063245
USA,80562412.79,1717555458,46.88342209
USA,280838684.5,7521750647,36.512206
USA,213876254.7,7725691228,25.56495273
USA,36365225.77,405143504.4,43.44545383
USA,613089757.8,7668292508,23.78350871
USA,18076001.53,287157649.5,27.54111368
Canada,102912448.4,606858188.7,10.62033074
USA,78943278.68,746406005.8,26.01644949
USA,1497180782,33177585026,71.53323292
USA,436531165.1,8315005426,42.46392864
USA,1127731771,23507834285,50.00311748
USA,234866598.6,2432084165,49.07318676
Germany,209318462.7,2264937612,33.78049756
France,327521594.8,14342363701,20.9876313
Japan,1105141901,46594681868,69.01305795
USA,462080226.2,9934061405,30.01856278
USA,1232536730,24242735763,67.0142985
UK,141930385.4,3540818448,18.07317405
UK,645707142.1,17200407287,71.9072395
USA,840614401.8,48940689032,39.2054713
USA,107871046.5,5034498196,44.95123385
USA,2004073819,42475931450,40.42210749
USA,590933668.7,12349284738,52.68248947
Sweden,166978292.3,4134395686,65.60977891
South Korea,617827051.1,11644640064,60.52579161
USA,1227190395,55005196326,50.11174571
USA,207390571.4,2966432122,39.21952419
USA,207905205.2,4289780100,49.14635752
USA,121526223.6,902651442,50.8894025
UK,832887678.4,54147963474,38.92303789
USA,185909618.4,5892536985,54.38970665
USA,83141590.15,4849137637,22.60976128
USA,1171637988,42668531793,78.13782938
USA,579302275,34154608825,85.93733638
USA,113812313.2,828933969,5.358744525
USA,341115430.3,7233698137,62.48043157
USA,69054307.11,1686473140,9.633783324
USA,157371058.9,1407108004,35.25412074
USA,191070668.1,4337304716,62.21953362
USA,36751082.12,507053856,30.05232528
USA,886588828.4,15657810660,64.01615931
USA,176827834.3,18714199549,25.07010717
Germany,887788342,50831242520,45.48418306
Canada,1741618950,35586950675,77.61641387
USA,1297139683,41653522345,78.18128067
USA,221200122.2,14133353865,65.72166999
USA,762420515,42718132237,46.41838585
UK,553357265.9,8257509590,48.4763022
UK,89656609.68,878366138.3,42.2197434
USA,626328267.5,16905785347,46.64537362
USA,1915988078,74519369399,73.55371802
USA,570913972.4,63901173120,59.60585313
USA,216420313.8,3291715385,51.90245621
USA,137764499.5,13389303726,68.27012463
UK,1229066651,25839393513,49.98139184
USA,30687085.99,514078091.8,58.57251419
USA,91857265.76,2016194631,51.99553143
USA,301733302.3,6382188149,45.97562452
USA,1055487920,17192239296,46.78772184
USA,933653471.4,35912547916,86.45875189
Canada,184550269.2,7511735442,69.29270725
USA,128406507.1,2448740910,17.07317364
Canada,1702650697,24535595374,49.6337815
USA,107216616.4,1141367400,46.4947822
USA,1779037955,34362803474,48.85165823
USA,18619953.15,272722702.3,49.48431982
USA,140660356.3,1408423593,14.70731901
UK,457095426.9,16114462687,54.06805704
USA,70118294.2,430679600,29.54410389
USA,24423515.81,495176353.4,46.40509607
USA,739730322.9,19174205751,71.51150727
USA,1200146488,21079896588,30.29795633
USA,23791781.54,369222537.4,31.48730334
USA,37300630.82,1539984331,15.04484642
UK,7623732.576,281274119.6,61.47236569
Australia,2105812784,36409032375,85.63317733
USA,604015026.9,10639212441,74.20827136
USA,1870877169,55412569254,85.8069825
USA,229408974.9,8502296668,34.24391239
UK,1456118164,24806419306,57.97642966
USA,62042699.97,1856236431,56.09757989
USA,2369486564,31154840683,66.6884138
South Korea,1284136605,40852562258,40.70454089
USA,765070031,63290937616,67.60089095
South Korea,30103721.97,369969241,24.70105294
Canada,174608922.9,14049113526,51.04949912
Germany,1842105619,66889632658,20.43451294
USA,428214729.4,8963488250,31.8000068
USA,611661072.7,6438322863,68.54228969
UK,545685033.7,8947782156,59.58558504
USA,149749154.3,6008804557,50.65855327
UK,415650127.3,8568453518,62.35672018
France,106539750.4,2631914972,11.56097626
USA,204504292.3,1515453128,67.48782846
USA,148197876.7,17330229848,67.60208313
USA,1183360469,28536175849,35.94662436
USA,34590231.35,695883573.3,64.79075245
France,354089271.9,8334974790,69.38352714
USA,400571688.6,14730314185,61.34228678
USA,291218876.1,9838126764,35.33815256
USA,29953434.28,158526653.3,15.64275394
USA,118028882.5,1551671666,58.12197096
USA,86481604.36,1071563191,8.826608166
USA,2273924890,71519298681,64.16823884
USA,1974680319,41483602732,45.72316517
USA,650806197.5,9367935833,61.46599817
Netherlands,1030552775,43218407938,57.32466027
USA,160883327,1633049800,30.4110698
USA,2170310277,67900462569,36.75047327
USA,947870871.4,13078711654,20.99937974
USA,154227978.2,1259212293,40.78476534
USA,2061854836,31912518062,69.64310169
USA,12922664.47,489498409.3,47.750388
USA,455209516.4,5913871492,36.40207052
Netherlands,127380314.8,1419309421,54.35726615
France,216624544.3,2316748004,32.78049715
USA,282938139,6653389159,61.90246031
USA,2428183178,33181970034,72.20672795
USA,213928139.3,4141262646,54.39026211
USA,636799659.4,24592242054,79.15893475
USA,703021102.6,54221869329,57.93297836
USA,708955362.6,47506266143,32.05773368
USA,341440081.2,20868706458,17.27628959
USA,986977159.4,62623999071,35.27312932
Japan,474962387.1,13322784204,71.41239394
UK,209031904.6,18375929146,26.70309752
USA,241813078.3,1857148561,43.73172116
South Korea,90543460.98,3729875237,40.95123221
USA,1119099160,51550695641,50.26382524
USA,234971947.2,2736115488,21.31707782
USA,980860990.9,57261651734,58.38921694
USA,775662981.9,16866619898,36.00619407
UK,464109667.1,43039067369,80.07141189
Canada,265450437.8,19228283012,49.73815838
USA,755681635.8,42380198242,85.28556699
USA,91647346.16,1711614384,63.86399578
USA,86607012.11,1379810573,64.49179868
Australia,717234237.2,46695855868,61.01802013
Germany,639316056.3,62261628352,52.71882326
USA,104568893.8,3753870885,56.07318963
Japan,238625823.1,5899851535,47.80489356
USA,375635124,7432331643,16.97561263
USA,1603515067,42997454068,69.83863251
USA,129164440.3,549008431.4,40.69507921
South Korea,830804016.6,16073845560,62.56054102
UK,745853167.3,41609195222,75.48730053
Netherlands,53223627.05,1465087742,29.45441776
USA,1993576177,54338504673,46.57046537
USA,1505490907,32304292087,82.63503815
South Korea,310450123.3,2988625249,35.92683991
USA,1080363825,27723447813,42.22533612
USA,343063814,4997089245,27.87805612
USA,2211633841,25880625288,75.0962389
USA,1150111477,40489381961,69.81690686
USA,96374474.84,988694703.4,43.83409372
USA,233569051.8,1584802723,63.26831453
Japan,421542949.8,21870405992,73.09486885
Germany,16925611.72,282659281.3,20.51570027
USA,1236707754,21150574543,57.88952707
Japan,782364051.5,35485223452,64.73310564
USA,1673652626,31712160439,29.77654082
USA,961504216.1,55315571955,39.83551504
USA,824915329.5,47504979126,56.21665231
USA,222430200.1,3188795161,37.31708438
UK,442387932.3,10889724382,32.17114097
Germany,91195158.46,1399163714,53.96862626
USA,2557386596,66135993988,27.58225055
USA,274181661.1,8317767699,38.28248365
USA,398956945.2,6759847621,22.4390295
USA,272933993.3,10268014040,48.2536217
USA,332694609.9,7558031959,48.80489397
USA,216436490.4,1335820622,27.34147053
France,277760812,5814852533,50.29269946
USA,1182615606,35185498848,25.95282708
USA,89455344.19,1748292714,13.68292835
France,862216155.8,58519148831,41.85600014
USA,1665711594,72314765261,77.96402421
USA,1348906821,43079064732,78.26818325
South Korea,86741274.26,2283465618,13.21951353
Sweden,1735215504,34942459773,55.23899823
Canada,105439712.1,1008322428,16.92683212
USA,285025822.4,2795915192,43.53659913
France,715236099.2,61385156516,62.21293068
USA,14728772.06,203942294,23.14649337
USA,1580600407,44279495715,44.52825463
Netherlands,210953504,1338168436,28.75610526
USA,782272540.3,18357418598,67.05775301
USA,453719188.4,22364656072,37.34227708
USA,97617777.9,970601853,10.85949375
Germany,296023316.5,16564897888,25.76289096
USA,267243141.4,2939694721,45.09757538
Netherlands,814978957.5,29863783358,53.28369007
Japan,598127100.1,13226098379,62.18352423
USA,33595998.7,1159330203,30.71002356
USA,1234526998,38212011145,30.10242552
Japan,124228325.3,2191488017,56.03140721
USA,238786629.3,1997846543,23.87805448
Canada,271163248.7,4765900809,47.56083791
USA,258030934.2,2942870058,16.70731983
USA,533872503.4,18051180584,31.37938807
UK,1732406372,64325682839,32.31844143
USA,108789420.6,7263679369,29.36586161
USA,693679484.3,16030218178,53.02888136
USA,536673560.6,16608378463,60.30107381
USA,649332885.7,7838507338,20.31958979
USA,494609869,9334622207,41.35052612
USA,1170589061,22918133596,61.32217918
UK,1244438572,64515428573,87.41468033
UK,863860923,24435200327,70.85973788
Germany,59212814.76,1121754462,29.33483625
Germany,664963490.3,55291779195,74.42274387
USA,221558344.7,1372738475,21.60976087
USA,595366666.9,23741452864,44.83918733
USA,56385470.37,1268781142,44.55158275
Canada,841129643.6,34894363974,89.54379366
USA,1314951032,56031676325,50.72006381
UK,83920535.39,1996133540,48.70704004
USA,170802043.6,3192385611,46.92684442
UK,69066435.65,2250643216,64.97563231
USA,154634248.5,2196206015,31.1707404
USA,212440978.9,6883958295,16.75610034
USA,2521920751,25749891652,79.1806604
USA,69042969.81,1920844797,10.04878052
USA,1012172688,18915467371,52.63192068
Japan,308707516.7,11627090160,39.37114388
Sweden,205755299.2,10384766621,23.14020949
USA,225151563.9,6607312072,50.23300394
Australia,1737172315,26797247697,62.27810761
France,806235215.7,41242688561,84.72070019
USA,75185222.37,4129524274,33.60976579
USA,218221357.7,7194079275,57.21953157
USA,484964909.3,17871860883,36.37732824
Netherlands,659585055.6,12038467540,60.10517288
Canada,1196159997,60963042080,29.38547919
USA,333559943.6,11735412934,52.70723174
USA,302953669.5,1587153168,56.70733623
UK,111326535.8,604830873.1,28.97609174
Germany,133169729.4,4499773962,15.81649519
USA,129349848.9,2891068896,38.63415809
USA,1827998083,33820391551,20.86902586
France,1352424950,28152923035,59.51895054
USA,689145690.3,6234323057,72.37734279
USA,74849392.87,3252564086,26.17073835
USA,77893937.94,1038010237,15.13453255
USA,335884207.1,15143890746,63.6928032
USA,1350931075,58620138696,58.17196047
USA,64590504.36,986765466.6,44.43200124
USA,86164519.32,1613398807,55.75611633
USA,85546590.99,2883968636,68.97563395
USA,1601994947,35489675146,29.64618695
Netherlands,55264477.33,571583270.5,55.5530812
USA,342757014.2,6918025301,44.65855081
Japan,84083657.16,1700436279,53.51221297
UK,277274686.7,14111169021,31.70103769
UK,708443729.4,11407383587,42.68660914
Japan,254286396.4,1957151219,63.31709504
Netherlands,210076434.7,2742335970,40.43903688
USA,2176416449,54011408352,24.88827042
USA,127879071.9,1305060677,14.32735739
France,282951991.6,10280696077,48.87217865
USA,901085015.1,42571081400,52.52329245
USA,37662130.48,340103428.9,50.59044874
USA,2326436362,62511505839,59.08443762
UK,53961813.25,3500262574,28.92683704
USA,1045679246,37220651482,53.9571851
Canada,1516570565,84070471255,64.42894659
USA,160676981.4,2419698690,43.02440379
USA,849398125.5,17557645402,63.51960725
USA,66502484.45,1303855272,5.478326029
USA,299794325.2,3578786555,15.14634358
Japan,77765554.64,712994324.8,41.5919405
USA,28936180.18,625671279.9,64.3423218
Netherlands,335298530.6,15191830532,20.02268245
Australia,181281828.6,1641731141,47.39025924
USA,207676515.7,16491397672,56.36908889
USA,406847319.4,11821970147,17.44948554
South Korea,1163472817,24362887741,69.23031441
USA,1405594651,66382306057,35.33830626
USA,222952384.1,19078810186,44.69073366
USA,38595755.22,358652265.4,44.85053651
Netherlands,173800010.4,2602006821,63.17075352
USA,181854962.2,1915652071,24.34230842
USA,66062337.58,1498370217,14.83557879
Netherlands,157029188.3,1696365937,12.48780591
Canada,1712802917,58735469749,89.3265372
Germany,1427308333,48017233588,74.61827468
USA,324870390.6,5522194703,54.87806719
Japan,33004797.17,1444957788,19.61883898
USA,45991311.52,630264890.2,47.72049263
USA,443035941.3,6830245946,47.88248753
Germany,1329067956,16704540328,88.67476781
UK,87533385.44,2088615234,49.96264584
USA,137120756.8,5304842583,44.26830674
USA,410781139.8,22577509181,74.18352908
USA,662411506.7,61742879056,73.90132836
Sweden,1037426384,51218594712,21.12973362
USA,979114319.1,26056868934,60.17071993
USA,72811135.45,4038043014,23.80488372
Australia,244776133.4,2484215816,47.87806432
USA,503665451.1,8262975136,42.06805219
Germany,29793090.04,481224673.2,28.91630098
France,150835129.1,2152061308,22.27952746
USA,940141711.4,15603456346,33.6654315
Canada,60600267.8,1102872839,28.40807959
USA,749048530.8,12932772959,24.40206567
USA,64571185.18,1340111067,41.14635424
USA,269873884.4,4057996053,10.02439026
USA,2161954995,57303514025,24.45375749
USA,1103548585,12552597224,71.6201355
Canada,63033229.28,351716529.9,17.7055349
USA,1644329020,23882061359,69.49102217
USA,108002888.8,6896212910,10.41463433
USA,75049882.02,4192629569,42.29269618
USA,23607920.47,308785333.2,37.79522772
USA,848139948.7,23767597654,84.43826679
USA,239342154.9,3683307720,37.24391362
USA,1762624406,69041564358,23.64990858
USA,381774337.7,14265455500,62.92579258
USA,79369663.1,1593665439,49.69358746
USA,1177898825,16891492765,53.43576959
USA,162021425.4,3318083925,63.56099758
USA,116340289.9,2292625014,8.288491394
USA,294972667.7,10212234776,69.55672309
USA,306698930.5,17483744287,26.90103575
USA,82751148.39,1425471721,57.25711764
USA,473243262.3,24540676299,51.69279835
UK,64743337.48,1089162449,63.98357729
UK,1073003759,66014516259,40.83489476
USA,271996202.7,9885275027,68.34435147
USA,248488279.3,23698025446,49.24331282
USA,538874458.3,9582195085,38.55464871
UK,1632173003,61550354951,34.14339572
USA,412909305.5,8582487726,74.38146731
South Korea,1483829128,41693058272,39.05339177
Germany,897713786.5,43785476447,69.07823489
France,1409741667,55964308657,83.76477176
USA,99901832.86,1408129441,14.09756267
USA,210772904.2,7746401192,51.56908695
USA,130515540.1,1910074016,55.25412743
South Korea,2011749410,48823253052,34.05649313
USA,631452949.3,27341626465,31.99255674
USA,432820785,12947014068,42.93403192
Germany,1012092210,48424407871,43.22471585
USA,528698311.5,6325741109,21.60618825
Japan,1454908389,30015615161,58.82372986
USA,1584145569,58501096966,49.32962245
USA,1044299207,23487575040,62.97332829
Canada,471521215.3,30934430811,55.17382129
Australia,1611320131,53922480492,83.2216306
Australia,272191792,14379897625,21.18556952
USA,37902020.96,493957032.7,42.39911566
USA,1419066505,76354036948,87.30605209
USA,1280320321,49922498644,78.44198842
USA,243113214.4,16026187613,18.06804249
USA,722493924.6,18293768417,22.29897203
USA,32367979.88,506565006.6,62.04037783
UK,888759202.1,10704465201,17.25154731
USA,53677604.96,1462149121,38.81167051
USA,851786318,46562763653,68.44819115
UK,2194767955,77930837448,37.81502994
France,6596676.68,183906917,14.35725277
USA,221499977.9,5384221254,16.29268552
Netherlands,517322146.7,27516794677,81.70083536
UK,102343878.7,1271544716,62.7561192
USA,931293486.1,52784846729,31.77530028
UK,200968321.7,18596410613,56.19589295
UK,196997645.1,14034222933,43.72578482
Australia,1501978269,70107316099,70.99009176
USA,526680794.2,17162584411,65.10311304
France,648883371.9,15364079578,50.45568444
UK,267767929,6346195015,47.12196645
USA,536972080.3,7662565554,31.32990352
Japan,200522095,1609009234,30.04878872
USA,532576498.8,31541675472,60.80076367
USA,2512739697,32649855738,58.30231435
Japan,585813452.2,16765201900,36.52578191
USA,94309858.51,1972894498,36.8292793
USA,558177968.3,16480661987,63.24744219
USA,2239696609,47996681270,80.94043774
UK,1216091656,22752776539,43.33334408
USA,2297181470,81939483021,63.92925673
USA,131944049.1,2126048410,41.62183588
USA,404102475.9,7005249795,34.10103866
USA,109172016.3,6901826611,56.29270192
Japan,149165568.6,4412951480,25.21951845
France,1991312325,35685158805,20.9342028
France,491374734.9,14005641229,34.70826252
UK,182113675,2368579637,49.09757702
USA,232982084.5,11869510935,37.07011202
Japan,917869748.4,88917169928,46.37493456
USA,1018007664,47421389593,23.38920083
USA,647597653.5,26229366840,29.79826647
Germany,2357732808,48347602431,67.81814741
USA,885448483.1,91171259392,71.22907387
Canada,1440291045,14089245746,70.68593271
UK,763663580.1,70852674609,45.85351905
USA,254347384,1703315488,20.63415071
Canada,70122555.88,3328428985,48.39025965
USA,246626184.7,14108913092,37.0948543
USA,216622602.8,7471299844,71.26394028
USA,274910111.1,16960646434,40.55877323
USA,177942531.8,3515651564,20.82927274
USA,731687258.3,14880364384,15.96494885
USA,720620982.5,16681142881,41.05361879
USA,50731619.23,468935243.4,47.60091112
USA,54477070.7,1643308016,32.56353688
USA,399869646.6,11242870671,46.99176552
USA,87061732.16,5364122136,32.92683868
France,342574284.6,5141903849,51.36587063
USA,101910256,2404683897,43.4753492
USA,314847794,6035997382,19.53658929
UK,1413878412,91308433468,47.46121687
UK,200267764.4,9140702069,32.0226873
USA,83249774.73,1331199877,38.63229826
USA,217479995.6,3538013248,51.82928545
France,66486095.1,1745690447,31.78049674
USA,253614371.5,5092653418,20.70732147
Japan,77725356.99,5497049645,68.53660938
Canada,691093439.4,24868548223,36.92165835
Netherlands,243215460.7,2666412938,56.46343369
USA,27827275.82,859188635.3,33.78924731
Japan,98420915.69,2498452059,40.12196358
USA,571588840.3,25641631581,39.54433983
Japan,1348219474,60052502031,54.97829047
South Korea,1740691899,57301688187,41.33458463
USA,209226020.2,2439389340,69.65856106
Netherlands,176785986.1,10760341344,51.94022113
USA,333215766.9,11319352190,27.69278865
USA,77822957.48,2002766082,24.10314541
USA,281429046.5,17576520809,17.42474326
USA,191739502.2,6440795430,50.10929255
USA,139644080.4,5690769825,31.18144985
USA,270596779.5,6908020678,11.8048788
USA,118983836.9,1999822247,24.01345928
Australia,312023040.3,3304235694,38.17074327
USA,297102822.7,6336325906,12.4390254
Japan,150159228.3,5229197808,34.36586366
Canada,1809502211,22259280232,82.0484457
Japan,709744622,10394636150,53.52372692
South Korea,194983275.8,4921996397,50.68294352
Canada,523171303,56903643967,23.15021872
USA,576274487,41878479973,55.84731632
USA,1334152708,14827735959,27.40844538
USA,739584394.6,12131200608,16.50927897
USA,1055552124,60452538784,55.63005986
USA,843836855.3,30574899875,66.60151122
Germany,682936754,39040301505,50.15519701
South Korea,190988647,970807064,34.19513188
USA,1061336759,79858100570,56.84669605
Australia,414591067.9,9528175193,66.66187656
France,171439154.7,4829821093,50.70733377
Japan,461324292.9,8533144708,17.91958882
South Korea,1792942177,57341313054,77.05154706
USA,103085575.1,4491959345,69.68295131
USA,213013819.6,4752368521,31.09756964
USA,1624758488,65016104538,48.59095048
Netherlands,132885635.1,919427891.4,60.09717838
South Korea,210040658.6,2789662349,61.09758194
USA,1125003347,45032692087,30.64556667
USA,257391833.2,2247856497,13.41463556
Australia,702382266.5,34626691867,58.80200421
USA,2418967919,57718649124,81.54875584
USA,153565381.7,4181720706,67.7805115
Germany,1652013389,42769524546,76.70393672
South Korea,146636753.2,615294102.2,25.6278096
UK,215223404.8,18522763470,31.55258402
USA,20457925,305847930.7,21.26308467
USA,652128448.8,7408948061,69.08661981
Canada,1790156462,69383237219,29.88516905
USA,263954419.7,6704662105,70.57115649
Australia,78884656.9,1073292612,56.33036098
USA,1781051921,53664236892,82.13534829
USA,706271774.7,8473195759,67.32991807
USA,270400434.5,20904102762,68.88868158
Canada,570828614.8,12441024832,51.32166417
USA,80386437.84,1441173912,54.26831084
Canada,177084746.7,4526541954,12.51219616
USA,402633589.7,18010943254,53.69692287
USA,482053909,11042727142,27.02474714
USA,88450162.67,1923063986,14.058299
Germany,380599427.3,5354712366,34.68293696
South Korea,229419606.2,4722929688,43.80489192
UK,517020852.3,43522625777,62.40846149
USA,333047688.9,7634180135,45.45774428
Japan,49391196.85,673590000.7,39.7085318
South Korea,409848179.8,13142873712,48.64949815
Canada,461070456.3,13300315389,32.78969792
USA,166153033.9,4159270473,18.48780837
UK,471396158.3,47139607117,69.29549135
USA,563903648,12962780203,41.87011396
USA,1443242317,35629348676,27.82123266
Germany,48710430.91,1064643363,58.90136333
USA,96453508.71,571877276.8,14.23767126
USA,49351743.61,1342004269,6.704036454
Germany,1556522315,23145321059,86.30667237
Germany,73377657.48,1839185085,35.22422537
USA,997766456.3,29002287717,31.60149511
USA,1373577962,27723538974,87.43640597
South Korea,2671207011,81210176543,81.59220713
USA,502876407.3,8912669945,17.20206276
USA,522552737.7,9288839764,62.65362752
Germany,945644702.8,23773892349,38.11918898
Sweden,138353181,1262130034,20.99402629
USA,1155429777,37609813014,43.35506973
USA,56204689.44,1272879507,32.86249065
USA,995076629.9,30757396982,74.00995659
Germany,456276725.8,21225221688,27.34639675
UK,21231208.1,313247146.3,57.22722226
UK,1181356360,23846053706,88.06644971
USA,2063685013,58102098852,35.7293679
USA,658206407.8,12682142296,18.34020755
USA,1664007367,21856806777,21.95530817
USA,199614254.3,4133317636,50.51221174
Japan,528073888.8,10773764667,53.91960337
USA,112613764.3,2543949471,56.92684852
USA,129932889.7,2450469783,31.87594323
Australia,111131759.6,1929972279,12.23468105
USA,151475346.5,1743741912,37.3169017
UK,149255446.8,5769418585,35.73171788
South Korea,2191530156,34373792455,42.35569
USA,1050236976,89055818339,35.70764225
Australia,153268036.2,2957471150,44.07325673
UK,2037547603,51217515025,42.79020293
Germany,2038355130,77865613374,86.06769026
USA,104420175.8,1783059058,14.53658724
Japan,870733802.5,57763647973,77.70331645
Canada,60190467.13,864266957.8,47.36174811
UK,1365834814,48187751022,85.76353121
USA,202830688,4873950910,21.26829731
South Korea,95936600.15,1065767938,42.04037114
USA,667956011,42059084919,23.01986484
Australia,535616295.5,21154912564,67.12292673
USA,2316727001,75044835417,20.26070777
USA,2137436967,58839568454,73.81442577
USA,18188445.86,200300958,28.07923045
USA,155911090.4,1889458720,32.04878954
USA,518013920.9,16813296007,48.00619892
USA,386693731.1,1842160763,17.56097872
South Korea,1229929901,49380772519,42.59467211
USA,71887985.3,1632558589,19.91779274
Australia,714747509.2,8074009218,58.29898658
Japan,274819074.6,7172023489,23.83299327
USA,222961434.1,2662897186,16.90244186
USA,80821337.12,3497309965,66.63416957
USA,90583787.23,3145516040,46.36586858
USA,118630606.8,1287732195,18.53658888
USA,79544477.38,1903165920,64.9701247
USA,201269792.1,5066729003,63.0731925
USA,37919579.71,859226463.2,57.49628065
USA,184293786.1,3909833620,11.14634194
UK,149332381.4,1699975808,47.81017875
UK,254500555.4,4093991856,68.92685344
USA,171924965,3163513919,20.00000411
UK,210908656.6,18270986236,35.01650295
South Korea,29865508.36,570419548,32.08521086
USA,386518206.6,17064319662,55.70104739
USA,722971220.3,11582912684,31.47835719
USA,576708777.9,14833993047,53.27630414
USA,172887665.3,2432624316,63.17640213
USA,245696893.3,13222937676,51.59382923
South Korea,145622902.9,1942591771,45.60977071
UK,452548506.7,10667395276,44.51753771
Netherlands,1355437213,37014312740,57.91125272
USA,135548415.1,1931420514,53.36587145
USA,361896112,6382397017,27.82927561
USA,64585925.8,574072518.5,29.60389464
Canada,884380998,44457459158,39.72688681
USA,118177991.2,2157469254,46.58446833
USA,547098562.6,10276427916,63.59383408
USA,1985396581,62492775205,65.58040584
Netherlands,331130949.4,18585841326,57.06187268
USA,612700206.7,14391216836,20.39381662
USA,1411666907,42105958458,42.33396436
USA,67993368.03,568593424.7,52.50375282
Germany,467069842.5,9932328917,24.97113806
USA,263691558.5,13779617355,60.37733794
Sweden,833836035.3,45718354947,53.50094653
USA,61314455.59,537311803.1,8.168909889
USA,194110373.7,1267050044,39.12196317
USA,1781561670,23851271348,25.43141157
USA,116253920.4,1870324437,41.71152201
Sweden,145472111.1,6674150622,38.51220682
USA,441302821,12054467738,31.34078735
UK,1095562122,39889992025,56.82497041
USA,98262553.92,1957668368,43.77430297
USA,544807557.5,59489109696,32.12291062
USA,4243651.342,65287757.37,15.52317244
USA,43936985.7,1864207207,26.136031
USA,97690590.47,12723283892,32.54227514
USA,248089622.2,26255678585,70.86806383
Australia,226872464,2341215619,26.60976292
USA,270185259.5,7111620416,20.65854097
UK,78834954.56,803950778.4,25.65770498
USA,595961599.6,49777894143,33.90441361
Japan,718473720.8,27756154456,53.08815925
Germany,668944291.1,46703319500,61.95222292
USA,157784087.5,2851921601,51.68294393
USA,191344949.2,12863411830,50.20826166
USA,82691443.63,2030526529,18.51271006
USA,74591628.99,2156411323,13.01196084
USA,46167979.95,465603289.5,42.60838329
Australia,117170300.5,3879313414,39.85367079
USA,1047549206,18339490913,82.6567638
Sweden,572679289,18126159085,37.24330797
USA,945242673.7,12129150964,54.04331476
USA,573950751.2,5723394115,50.92578773
UK,195735829.2,3420664444,20.02439436
USA,1927727876,90078000447,31.38423865
Japan,528756965,17860703229,54.09279932
South Korea,1403844796,24485950567,58.06333224
France,157784049.4,4059312772,32.90244842
France,214332114.8,10778715328,39.00000971
Japan,140334426.7,2514864676,38.54261213
USA,251847924.6,6605547272,11.75609829
USA,1124563737,54357905219,56.43390877
Japan,1003217929,16195329553,75.57420312
USA,184882437.7,2792804654,19.34146725
USA,327711313.3,7993493678,33.36586325
USA,39141128.23,498219185,47.78028338
USA,1901319606,22088503975,22.91123661
Australia,295885906.4,4220440397,53.60977399
USA,125288857.9,2376717656,41.43903729
USA,186651912.9,2108602080,67.85368227
South Korea,469039636.1,39612833152,68.92615537
USA,803452373.6,16435930120,78.59406795
USA,612146862.2,18998943980,66.612392
UK,469484568.5,12429701971,48.84743637
France,43925740.12,1115386960,39.05083352
USA,1426179415,31753933259,82.72194074
USA,900749419.4,28225263384,54.67413143
USA,550053095.1,53215451863,48.82993258
USA,530044019.3,5396899642,19.72577512
UK,255641388.6,6571940292,11.68292753
Canada,179043717.4,5700495349,63.60977809
UK,198731871.1,10882680605,58.81857442
USA,892184133.9,21722450642,31.40413035
Netherlands,278757086.6,16205752152,25.24330312
USA,161001575.7,2948429589,59.26831289
USA,515925675.7,21512061607,30.14227417
Japan,61444070.91,1078128614,64.43200793
USA,584259769.4,11964851177,46.86805413
France,1759165344,41642329611,38.42334803
USA,167416169.6,6875931326,53.04879815
USA,143345976.8,4673732746,64.68294926
USA,778255485.8,16504677085,22.99175582
South Korea,1177818396,16850460417,39.85724068
USA,1182410435,66240703483,66.77531639
USA,455307695.8,16814571816,26.92577803
USA,232102374.8,4047257087,49.87806514
Germany,12361159.58,260041762.7,42.33932491
USA,1214527936,29504079757,87.78401631
South Korea,920762628.3,17646142040,59.80138394
USA,750606174.7,50017541027,67.25328061
USA,346061849.3,7984287521,27.97561714
South Korea,2346303057,50645303130,36.31596034
Germany,19061511.66,358521961.8,51.57699616
USA,1523993833,34603211269,89.50034237
USA,1880140708,53767697990,45.70143952
USA,594723383.4,22993363591,74.90105515
USA,176674278.5,4218045010,57.63416588
USA,1053239746,49331186192,60.3445251
USA,110934149.4,6133518696,48.53660118
USA,184713506.6,8129319771,22.81855987
USA,296872843.8,7223516766,20.07317487
USA,54096321.15,1665261615,5.568012158
USA,952961046.9,29159109249,23.49782906
Sweden,5823958.799,162743231.4,10.14200472
Canada,52415362.61,844783479,50.20180885
Netherlands,35502660.26,277793672.6,37.52616934
Japan,51353806.32,702375231.4,49.54411058
USA,153864750.1,2689517761,48.13902789
Australia,130057823.9,1497965523,40.51220764
Australia,134904700.7,5858977312,58.91754353
USA,40528147.87,1152849178,24.19283154
USA,32850734.3,309413828.3,32.32437387
USA,276501024.5,14690351113,24.55051933
Netherlands,516690545.5,16039656810,18.76082627
USA,1679125189,71325615939,82.52640992
USA,135631056.4,518649481.4,49.03588918
USA,935802106.4,42360635303,37.48914524
USA,1006435990,63968919549,42.9205568
USA,1128118781,22203856319,58.71510163
USA,62725604.35,2070265590,5.388639901
Germany,937293377.3,58536688884,58.10678353
USA,93727591.99,3062899197,27.7317146
USA,188966125.5,3460056340,48.73172321
USA,241247105.4,1322175959,64.80490053
USA,683247017.8,34619281153,65.99319312
Canada,946424928.5,45186438170,64.68965435
Canada,41771322.78,197525971.3,61.23320268
Germany,236182774.9,16675188820,22.64536392
USA,358008715.2,7474752554,21.33402319
USA,8091030.369,133049131.5,27.89985819
USA,190541605.6,6283315124,57.48782436
USA,1309102794,27942378821,45.18002401
Japan,369046178.5,6437668352,54.48782313
USA,538992171.8,13622134014,55.30517094
USA,1630562962,46559942495,54.17444156
Canada,1646624420,39404033747,48.96028646
Japan,98740287.67,4748559921,20.19512614
USA,79835865.22,1200463842,34.68610859
Japan,1148571623,44591946011,37.64122477
UK,1140702795,33440450408,53.76165428
South Korea,74358224.58,1613231736,40.87445147
Netherlands,1348395235,15705657663,50.54625864
USA,586314562.2,25053684715,20.52141552
Netherlands,1821979742,49018977456,87.93609584
USA,9030358.861,110456721.9,51.78626379
USA,2408026245,45917593953,71.88084326
USA,384533713.9,13018867513,62.43094702
USA,310059150.5,7702131446,59.88249238
USA,470075691.2,17850560608,46.81856957
USA,1591680397,37000366601,86.02423897
UK,820263603,15763917439,18.88453766
Australia,162785798.5,2518514179,63.95124164
France,126465889.1,2582986418,48.58538168
UK,115502373.8,1437598023,68.0488043
Netherlands,103217750.7,4601497980,37.48781616
USA,990721970.8,17927503783,78.20300632
USA,1549662581,49261780662,61.99567421
USA,1695626768,73581719971,61.66978952
UK,85304260.96,4819421217,53.02440789
USA,311484549.7,6403728250,28.29269044
South Korea,208349610.6,8192387734,59.75878099
USA,405649042.7,18718561930,37.54021531
USA,1763893522,23751924899,23.71508552
USA,493917748.6,18810292782,69.72991904
USA,94041848.52,4789250004,34.90244924
UK,159449347.1,18923872370,57.13609951
Germany,1705919191,52535806784,84.63379761
UK,63957785.66,1675568649,19.70852511
UK,2269047609,75379778019,66.81876768
Japan,770910855.2,52862443482,43.61577748
USA,338600039.2,6618301588,35.00001026
USA,984362700.8,42010860827,77.52951128
Netherlands,79589316.26,669748313.1,18.60239619
USA,168372835,4307769382,15.02439231
USA,1780003476,32506065492,75.4221236
USA,162079503.6,13474186050,38.9010406
Canada,100284005.2,1160706038,33.6696658
USA,11059751.73,153739675.9,17.40658114
Australia,1520037842,61587388362,38.27126851
USA,17575522.38,241793313,30.73991893
USA,510443779.4,16898664465,48.27836398
USA,1370656773,33281720047,70.81628659
South Korea,56005175.08,1062712304,15.49327706
USA,268044759.7,6721739457,15.07422684
USA,197448474.5,4796363496,47.63416178
South Korea,89654202.17,3839405266,52.73172485
USA,1314902387,20281660079,59.86656088
USA,628299406.2,34928342562,29.66791259
USA,14010353,78976140.8,25.68760035
USA,112670453.1,7752885563,66.02441322
France,2553374217,65365061980,21.10800797
South Korea,29087360.48,1161051353,10.59043536
Germany,23523554.49,619124604,36.86847106
Germany,114042666.1,1090924045,14.86547416
USA,530162934.9,4888773241,19.37938322
USA,413483005.7,5984051750,68.46806286
USA,1361793007,49401738630,86.87153917
USA,126307804.8,2153196109,12.92227471
USA,820150728.7,30845971592,45.87524469
Japan,391152637.5,14099201556,31.05773846
South Korea,281217880.8,5824204782,51.58538291
USA,57551367.06,505450334.9,27.98954432
USA,313846712.8,3790466138,60.56099635
USA,2044587481,39614661369,34.96897028
USA,1452211525,82334540205,48.91683517
USA,2229180426,64019572227,87.84919325
USA,898940472,31819341538,88.54441393
Japan,1423217361,48659257366,78.50716536
France,192665278.5,7331144518,17.43902745
UK,506447788.8,12586015935,27.5195927
USA,596710808,24040196670,76.87774189
USA,953919505.6,42115970523,41.5083898
USA,129010531.8,2995781688,16.31707577
USA,116493436.4,1640885616,56.47983786
USA,426326882.3,23217483872,25.96082918
Japan,500260784.5,5613030354,65.07837077
USA,357370503,3698941242,64.31709545
USA,157392806.6,5557705343,53.53660323
USA,2429038979,25325176153,30.05897422
USA,1012120012,30465635455,73.37991285
USA,111758420.7,1392058978,13.80487962
USA,46574426.8,591772613.9,62.21975009
USA,100009571.8,1560476369,21.62182919
USA,1765801431,19139299302,50.98077156
USA,1377756890,45976161622,89.63069624
USA,1478698946,51034750268,59.71448136
UK,1495841643,41612735162,79.4630938
USA,1199451836,24529165856,35.36003191
USA,31829629.05,870558738.5,7.45142086
USA,852172633.3,10107737399,74.60414781
USA,391884299.5,18299761065,49.7134161
USA,55142812.97,2246509074,35.76234214
France,164174913.2,2013051813,41.85367161
USA,872235983.2,58395623809,73.42336414
Netherlands,277793468.8,9909222881,21.25979635
USA,113600979.1,1696641833,35.73244676
USA,291057972.4,3721250710,68.95124369
USA,655326400.9,23739718094,76.03044169
USA,144672654.9,4918637290,15.73170968
USA,1928747723,33193131549,65.86283925
Japan,950402153.1,26427008988,24.4103062
USA,171126573.8,2833054474,62.53660692
USA,1200303111,20160421526,20.76039763
USA,889724454.4,20365022485,68.83925278
Netherlands,600452538.8,14786114408,31.82474908
Germany,806635013.7,33785452329,82.74366638
UK,432634148.8,8189313355,51.49486012
UK,2113701181,55315892302,27.47362232
USA,375580928.4,11271700029,74.13404453
USA,782229131.7,20616346366,62.77733891
USA,1202773002,21855429967,88.60959087
USA,154631311.7,4229228840,46.80489315
UK,218007905.6,2403569357,59.3170934
USA,72000117.76,473123836.9,63.41556514
USA,1168113646,82948728946,79.70207591
USA,101144812.6,2311917966,53.10166035
USA,41956791.78,1773639346,29.66368539
South Korea,134578276.3,13465813953,29.91959367
South Korea,468533630,17402705146,40.80619601
USA,1742692509,30361923726,67.90504999
USA,569318863.2,15209809158,38.18436592
USA,226562447.2,2115280607,56.58538496
USA,184017540.3,4582780312,17.21951517
South Korea,136244151.3,3740304195,61.53660651
USA,2097814088,61452661423,49.41652503
USA,543230677.5,40635891506,87.47985726
USA,37649621.86,366777244.3,56.83858237
USA,249039826.2,5934245754,67.36587719
South Korea,906491102.5,20120495962,27.86598459
USA,691559329.7,18733873767,33.40825487
USA,184790189.8,1839032384,14.97561181
Canada,2056735597,55884042178,26.23526048
USA,224648445.5,2796723603,64.87807129
USA,55370802.08,429520187.8,31.84604785
Australia,509386102,13404648000,19.05773361
USA,82275565.36,5135216054,24.07317651
USA,809145276.4,17435735142,23.58473164
USA,188758506.1,8174514477,19.84948651
Canada,1922487752,61315421998,68.4699168
Netherlands,2025333057,23697206756,89.39171413
UK,178946048.5,666146370.8,63.23619288
USA,2227888742,74143530526,63.23403605
UK,1521243949,65564995284,72.83677169
USA,67830632.62,1392521838,58.09418817
USA,720569828,25726807827,38.6783601
USA,460102094.1,20095298084,27.14845853
USA,286093457,2732343919,62.04880184
Sweden,63532216.33,864975970.2,38.09418148
USA,536215142.3,13554044385,25.34227223
USA,107027016,2181631956,28.31839346
Sweden,60825408.47,755508424.7,18.09417479
Japan,982919476.2,43712885533,61.1918253
USA,282386784.1,1769594853,14.87805079
USA,197634215.1,4758092592,31.90244801
Netherlands,188679944.6,1564328142,18.82927192
South Korea,346571124.5,2807662173,37.12196235
USA,40177288.5,1429702597,31.1584542
USA,198770989,3588752847,68.80490217
Netherlands,157743740.2,1851675644,62.60977768
Canada,31107523.38,543553726,35.61286526
USA,979365166.2,22625981244,59.30169408
USA,1370116692,66428697970,79.81070414
USA,1195100705,55186041239,33.73060844
USA,1860587600,59353681061,61.08319707
Australia,369220720.3,4191594061,67.52785629
USA,142202190.6,1799048732,11.00897063
USA,267713251.1,8653093161,51.00001682
USA,72758667.81,4563212589,15.21951435
Japan,1244849703,24653649801,21.39044137
USA,48292062.9,430400248.6,22.18984134
USA,1506858117,19308257525,54.06581333
USA,38750082.37,606723307.5,16.15097534
USA,1233430026,40215750923,64.27686707
USA,132294826.9,5824313198,24.37732339
USA,515170772.6,16430165634,45.97733212
USA,916195186.4,79970197063,83.7864974
Australia,361568467.6,9077665198,70.76909471
USA,60908486.8,2382899159,57.7317269
USA,54559473.59,1523248335,21.47235231
USA,534442599.2,17282772464,26.97526258
USA,149725712,1900406544,60.48782559
Canada,82658959.14,4870027320,53.58538373
Japan,1148512450,57389231681,75.3786723
USA,290744479.9,5628908954,33.02439969
USA,630497414.4,11694151342,41.12784562
USA,1872565150,29924988772,30.71074361
USA,433123363.7,9323296949,47.98145664
USA,273275544.6,4172412097,32.58537512
USA,1726641602,50539625477,37.61949912
USA,99311326.69,5583902038,40.60976866
Japan,2063806452,41594215083,46.91807571
USA,67574910.98,375590137.5,50.53065799
Japan,1663599822,47273695611,33.9913162
UK,163006649.5,6861600572,15.5609779
USA,86584887,376300646.7,58.54261882
Germany,736778086.4,31730950710,40.3352049
UK,328115549.3,3605018964,30.17073999
USA,1769208142,52428301104,66.47115734
USA,608329757.3,11675687348,72.72373468
USA,1372130786,46352628192,51.21975367
USA,1333292320,20705079773,46.33148327
Canada,26993739.25,1038286048,7.750374622
USA,182458095.9,16277051554,56.93816129
UK,198922396.4,5297471998,28.19512942
USA,85167720.45,913808577.8,26.2556125
Canada,331424427.8,17989447069,48.6989827
USA,112042812.7,1315342519,52.95218346
USA,30246873.91,676835742.5,60.84456279
Australia,209189221.6,4439024597,59.41465442
Netherlands,26939290.61,348939801.3,58.78178183
Canada,446644330.5,7003604223,56.5917694
USA,67824395.58,4960433844,10.65853687
USA,35810217.89,790900050.7,17.22720888
USA,382950684,7862105659,18.24123843
USA,1786846213,64004923487,48.06953497
UK,355497446.1,2914154359,42.39025719
USA,2066950422,82427123150,76.48668026
USA,229442696.7,1437028244,20.34146766
USA,662306604.9,30047474083,32.4922466
USA,247769239.6,13239853455,50.80207634
USA,1540161141,33549979555,37.4239683
USA,195680806.7,1846329584,39.14635342
USA,1254643745,29605154301,72.90194863
USA,290696528.2,6120301693,54.0244083
USA,49000673.1,848225334,43.95367522
USA,128501962.7,5181267334,52.02440748
USA,1059486124,30006295865,88.17507794
South Korea,352913617.3,5614056695,21.4878096
Sweden,211744031.5,3454510019,67.60977973
Netherlands,827123767.1,12271902154,26.75258208
USA,551793864.3,28345712104,33.75233409
USA,66448804.42,3160433749,15.75609993
USA,475694463.1,4919408581,47.38764197
Canada,533582147.8,15603107648,47.78351841
USA,77608840.86,409776193.8,46.43499145
USA,428463604.1,12009340130,49.76290066
USA,520121073.3,24419010494,35.31658062
USA,39158477.32,329904121,17.13752275
Japan,337636858.8,4172605752,20.92683376
USA,27948203.1,843234431.8,38.60240288
USA,118356744.5,3771041197,25.29268921
Germany,104238841.2,1947230709,16.59940598
USA,564357039,17349054358,26.10928285
USA,157962154.5,20230052323,74.97528198
USA,1725083929,32834812292,22.6722545
USA,439324123.9,17302042560,53.37527325
USA,1339082194,84393833948,22.65052885
UK,167096786,5844251714,26.24390911
USA,554224933.8,45653821975,52.47984115
South Korea,112776528,1544491207,41.95068502
USA,251890863.7,9669915048,38.40619504
USA,658723751.6,10065228257,59.95671921
Sweden,1263817471,71457243509,49.13409163
USA,35858679.22,781247998.6,45.95666543
USA,328770452.4,15188537027,51.89073657
USA,129596882.4,2255158173,19.02093146
UK,163231394,17073390986,23.95670466
USA,918084606.1,13873239800,48.19988884
USA,1274728549,30728706390,82.48295863
USA,252140903.5,12639636862,26.05979829
UK,105622914.9,1072166050,54.68294516
USA,1718321698,75021688771,85.11176182
USA,463816424.7,15517813783,59.93197693
USA,215394193.4,3514047341,14.2926847
USA,1410118864,36586294679,88.19680359
France,795346519.8,23008937821,53.13161054
USA,983174615.6,62937117916,55.9776702
USA,74273511.08,409347291,39.64874105
USA,73722112.46,610907045.9,8.258596018
Germany,305609568.5,1620772030,19.87805284
Germany,183250004,7040966693,21.73171214
USA,72542195.38,3119522902,59.36587391
USA,329571250.3,8154848701,58.39026375
Germany,62435764.68,4213233068,29.24391034
Germany,274259064.9,3791868083,17.87805202
USA,15716625.45,465815080.6,42.57848792
USA,1817823101,42607234928,32.60087484
USA,2089631230,31777379676,23.62818293
USA,416168691.9,42741888443,74.64000033
South Korea,2519866503,80956979112,26.47424259
Germany,310073019.8,19664024040,66.88455706
Canada,1284485768,21108217897,62.38673585
Netherlands,325869226.2,6807800951,69.18558892
USA,1829447969,60199733862,43.85475959
USA,587979033.1,16185823277,22.39794114
USA,661319377,7643441698,31.99794502
France,159917805.9,1361887788,49.56099184
Sweden,399135266.5,20250507110,70.71961016
USA,255734156,3574396314,13.51219657
USA,1182893534,55160144400,36.07697824
USA,78474477.78,2014342718,62.19514336
USA,1114315764,26509214566,67.42708578
USA,171340780.3,16432544654,29.44949039
Sweden,625519040.8,35513528892,89.78277577
Canada,142100099.6,5575422309,51.70733418
USA,108740842.3,1794894905,56.15098872
USA,102437867.9,979882670.3,56.39015173
USA,290444039.2,7547306856,29.92683745
Netherlands,36732768.52,387869015.5,57.97460667
Germany,133304502.1,1042292517,31.6666756
Canada,44345284.61,620776818,14.08819438
USA,1282436016,50461697102,64.92863646
UK,36149463.99,581314781.6,43.3557677
Japan,496260858.2,23230731407,56.41857345
Germany,203984990.4,2416339540,27.00000698
Australia,350609550,6536645699,59.01651265
USA,268247265.5,4413521251,30.56098405
USA,906890361.4,73517699987,88.73994475
USA,318116780.1,24791314995,48.60001359
South Korea,1110592757,30404906623,32.44879531
USA,1492494193,40066812182,74.03168224
USA,295506351.9,1985256824,43.78050166
UK,492491803.3,14115120027,42.9587742
USA,5479915.693,211250588.6,36.92826181
Japan,54319250.5,1121859581,37.49627396
USA,126222723.8,1499139710,64.37221718
USA,451187988.5,17375141740,46.47217768
USA,1333441255,12520424894,37.44569395
Japan,56092026.35,1050039098,5.597907534
USA,1326856909,33339858221,22.93296225
USA,189641755.5,26200824195,16.95463998
USA,584708660.2,19546537599,51.44537556
Canada,34458147.78,532533975.1,19.40957135
USA,53181941.87,1257009107,48.55756316
Japan,437855063.3,7247571935,30.16701645
USA,313268777.1,10426937179,61.78764779
USA,432555814.5,15251541302,48.30310625
USA,1210141255,60459663582,37.09808361
UK,1291629427,59121130278,78.11610373
Australia,267616962.6,1519350919,63.80490012
USA,304557048.1,8225074492,52.01444796
Canada,288543182.2,12359290867,30.24124328
France,51208716.1,1242386198,17.28699964
South Korea,1697221224,37206151948,71.27252516
USA,723092600.3,55246903956,23.97579327
Australia,78781863.73,5065540590,56.8292875
USA,172290512,3274862983,59.65855696
USA,20788873.86,498231340.2,34.65621322
Germany,183316269.7,2204484185,67.24392592
USA,528130183.9,12645416956,40.06392767
UK,663654904.7,10517250233,32.27011008
USA,143691967.9,3263348678,35.29269331
USA,664428506.6,11578108347,54.61238715
Australia,111380879.2,1825379097,37.58537717
Japan,1086538270,17025803235,38.5971532
South Korea,137456414.2,5681486722,50.67836495
USA,1077124911,51264880539,73.09747945
France,699615506,11290732767,74.2824982
USA,709518275.1,23177501174,32.83918248
USA,297474787.9,13573729017,25.78763324
USA,1927285519,53788147699,54.28306979
USA,135639734,3411337985,36.60976702
USA,252051526.6,7614583603,25.88660235
UK,141040529.4,1451747368,28.37818421
South Korea,1698040713,27786096045,74.31411564
Japan,1143405667,50902062253,71.29425081
UK,13358061.69,144469429.1,6.733931831
Canada,274066447,7242449901,48.10516803
USA,107010162.6,1977902114,14.51219698
USA,283829356.5,5356624961,37.63918442
USA,1436743477,60082763466,36.46803987
USA,631108764.7,19247138177,65.74641227
UK,65356951.67,3330332628,61.78050904
USA,100144264.4,2859020501,24.80488413
USA,155858664.7,2345747689,57.5560714
Australia,565769809.5,15921040802,46.4474354
USA,162149872.4,4012870170,54.70733541
Germany,8321491.036,230612537.6,18.36323318
Germany,355799451.4,13703555230,70.0020841
USA,63303273.21,2231846197,61.43904549
USA,546993952.4,6186323948,33.55670854
USA,314096487,15423017217,68.12167096
USA,882086318,34886623411,58.19368612
USA,314404209.9,6348959234,29.73171542
Germany,328053988.1,6677073492,20.29268716
Japan,1196713355,27926490465,64.25514142
USA,127521095.1,2619181157,17.31689501
Canada,37481396.8,562927271.2,21.92078295
USA,50366650.18,1522045651,29.00598711
USA,1139688362,31318427168,42.26878742
France,148912245.6,10668289176,49.04537459
USA,24801177.49,276827790.7,36.03140052
USA,577748347.5,20249857571,17.22680503
USA,585641043.1,14843476889,17.05360909
USA,2115184059,25279962588,32.2532645
USA,2105099927,68726037696,34.12167007
USA,245125456.8,5875367461,37.63415768
USA,1440704758,59775659722,65.73248537
UK,380602906.5,5825308602,55.87424333
Australia,178042246.3,14099983323,71.73404356
UK,637955537.8,7129651398,32.07217186
Canada,829510181.9,29021815335,52.54501809
Canada,620775083.2,66284551427,89.2830859
USA,1803897670,19742275126,41.42148721
USA,531110054.1,13867487142,42.43918636
Canada,207196719.7,13602234557,18.43917666
Germany,181633721.5,12055530885,42.34021725
South Korea,1224498610,42015026626,61.62633823
USA,50869280.14,1711074911,37.67564622
USA,93537507.68,3622999026,39.48781698
USA,687212006.6,20672890941,35.288668
USA,71236794.75,4731933592,27.65854384
UK,126625982.8,2678120281,24.68293286
USA,157704501.9,3189625310,43.17074532
USA,123953415.1,15403311160,29.59794405
USA,230245536.7,1553855524,17.36585669
USA,430133169.7,12757096366,30.19175873
France,669467866,19716077099,44.59176455
USA,863206663.2,21212226371,24.08442151
USA,18230899.37,293202950.9,46.52467758
UK,1875311876,55681002270,70.1645172
USA,143362699.5,1488069304,26.87805571
USA,182395064.7,2387687935,39.3170852
France,1231010615,28442920689,82.3308791
USA,334084468.5,11794875151,15.24742279
Japan,232995713.1,19195694883,19.75051739
USA,1222951526,15736449353,26.06145531
USA,997764429.3,37431869145,69.317217
USA,67903754.61,503311789.9,26.58446164
USA,71581599.83,597470207.3,33.81914268
USA,1025468732,31328794049,45.2669266
UK,2277380931,66891028795,60.99629449
USA,579087613.7,41092640495,85.54627475
USA,903515901.9,43799161278,71.14217128
Australia,1016485980,15610953440,87.28432645
USA,942188566.1,23669881029,45.00621884
USA,358471339.1,18073097835,15.32164962
Canada,1136393244,45905904909,28.40782511
France,42762618.63,694166415,19.23019909
Germany,619220184,21967565636,34.76908016
USA,122406854.2,4217550588,57.56099512
USA,213345557.1,4962781625,16.53658806
USA,214827399.8,8778486215,15.6927838
USA,238818585.9,7018564686,53.48782272
USA,22907573.79,822051559,55.52318582
Netherlands,213857256,4225609929,20.39024817
Japan,1014600726,19686528240,50.43763041
South Korea,392994476.1,6999521602,56.88867673
USA,114226791.7,6083610568,74.65363237
USA,169760204.8,15088431480,67.08249529
USA,529821801.6,6088627942,21.55670369
USA,127992529.5,12978286188,44.44331088
USA,959512465.7,48364280424,79.89760672
USA,540250294,15680240505,43.35465065
USA,516612026.8,18176981733,30.62384103
USA,191214979.5,4194837255,63.51221707
USA,1354559182,58894693755,28.99441756
UK,1754018471,32834184285,74.35756693
South Korea,1073243889,92804646529,47.59157075
Canada,253635000,3849454861,35.58537635
South Korea,96017681.61,1405269120,58.0642928
South Korea,161912704.2,6151513565,29.57320178
Germany,87895183.17,4059232100,45.41464868
USA,957328061.1,17558853461,41.24768204
Germany,227345502,3495952939,18.00000329
Canada,719953768.9,72536214147,53.1098849
Sweden,157051496.7,1077275433,33.3902535
USA,150596519,1943705072,31.06876807
Australia,439854762.7,13551283395,48.35259081
USA,109935270.3,2016447955,55.41465278
USA,869823183.1,20454537941,55.28244952
USA,134488233,1806052704,25.02990208
Japan,756169272,61138745693,66.14527265
Japan,552653786.9,42751509040,27.08256069
USA,1295643891,49331485819,62.53881537
USA,689153447.8,9771804337,69.90311498
USA,499639744.8,10896755209,66.56290745
USA,233323797.9,5995646461,69.33404259
USA,101017442.5,1015801823,20.66517715
USA,1071885881,19750001075,63.75545156
Australia,117434952.1,5953235800,49.48782108
USA,77782451.4,2168456073,56.44994248
USA,129626274.2,1499015170,15.39024612
USA,80633662.61,1519869403,52.17490368
USA,129654563.4,1031736243,37.85501847
UK,88965784.12,1385989098,17.85501178
Japan,104407498.2,2004760442,62.13006396
USA,597674813.5,19058740443,73.24332252
USA,992903410.2,30886836322,47.33086299
USA,18710875.79,408917684.9,45.32886253
USA,126116745.5,932271847.5,26.07624024
UK,90100586.75,2395555649,11.36585423
Sweden,229327092,1929101761,65.07319332
Japan,45689152.98,669192941,13.3109146
USA,184245767.7,1717771212,47.07318594
USA,66067362.18,3003434597,52.00001723
Sweden,582668058,19061178132,43.00825875
Germany,1602926732,42433742374,20.30415906
USA,853309222.7,17230281616,66.9587839
USA,233791039.2,4954257602,62.92685098
USA,612072974.7,13290002563,33.06186298
Japan,251472888.6,2575203343,44.07318471
Australia,87152200.28,2858534050,54.04879856
USA,2100568273,68241048306,64.18996448
USA,1401015505,67751591388,83.30853318
USA,98428724.44,3835089053,18.58536938
USA,109676962.6,1302840648,52.08521755
USA,383302605.7,27253803542,46.94228096
Sweden,253404835.1,1318021031,66.56099881
USA,676449361.9,15483106311,65.35053582
Japan,279601697.5,8540205323,65.95124246
USA,107279056.7,5179668438,48.43904016
USA,1433076527,32801618175,34.68653688
USA,337731199.3,2202120464,14.31707495
USA,1423548587,38843084648,21.54252089
USA,430929980.1,11313448980,28.63299521
France,641304085.2,17551296575,58.47218253
Canada,1123328535,12408934591,48.63440177
USA,821847270.8,20138797070,70.2247646
Canada,348413776.1,5318501111,15.00000206
USA,105286510.5,6602413417,55.3546555
Germany,186384541.4,20164807415,33.2598012
USA,224721819.2,1507935784,19.24390624
USA,573776128.3,9829128251,16.9298977
South Korea,136382633.3,4617645528,56.49280029
Germany,1405975750,18094325526,22.25946722
USA,340970340,17854689171,40.43506184
USA,190094168.9,2403119922,61.65855778
UK,651002069.5,7287339747,25.66392185
USA,556446000.8,9135167879,33.85361588
UK,60131388.41,645991162.6,25.44843734
USA,133849147.9,2188435404,5.837070544
USA,376592968,10496413485,28.43505699
Sweden,1281459186,28361932703,71.38115339
UK,131971899.5,8276249989,49.97562616
France,1560409813,43201547461,24.23650103
UK,100969079.4,1464564913,12.38415794
USA,327373255.6,11373216723,16.85567086
USA,532232816.2,10720101570,22.96701354
USA,158520817.2,4212639463,46.63416137
Germany,1721489945,42256070594,44.72378544
USA,165913894,8336808847,37.76289581
USA,2010155913,59215731820,39.53135599
USA,758865984.8,17344052802,23.93196238
France,1247220413,45947346770,36.20733211
USA,154372941.7,2390310085,32.14635055
USA,168390261.7,5328508421,31.73171624
USA,195895715.6,1143981098,58.00001969
South Korea,1040480769,28587940508,81.28804808
USA,76254257.46,4494904028,25.09756718
USA,810651179.6,14219424864,20.54314117
USA,54021271.48,1383884932,35.07474849
Germany,26949138.12,285443377.1,26.97310153
Australia,1274971641,24025593353,38.35817109
USA,258537131.9,5641820614,38.46342631
USA,633364662.8,18446495102,62.99505394
USA,396491828.7,5210164134,31.75610649
Netherlands,176338440.4,9966591461,32.31959464
Australia,118866436,2201229476,44.14635547
USA,1164093444,55070534517,40.29175361
USA,388154252,2647388513,69.46343902
France,86582269.75,2772095799,31.51719872
USA,147295833.4,13130565865,64.75672115
UK,177109522.8,6399731946,25.65854302
USA,1310501377,61447685079,73.14093074
USA,13651374.11,210345325.8,7.989537632
USA,937952335,82044625990,40.11794844
USA,238463658.6,2856910683,52.29270028
USA,117847733.9,3626710412,20.73171173
USA,1545471035,29629955831,23.67163423
UK,2030627688,56822975342,31.73184899
UK,217367353.7,1681051008,51.60977317
USA,2119753427,81599295100,83.39543577
Australia,316417449.8,6337730490,17.00000288
South Korea,817508751.3,22625994144,35.90317307
USA,2656879471,66622026115,73.66234625
USA,1292319451,20279893556,75.11796455
Canada,682443947.5,31344135549,25.75729627
Australia,63091021.74,3037715771,41.36586653
USA,1692113349,80586497519,25.23588076
USA,180587686.5,4000944078,54.19514008
USA,152616194.3,5988160775,57.36587309
USA,10003451.25,152734881.1,61.89090095
USA,34674521.83,293266818.9,31.75636173
USA,568654916.2,13048940827,15.47010329
USA,173880458.6,2203238882,67.80490176
USA,40561491.83,1266070273,6.554559573
USA,1172823403,35100788046,28.55990463
Japan,551710509.2,22502784716,19.9731979
USA,98735564.86,849583875.1,32.95217677
South Korea,380312474.8,10574262028,38.95052515
USA,1879052232,54243702643,69.42584523
USA,1285975435,15607612269,56.2601036
Japan,40917381.97,448002471.9,52.83260196
Japan,154492408.8,4998093938,41.07318348
USA,1850174880,60068693256,52.32776163
USA,114470025.6,1243545518,20.2682969
Canada,156941463.6,965371812.7,29.78049592
USA,1089322106,57628450167,63.45129251
UK,540797901.4,11094400594,24.57526161
USA,194192759,16554040816,33.70516221
South Korea,552583053,11737179551,70.10105321
USA,37585061.85,1049946158,12.14499493
USA,337667046.6,9092664896,21.01237357
Canada,118220934.3,4651453705,39.26830469
USA,1240634934,91537636962,80.54937611
USA,135922271.3,3645241052,36.65854753
USA,358644665.6,5136149627,40.65774234
USA,107180771.6,4222089549,66.58538906
Canada,1099651655,70851345988,67.94850129
USA,80544766.45,2027484252,31.21824495
USA,2200523786,59809616152,63.8206285
USA,860168704.4,39660166071,86.24149543
USA,37759442.05,692037001.9,41.83110351
Japan,1512887145,67465274261,65.40660067
Japan,157482816.1,4150991002,54.51221338
USA,25641986.87,688565655.1,15.67264932
USA,60955641.92,862662494.2,12.77279783
USA,237673766.1,15982808565,45.72990934
USA,422694329.7,11384543193,37.11959658
USA,335729784.8,7218519092,52.34148078
USA,167398360,4887039698,69.43904877
USA,445242459.5,16662611014,25.86186007
USA,158710945.9,17627091165,70.05156865
USA,334935044.2,18094903012,39.42062844
USA,783103838,23894735375,55.15671727
USA,195225118.3,4938643890,15.85366095
USA,184872276,2694720182,52.36587104
USA,1208216654,60113297014,43.05091068
Canada,897033642.3,19356117777,69.4330117
USA,273156319,5558429757,49.70733336
UK,222044814.8,11016945190,68.44332058
USA,188904902.5,5794582860,36.12196194
UK,1810626162,66327794205,52.56674374
USA,641064547.9,66395435101,87.04534434
UK,164039103.9,19929369163,44.24537265
Japan,23346058.88,343961174.9,17.19731351
Canada,396305753.1,5609806643,48.52578676
USA,35397612.09,957607344.8,36.09119128
USA,1192298591,25786006640,85.48109781
USA,2070655365,72223094575,64.3854953
USA,816242098.1,61455936809,86.84981352
USA,469387607.7,6077442240,29.30103672
USA,2252114587,60541037593,69.79518122
USA,55294102.48,831733743.6,12.8026932
Japan,119093479.2,2281427802,54.3414816
France,30074050.11,670472057.4,61.17341192
USA,130754571.8,3813416800,22.51220026
USA,516061421.5,22222434501,45.95258984
USA,26219196.14,243753954.9,40.09717169
UK,782707020.6,51076758123,85.30729264
USA,125333837.3,2145849732,46.75611264
USA,49011095.16,221567239,64.40211256
Germany,418604982.2,38554029030,48.37369401
UK,53554890.84,743721391.2,22.07025983
USA,191626270.4,5200416659,43.24391608
Japan,213254945.3,3855300597,26.34147012
USA,122088599,2545086732,16.3303476
Japan,149933172.3,1576773101,54.14635957
Japan,1350009274,50177952718,20.63004375
Japan,202736667.8,1620390022,59.80489848
Sweden,838220253.7,20614519454,36.59839375
Netherlands,145488311.9,2129014443,59.20031709
USA,1070225824,86631741175,27.3215428
Japan,630618898.5,18218475239,15.61855696
USA,1807472647,44374737319,27.43017103
USA,639712760.3,26925400550,59.14961455
South Korea,71449621.22,3858047629,52.65855409
USA,92170664.15,1836604591,62.14636285
UK,708853135,60717808495,54.47860061
USA,519789364,13693320799,48.67424042
USA,7154559.387,231728542.5,62.57849461
USA,18867224.4,173813332.5,23.26607488
USA,583600633.4,13538411057,43.37939292
Netherlands,707855201.8,16156466780,19.87422878
Sweden,337559392.7,3510659110,36.87805981
USA,1199908718,39987364831,69.40411958
USA,1307428641,38369410909,38.79268402
USA,1052768735,30188754972,58.6064734
USA,296601699.4,2198423615,29.14634932
USA,102745663.3,6288257298,24.00000575
UK,158878497.4,910496404.2,13.58536733
USA,293206890.5,8465015285,34.9268395
USA,125879575.4,3171353126,52.87806637
USA,323718055.8,2015513291,21.63415112
Netherlands,353236313.2,10167652112,23.18969404
USA,766627751.4,26198108049,40.16139973
Japan,2472154680,84423501274,36.40286293
USA,740871699.1,46386956685,89.97830658
Netherlands,466375587.4,14653805219,33.6061931
USA,276666280.6,14012659542,61.71342095
USA,743143413.6,13461666378,21.82886875
USA,339966535.1,4989831893,38.23299909
Australia,540083403.3,11024085539,51.71754062
USA,114041694.8,5477269081,22.87805407
UK,43682777.75,680726249.9,7.032885593
USA,1245853594,63918531392,85.91561073
UK,8872599.251,233482016.5,15.94170771
Japan,1567398918,43300728811,58.75855292
Japan,679862078.6,38103664646,87.52330856
USA,289649988.9,5186931274,43.6585504
USA,193827259.3,4294264206,21.65854138
USA,217646831.4,4715677388,40.78050043
Germany,1228467738,61940537545,46.61391667
USA,981809354.8,39005414948,38.40162238
USA,807607626.3,64943054741,72.33708183
Australia,1230868301,56329184240,54.86966224
USA,204445566.5,16182882315,22.4474257
USA,472161028.9,15512015327,25.7134064
USA,1331411784,26530831171,30.01552293
Germany,658202906.3,9708789587,21.90309558
USA,63450074.88,1583813107,23.116598
USA,121771985.3,1104630690,42.36922028
USA,231717182.4,2975053326,18.34146684
USA,401747721.7,11962445892,23.41237454
USA,276871803.4,13847838604,21.35876547
Netherlands,110219638.6,3217695929,26.12195784
USA,197077040.7,20163726906,63.81651459
USA,187511733.5,24183577119,19.77525967
USA,186751586.3,4967995452,31.56098446
USA,1324725678,70127127559,80.9187121
USA,1725152008,24405721259,88.02299842
South Korea,238274063.5,8238362417,64.73197887
USA,13044835.62,456628190.8,10.56053999
USA,1645475189,47493586656,30.45003586
USA,924714689.8,24226695981,60.42682249
USA,735128563.6,26037076795,55.80386503
Netherlands,10322553.6,229835109.6,10.47085386
USA,163435598.9,1583823820,49.39026006
USA,287530406.9,6083769185,42.24391567
UK,601022799.9,21111410663,65.20208216
Japan,94324663.37,6369213069,28.14634891
USA,388105032.2,19691912518,24.08041605
USA,355043293.4,12822617346,28.03918054
Australia,98506980.53,2757272698,34.89537623
USA,17366853.9,467377085,42.54859254
USA,1190589674,42759294590,41.16077946
USA,1470902892,37774878216,88.39233441
USA,176591422.1,1338148615,44.75611182
USA,774888841.2,11010839826,55.25568638
USA,83991971.65,1668007227,36.44993579
Netherlands,528004399.6,6735217235,35.09072978
Japan,434651837.5,15401972310,26.62887069
USA,400727590.8,15154445366,15.3463919
USA,1765500406,18510641689,85.00313359
USA,1323033249,37230668412,68.16575775
USA,1879366563,41767586099,53.80510558
Japan,175491682,1073930867,38.58537758
Japan,1043244118,37717937077,27.21291457
USA,1392859011,64982394262,75.20486713
USA,1665668647,67065030839,66.57978557
USA,737138315.6,9333448023,50.05980799
South Korea,1053216818,42079351212,26.9956581
Japan,378330257,12147946246,16.41030986
USA,298083283,4476849290,40.2195246
USA,183973343,1186720881,60.60977686
Australia,399116171.9,5886348332,21.58537061
USA,55232404.02,621577479.4,38.03439073
USA,215448508.1,19260101745,72.89693063
USA,67402339.46,457957073.1,43.17639544
USA,280317328.7,3707174433,41.53659831
UK,2318577636,29110586490,30.97145137
Germany,1687958144,67130093368,39.66170987
USA,296230718.7,3788245217,13.04878175
USA,381346484.3,4742965353,13.073172
Japan,749052050.1,10392467774,53.96908792
USA,167606051.7,6902748694,57.31709258
Canada,39552388.56,410398144.4,26.43498476
France,76699721.19,2796236475,13.24390378
USA,2490771046,88501532407,81.04906597
UK,105129566,1881813265,25.17937896
France,676301284.3,9430743033,26.18350968
UK,246757128.1,1734544255,69.34148775
USA,1842816665,37224412111,59.43204796
USA,385729101.6,13349097489,25.91134463
USA,214032053,7595261325,25.21856084
Canada,777092787.5,15729311296,84.13410774
USA,415838373.9,29111770431,63.2557617
USA,82313317.94,683655513,55.46339507
USA,43342648.83,638873927.5,41.53214975
South Korea,2692106864,53690380070,30.81937184
USA,541573997.1,25326931961,47.0165078
South Korea,424523627.4,45943942142,86.95844175
South Korea,169866789.6,1286547260,44.94022264
USA,365028435.6,7739266240,28.5340261
USA,278838401.1,20172158493,22.27422975
Canada,333083299.5,7740214528,52.7561151
USA,1542352705,35189301746,86.4153006
USA,114825731.1,5804457928,64.70733951
USA,730263258.8,25206414548,35.90722495
South Korea,148326140.3,1652535864,7.511211612
UK,144390379,1437991687,62.81765762
USA,151793066.6,3202353203,22.02439518
USA,103035925.8,954569297.7,42.90733705
USA,213631358.1,3089984908,42.85367202
USA,123639231.8,1860668588,19.05082683
USA,622359415,30702301656,34.42582912
Canada,1186389667,48596209083,32.23153885
USA,122038235.1,2692378948,19.92683335
USA,268160380.7,5453812188,38.75258693
USA,142819556,17431982719,33.13608981
USA,210577729,2549066135,60.92685016
Germany,755383477.9,22195110490,77.02982142
USA,356434146.3,5612255519,65.46343738
USA,848063445.7,43456842321,36.66357068
USA,2171491689,39964220840,26.4307913
South Korea,199488552.5,5220702194,54.09757907
USA,690693742.3,51814946694,46.1142268
USA,138151356.5,2794616411,63.3902658
South Korea,389590990.4,23606961221,52.43506669
USA,98430534.6,1596310565,12.44394869
USA,521997984.8,17862328075,34.556183
South Korea,1345594282,42094338292,84.24273597
South Korea,227721825.6,2607971546,28.78049551
USA,1481657888,33402403826,70.27314543
USA,188410309.2,2128237201,34.39025391
USA,211469871.5,10626435554,51.09898367
USA,90142453.49,2800721240,54.73172567
Australia,49829344.57,455690291.8,15.43348631
USA,733421291.5,20091561271,70.74435244
USA,237474205.4,2234160928,19.60976005
USA,802030512.3,33555962331,25.34450899
USA,52009547.44,1460076524,28.19881196
Japan,345379661.9,24518194638,60.84744122
USA,1244924126,48739224315,43.98511347
USA,2051461168,54461490679,45.09312143
USA,163506124.7,1153500005,5.298953772
USA,53076252.17,1170444368,55.31391819
Netherlands,146508636,2693825216,62.95124123
USA,146971533.4,3387245811,67.4634382
USA,79307367.57,1430980308,27.5112183
USA,105787542.5,2048469892,40.39025637
USA,1332973757,49992470700,82.56986121
UK,119305212.6,4342008237,29.19512983
USA,563115958.2,16371776615,58.42269797
USA,60145069.33,465701806.5,30.0224299
USA,331790622.8,5057373467,45.14635588
Netherlands,822849125.4,81705283854,80.96216339
USA,1115054023,37447446106,64.47239789
Sweden,999968755.4,60520284206,66.53633428
UK,192375258.6,8375651636,68.9876507
USA,166287161.3,2751136325,51.97562698
Netherlands,297915553.4,4459691489,30.2195205
USA,325447768.3,9821841516,66.78558795
UK,12309416.66,93870200.23,38.36323987
USA,109618138.8,2808326246,36.65920343
USA,148228929.2,4854676676,25.8780553
USA,171659629.5,2694007631,66.85368186
UK,32502257.7,736290968.6,54.05831238
USA,1823072277,48289606529,75.46557489
USA,94805689.64,2204698329,24.87805489
USA,625780503.6,18951894869,41.84537168
USA,278183730.7,18825000427,59.36290454
USA,151807869,1407920731,40.48581158
USA,691068845.8,13542477806,44.17114582
Japan,52437630.86,1333086724,9.6636787
USA,1445636173,27808769477,43.57232619
Germany,27411688.89,384126902.9,48.19881865
USA,407766274.3,24548687283,21.13608496
USA,984241473.1,61843887439,55.73868809
USA,1680529004,44642496584,73.51026673
USA,1157688857,37362929685,51.00249721
USA,101014587.3,929196478.2,5.119581515
USA,839381348.4,21660352962,29.79588228
USA,744216892.5,11924398273,56.39383117
Germany,92320075.35,1352073511,67.21953567
Germany,13490993.89,153532207.4,14.5665204
USA,116558913.8,2301344520,69.17075598
Germany,108287499.9,15007603606,41.74640257
Germany,328668173.2,10029811276,32.19588325
USA,795850204.2,34797880905,20.6517694
UK,1936994079,31997267497,41.98635402
Germany,139954822.7,11906758369,57.21032635
UK,886986934.7,22635023194,50.4810817
Canada,1774996589,35683820355,86.76291094
USA,196309948.6,4424223847,54.75611592
USA,2651689092,49971657589,60.14899428
France,114455134.1,4026405084,69.75612207
Netherlands,459480707.9,16964574782,20.66598168
USA,209562285,4086003211,25.00000616
Netherlands,84374251.2,2244107402,46.65855163
Netherlands,791960152.6,18880649181,35.83799613
UK,73012246.99,963672897.3,29.84305765
USA,2330361356,74426844602,31.79702592
Germany,844046963.1,53337375867,67.34018319
USA,190003167.8,2518904197,66.75612084
Germany,1148709943,35815540336,84.52516937
USA,1126527154,27343926590,83.91685128
USA,82025763.58,1412208878,10.08221397
USA,1637836292,39860069777,56.73806782
USA,296264530.5,8941645566,19.57732145
France,289668351.4,5800846340,32.65854589
Germany,218306937.9,6831282931,51.79176746
UK,204163987.6,13077522940,43.87423848
USA,2300802205,28001712053,54.60895449
Australia,214577598.9,4867189714,56.73172649
Germany,198745780.2,17863998019,32.09691414
USA,196071429.5,3279518289,13.9756114
Canada,196099181.4,20630256336,30.5628929
Canada,1472021273,47876659148,67.40536013
USA,1332486622,71797443908,76.42150332
USA,456636170.7,11470663464,53.64743831
USA,1012176497,14619977979,40.22657667
USA,918237078.7,22707810188,50.22037394
USA,993335775.3,54320237410,65.14589292
South Korea,136650954.6,15380675784,60.79795666
USA,1578737439,57624972008,27.56052491
USA,217311066.1,5091526455,63.6585586
USA,1076051378,45195434066,65.8411136
USA,1777202286,73877981757,61.56116129
UK,79019428.65,600117323.7,47.15248048
USA,300760914.2,4341469768,34.96701839
USA,1721548943,53183842927,83.37371012
Germany,2200171951,61999431302,50.80696639
USA,1147440494,21609014015,62.6474436
USA,65260991.09,3039512327,45.00001436
USA,686469191,19730213607,45.433002
USA,266540492.5,3137635751,51.8048952
USA,1477771569,23952563450,60.38797639
Germany,395226910,6210424213,18.73608399
Australia,250196505,1676294570,37.68293819
USA,1513466035,37190839039,82.80884332
USA,47182009.31,371629465.3,52.6532297
Germany,594890714.6,11551455831,67.82476363
UK,256933989.7,2134766406,40.36586612
USA,190856938.1,3168349666,61.19514295
USA,1240328534,70092508090,39.11856871
USA,341774078.4,12904790288,61.58970956
Germany,409530614.1,12487572604,72.00620862
South Korea,6350384.811,214782530.8,17.04783663
Germany,241463612.2,6220748061,59.41238909
UK,209765216.8,3928366226,52.24391977
South Korea,1602316141,78878167246,76.29114945
USA,122783120.7,1878664047,40.30643932
USA,50711336.95,2020865990,28.82661486
Sweden,299532002,3496585495,38.39025555
France,735292526.5,54613703868,78.22473196
USA,71837590.26,809995212.3,35.34380687
USA,244101488,7634661861,45.30929061
USA,931580220.5,45294987802,37.72812735
USA,57398544.26,712134574.1,38.30344912
France,102752879.9,8011058862,25.61443729
USA,308032636.3,23351232895,36.15464774
USA,352386066.1,4917584970,22.31707823
USA,335284197.8,5398896387,47.19513721
USA,23089180.96,295850361.7,5.747384415
Canada,1291209309,45275587568,35.88144742
USA,287716316.1,4716656938,43.46342836
USA,314091445.2,9641514157,22.79381759
UK,971048929.5,74811476884,45.04967014
Sweden,129437316,1847676686,19.09756472
Canada,1112546770,35289408047,81.80946359
France,200362994.6,2133406782,11.58536651
USA,117542205.3,1870437208,43.20629082
USA,370261683.2,8649106943,35.65980217
Australia,778695864.8,16077177194,17.02886681
Canada,2006111277,33395094183,56.49908571
USA,126424837.9,4988586404,20.5365897
USA,162743851.5,5601781598,33.34147299
USA,60244531.83,563355212.6,9.035875799
USA,1127174965,23909243054,54.04408768
Canada,51317878.49,1263044277,30.08222066
USA,251343644.2,1979397234,45.8780635
USA,810813835.3,19309736203,22.15083899
UK,2002865364,50953508409,76.09561863
USA,158538344.4,6485489103,22.85366382
USA,2014238895,49727627465,67.68779353
USA,747859679.2,23785858115,70.25141979
USA,1983216845,74894625283,26.66977341
USA,702631022,9946462942,70.47218738
UK,64765532.77,1699472607,26.82362465
USA,515308257.8,8028507129,54.41444893
France,140993288.9,864670439.2,61.41257493
Australia,59037222.79,823654223.1,47.42153886
USA,372472238.7,23497100047,70.99177522
USA,104149365.6,14050172705,45.85362073
USA,1352602629,50641585906,43.8113083
USA,1636374231,34895717446,34.86034205
USA,77383452.95,938571031.3,8.587445156
USA,1707314007,85301945798,61.93049727
USA,167641206.9,14334629383,73.31754935
USA,1201673206,39832173764,57.41156285
USA,275153122.1,10581729336,36.45155507
Sweden,116506254.6,2629929752,26.28550788
USA,201424589.2,4090959280,65.85368145
Netherlands,588647268,17217416130,74.23301364
USA,230795158,12146686269,58.24950203
Australia,69410330.94,1827312205,48.07923714
USA,125605810.8,4171743191,17.17073466
USA,170098871.3,4583938330,52.19513926
Germany,230909888.4,2573035957,43.82928217
USA,259020807.1,11479890888,29.52371722
UK,51847323.08,2033827444,16.98804587
USA,1075869298,69519288174,22.1073877
USA,1601420403,37002237270,80.98388904
Japan,172068241.8,3635858428,55.82928709
USA,1347978968,81555124267,24.99689865
USA,243771509,1590718517,26.46342139
USA,77697955.35,1709465348,43.9835706
USA,564797527.9,43348552585,82.50468427
USA,724709424.4,13508100804,44.39382632
Japan,682534154.6,56584447720,78.76787312
France,366641795.1,13292127471,21.30928091
USA,657937521,12788086729,23.28866315
USA,946381683.3,43784584314,70.33832237
USA,184675814.7,2658089845,29.90244719
Netherlands,111149604.3,2484092879,30.24391075
South Korea,559506301.9,17114511089,55.20620183
USA,1348019097,75014145599,42.05153095
